state,institution,city,specialty,program_code,quota_2026,filled_2026,quota_2025,filled_2025,quota_2024,filled_2024,quota_2023,filled_2023,quota_2022,filled_2022
Alabama,Baptist Health-AL,Birmingham,Internal Medicine,1903140C0,10,10,10,9,10,10,10,10,10,8
Alabama,Baptist Health-AL,Birmingham,Medicine-Preliminary,1903140P0,5,5,4,4,3,3,4,2,,
Alabama,Baptist Health-AL,Birmingham,Radiology-Diagnostic,1903420C0,4,4,4,4,4,4,4,4,4,4
Alabama,Baptist Health-AL,Birmingham,General Surgery,1903440C0,5,5,5,5,5,5,5,5,5,5
Alabama,Baptist Health-AL,Birmingham,Surgery-Preliminary,1903440P0,5,4,5,3,5,4,3,1,3,3
Alabama,Transitional,,Transitional/UAB RadOnc,1903999P1,1,1,1,1,,,,,,
Alabama,Montgomery,,Family Medicine,3082120C0,8,8,8,8,8,8,8,8,8,8
Alabama,Birmingham,,Med-Prelim/UAB PM&R,1903140P1,,,,,,,,,4,4
Alabama,Birmingham,,Pathology,1903300C0,,,,,,,,,2,1
Alabama,Centreville,,Family Medicine/Rural,1590120C0,5,2,5,5,5,1,5,5,5,5
Alabama,Centreville,,Family Medicine/Urban,1590120C1,7,7,7,7,7,7,7,7,7,7
Alabama,Centreville,,Family Medicine/Frontier,1590120C2,4,3,4,4,4,4,4,4,4,4
Alabama,Centreville,,Family Medicine/Highlands,1590120C3,4,4,4,4,4,3,4,4,,
Alabama,Crestwood Med Ctr,Huntsville,Family Medicine,2345120C0,,,,,,,8,8,,
Alabama,Crestwood Med Ctr,Huntsville,Internal Medicine,2345140C0,,,,,,,12,12,,
Alabama,East Alabama Med Ctr,Opelika,Internal Medicine,2265140C0,14,4,15,7,10,10,10,10,10,10
Alabama,East Alabama Med Ctr,Opelika,Psychiatry,2265400C0,6,3,8,8,,,,,,
Alabama,Mobile,,Family Medicine,2500120C0,4,4,,,,,,,,
Alabama,Gadsden,,Family Medicine,2315120C0,,,,,,,,,6,6
Alabama,Phenix City,,Orthopaedic Surgery,2233260C0,3,3,3,3,3,3,3,3,3,3
Alabama,Montgomery,,Family Medicine,2357120C0,,,6,0,6,6,6,6,,
Alabama,Mobile,,Internal Medicine,2405140C0,26,26,21,21,25,25,,,,
Alabama,Mobile,,Medicine-Primary,2405140M0,2,2,2,2,,,,,,
Alabama,Mobile,,Med-Primary/Hospitalist,2405140M1,3,3,2,2,,,,,,
Alabama,Mobile,,Medicine-Preliminary,2405140P0,5,0,10,2,10,6,,,,
Alabama,North Alabama Med Ctr,Florence,Internal Medicine,2239140C0,16,16,18,18,19,19,19,13,12,12
Alabama,North Alabama Med Ctr,Florence,Psychiatry,2239400C0,5,5,6,6,5,5,,,,
Alabama,South Baldwin Reg Med Ctr-AL,Foley,Family Medicine,2143120C0,,,,,,,,,11,11
Alabama,Southeast Health-AL,Dothan,Internal Medicine,2132140C0,16,14,16,16,16,16,16,16,16,16
Alabama,Southeast Health-AL,Dothan,Transitional,2132999P0,12,7,12,8,12,10,12,7,12,12
Alabama,Fairhope,,Internal Medicine,2271140C0,14,2,14,4,14,7,14,10,14,7
Alabama,Tuscaloosa,,Family Medicine,2955120C0,17,16,16,8,16,11,16,14,16,16
Alabama,Tuscaloosa,,Psychiatry,2955400C0,6,3,,,,,,,,
Alabama,Birmingham,,Anesthesiology,1007040C0,20,20,21,21,20,20,20,20,21,21
Alabama,Birmingham,,Anesthesiology/Research,1007040C1,1,1,,,1,1,1,1,,
Alabama,Birmingham,,Dermatology,1007080A0,5,5,5,5,5,5,5,5,5,5
Alabama,Birmingham,,Dermatology/Rural,1007080A2,1,1,,,,,1,1,,
Alabama,Birmingham,,Emergency Medicine,1007110C0,12,12,12,12,12,12,12,12,12,12
Alabama,Birmingham,Internal Medicine,Int Med/ABIM Research Pathway,1007140C2,1,0,2,2,1,0,1,1,2,2
Alabama,Birmingham,Internal Medicine,Neurological Surgery,1007160C0,3,3,3,3,3,3,3,3,3,3
Alabama,Birmingham,Internal Medicine,Neurology,1007180C0,10,10,10,10,9,9,9,9,9,9
Alabama,Birmingham,Internal Medicine,Child Neurology,1007185C0,2,2,2,1,2,2,2,2,2,2
Alabama,U Alabama Hospital-Birmingham,Birmingham,Obstetrics-Gynecology,1007220C0,8,8,8,8,8,8,8,8,8,8
Alabama,U Alabama Hospital-Birmingham,Birmingham,Orthopaedic Surgery,1007260C0,6,6,6,6,6,6,6,6,6,6
Alabama,Otolaryngology,,Pathology,1007300C0,7,7,6,6,7,7,6,6,7,7
Alabama,Otolaryngology,,Pathology/AP or CP,1007300C2,,,1,1,,,,,,
Alabama,Otolaryngology,,Pediatrics,1007320C0,26,26,26,26,24,24,24,24,25,25
Alabama,Otolaryngology,,Phys Medicine & Rehab,1007340C0,4,4,4,4,4,4,4,4,,
Alabama,Otolaryngology,,Plastic Surgery (Integrated),1007362C0,2,2,2,2,2,2,2,2,1,1
Alabama,Otolaryngology,Psychiatry,Psychiatry/Research,1007400C1,,,1,1,2,2,1,1,2,2
Alabama,Otolaryngology,Psychiatry,Interventional Radiology (Integ),1007416A0,2,2,2,2,2,2,2,2,2,2
Alabama,Otolaryngology,Psychiatry,Radiology-Diagnostic,1007420A0,9,9,9,9,9,9,9,9,9,9
Alabama,Otolaryngology,Psychiatry,Radiology-Diagnostic,1007420R0,1,1,,,,,,,,
Alabama,Radiation Oncology,,General Surgery,1007440C0,7,7,6,6,6,6,6,6,7,7
Alabama,Radiation Oncology,,Gen Surg/Integ 4/3 CT Surgery,1007440C1,1,1,1,1,1,1,1,1,1,1
Alabama,Radiation Oncology,,Surgery-Preliminary,1007440P2,2,0,2,2,2,0,1,1,1,1
Alabama,Radiation Oncology,,Vascular Surgery,1007451C0,1,1,1,1,1,1,1,1,1,1
Alabama,Radiation Oncology,,Medicine-Pediatrics,1007700C0,4,4,4,4,4,4,4,4,4,4
Alabama,Radiation Oncology,Pediatrics-Medical Genetics,Medicine-Medical Genetics,1007766C0,,,1,1,,,1,0,1,0
Alabama,U Alabama Med Ctr-Birmingham,Birmingham,Dermatology/Alabama First Track,1007080R0,,,,,,,1,1,,
Alabama,Phys Medicine & Rehab,,Radiation Oncology,1007430R0,,,,,,,1,1,,
Alabama,Huntsville,,Family Medicine,2947120C0,12,12,12,12,12,11,12,12,12,12
Alabama,Huntsville,Internal Medicine,Medicine-Preliminary,2947140P0,1,0,1,1,,,,,,
Alabama,Huntsville,Internal Medicine,Psychiatry,2947400C0,6,6,6,6,,,,,,
Alabama,Internal Medicine,,Medicine-Preliminary,1009140P0,,,2,2,5,1,6,0,6,6
Alabama,Internal Medicine,,Psychiatry,1009400C0,3,3,3,3,,,,,,
Alabama,Mobile,Emergency Medicine,Family Medicine,1852120C0,6,4,6,3,6,4,6,2,6,3
Alabama,Mobile,Emergency Medicine,Internal Medicine,1852140C0,18,18,18,18,18,18,18,18,18,18
Alabama,Mobile,Emergency Medicine,Medicine-Preliminary,1852140P0,6,6,5,5,6,4,5,4,6,5
Alabama,Mobile,Emergency Medicine,Neurology,1852180C0,5,5,5,5,5,5,4,3,4,2
Alabama,Mobile,Emergency Medicine,Neurology,1852180R0,,,,,,,,,1,1
Alabama,Obstetrics-Gynecology,,Orthopaedic Surgery,1852260C0,3,3,3,3,3,3,3,3,3,3
Alabama,Obstetrics-Gynecology,,Pathology,1852300C0,2,2,4,4,3,3,3,3,3,3
Alabama,Obstetrics-Gynecology,,Pediatrics,1852320C0,12,11,12,12,12,10,12,12,12,12
Alabama,Mobile,,Psychiatry,1852400C0,5,5,5,5,5,5,5,5,5,5
Alabama,Mobile,,Radiology-Diagnostic,1852420A0,4,4,5,5,6,6,4,4,4,4
Alabama,Mobile,Radiology-Diagnostic,General Surgery,1852440C0,6,6,6,6,6,6,6,6,6,6
Alabama,Mobile,Radiology-Diagnostic,Surgery-Preliminary,1852440P0,3,1,4,2,4,2,4,2,4,1
Alabama,Mobile,Radiology-Diagnostic,Medicine-Pediatrics,1852700C0,2,2,2,2,2,2,2,2,3,3
Alabama,UAB Selma Fam Med Res-AL,Selma,Family Medicine,3061120C0,,,5,5,5,5,5,5,6,6
Alaska,Soldotna,,Medicine-Primary/Rural,2397140M0,2,0,2,2,2,2,,,,
Arizona,Abrazo Health Network-AZ,Phoenix,Emergency Medicine,2002110C0,7,7,7,7,6,6,8,5,6,6
Arizona,Abrazo Health Network-AZ,Phoenix,Family Medicine,2002120C0,7,0,7,2,7,7,7,7,7,6
Arizona,Abrazo Health Network-AZ,Phoenix,Internal Medicine,2002140C0,16,16,16,12,16,16,16,16,16,16
Arizona,General Surgery,,Transitional,2002999P0,12,12,12,12,15,15,15,14,13,13
Arizona,Phoenix,Neurological Surgery,Neurology,1012180C0,9,,9,9,9,9,7,7,7,
Arizona,Phoenix,Neurological Surgery,Neurology,1012180R0,,,,,,,1,1,,
Arizona,Emergency Medicine,,Family Medicine,2346120C0,8,8,6,5,6,6,6,6,,
Arizona,Emergency Medicine,,Internal Medicine,2346140C0,10,10,10,10,10,10,10,10,,
Arizona,Emergency Medicine,,Medicine-Preliminary,2346140P0,3,3,3,3,3,3,3,3,,
Arizona,Emergency Medicine,,Obstetrics-Gynecology,2346220C0,4,4,4,4,,,,,,
Arizona,Emergency Medicine,,General Surgery,2346440C0,3,3,3,3,3,3,3,3,,
Arizona,Creighton University SOM Phoenix-AZ,Phoenix,Anesthesiology,2154040C0,8,8,,,,,,,,
Arizona,Creighton University SOM Phoenix-AZ,Phoenix,Emergency Medicine,2154110C0,16,16,16,16,16,16,16,16,16,16
Arizona,Creighton University SOM Phoenix-AZ,Phoenix,Family Medicine,2154120C0,9,3,9,8,8,8,8,8,8,8
Arizona,Internal Medicine,,Medicine-Preliminary,2154140P0,7,7,7,7,7,7,7,5,7,5
Arizona,Internal Medicine,,Obstetrics-Gynecology,2154220C0,9,9,9,9,8,8,8,8,8,8
Arizona,Internal Medicine,,Ob-Gyn/Preliminary,2154220P0,,,,,1,1,1,1,1,1
Arizona,Internal Medicine,,Psychiatry,2154400C0,8,8,6,6,7,7,7,7,6,6
Arizona,Internal Medicine,,Radiology-Diagnostic,2154420A0,8,8,8,8,8,8,8,8,8,8
Arizona,Internal Medicine,General Surgery,Surgery-Preliminary,2154440P2,12,5,12,6,12,3,12,1,12,2
Arizona,El Rio Health-AZ,Tucson,Family Medicine,2413120C0,4,4,4,1,,,,,,
Arizona,Scottsdale,,Dermatology,1929080A0,2,2,2,2,2,2,2,2,2,2
Arizona,Scottsdale,,Family Medicine/Osborn,1929120C0,12,10,9,9,9,9,8,8,8,8
Arizona,Scottsdale,Family Med/Four Peaks Med Center,Internal Med/Thompson Peak,1929140C0,10,10,7,7,6,6,6,6,6,6
Arizona,Scottsdale,Family Med/Four Peaks Med Center,Internal Med/Four Peaks Med Center,1929140C1,5,5,,,,,,,,
Arizona,Scottsdale,Family Med/Four Peaks Med Center,Med-Prelim/PM&R,1929140P1,,,,,,,2,2,2,2
Arizona,Scottsdale,Family Med/Four Peaks Med Center,Med-Prelim/TP-Dermatology,1929140P2,2,2,2,2,2,2,2,1,2,2
Arizona,Phys Medicine & Rehab,,Phys Medicine & Rehab,1929340C0,4,4,4,4,4,4,,,,
Arizona,Phys Medicine & Rehab,,Phys Medicine & Rehab,1929340R0,,,,,,,2,1,,
Arizona,Phys Medicine & Rehab,,General Surgery/Lincoln,1929440C0,4,4,4,4,4,4,4,4,4,4
Arizona,Marana,,Family Medicine,2356120C0,4,4,,,4,4,4,4,,
Arizona,Scottsdale,,Anesthesiology,3200040A0,1,1,1,1,1,1,1,1,1,1
Arizona,Scottsdale,Anesthesiology,Anesthesiology,3200040R0,,,,,,,1,1,1,1
Arizona,Scottsdale,Anesthesiology,Dermatology,3200080C0,2,2,2,2,2,2,2,2,2,2
Arizona,Scottsdale,Anesthesiology,Internal Medicine,3200140C0,16,16,15,15,15,15,15,15,13,13
Arizona,Scottsdale,Anesthesiology,Neurological Surgery,3200160C0,1,1,1,1,1,1,1,1,1,1
Arizona,Scottsdale,Anesthesiology,Neurology,3200180C0,5,5,5,5,5,5,5,5,5,5
Arizona,Orthopaedic Surgery,,Otolaryngology,3200280C0,3,3,3,3,3,3,2,2,2,2
Arizona,Orthopaedic Surgery,,Plastic Surgery (Integrated),3200362C0,2,2,2,2,2,2,1,1,1,1
Arizona,Orthopaedic Surgery,,Interventional Radiology (Integ),3200416A0,1,1,1,1,,,,,,
Arizona,Orthopaedic Surgery,,Interventional Radiology (Integ),3200416R0,,,1,1,,,,,,
Arizona,Orthopaedic Surgery,,Radiology-Diagnostic,3200420A0,1,1,,,,,,,2,2
Arizona,Orthopaedic Surgery,Radiology-Diagnostic,Radiology-Diagnostic,3200420R0,,,,,,,2,2,,
Arizona,Orthopaedic Surgery,Radiology-Diagnostic,Radiation Oncology,3200430C0,1,1,1,1,1,1,1,1,1,0
Arizona,Orthopaedic Surgery,Radiology-Diagnostic,General Surgery,3200440C0,5,5,5,5,5,5,4,4,4,4
Arizona,Mayo Clinic School of Grad Med,Scottsdale,Surgery-Preliminary,3200440P0,4,4,4,4,4,4,3,3,1,1
Arizona,Midwestern University OPTI-AZ,Phoenix,Dermatology/Phoenix,2156080A0,2,2,,,,,,,,
Arizona,Midwestern University OPTI-AZ,Phoenix,Dermatology/Phoenix,2156080R0,2,2,,,,,,,,
Arizona,Midwestern University OPTI-AZ,Phoenix,Emergency Medicine/Kingman,2156110C0,6,6,6,6,6,6,6,4,6,6
Arizona,Midwestern University OPTI-AZ,Phoenix,Family Medicine/Sierra Vista,2156120C0,4,2,4,3,4,3,4,4,4,0
Arizona,Family Medicine/Kingman,,Family Medicine/Mesa,2156120C2,,,5,3,5,5,5,5,5,3
Arizona,Family Medicine/Kingman,,Internal Medicine/Cottonwood,2156140C0,6,6,6,6,5,4,5,4,5,5
Arizona,Family Medicine/Kingman,,Internal Medicine/Mesa,2156140C1,,,5,5,5,5,5,5,5,5
Arizona,Family Medicine/Kingman,,Internal Medicine/Sierra Vista,2156140C2,6,5,6,4,5,5,5,2,5,5
Arizona,Family Medicine/Kingman,,General Surgery/Mesa,2156440C0,,,3,3,3,3,3,3,2,2
Arizona,Flagstaff,,Family Medicine,2243120C0,4,0,4,1,4,4,4,4,4,4
Arizona,Yuma,,Family Medicine,1488120C1,12,12,12,12,10,9,8,5,8,7
Arizona,Yuma,,Psychiatry,1488400C0,4,0,,,,,,,,
Arizona,Phoenix,Child Neurology,Child Neurology,2952185R0,,,,,1,0,2,0,,
Arizona,Phoenix,Child Neurology,Pediatrics,2952320C0,36,36,36,36,36,36,36,36,36,36
Arizona,Phoenix,Child Neurology,Pediatrics-Medical Genetics,2952765C0,1,0,1,0,,,,,,
Arizona,Tucson Hospitals Med Ed-AZ,Tucson,Internal Medicine,1014140C0,10,10,10,10,6,6,6,6,,
Arizona,Tucson Hospitals Med Ed-AZ,Tucson,Neurology,1014180C0,2,2,,,,,,,,
Arizona,Tucson Hospitals Med Ed-AZ,Tucson,Pediatrics,1014320C0,6,4,6,6,4,3,4,4,4,4
Arizona,Tucson Hospitals Med Ed-AZ,Tucson,Transitional,1014999P0,11,11,13,13,13,13,13,13,13,13
Arizona,U Arizona COM-Phoenix,Phoenix,Family Medicine,1011120C0,8,8,8,7,8,8,8,8,8,8
Arizona,U Arizona COM-Phoenix,Phoenix,Family Medicine/Payson,1011120C1,2,1,2,1,6,3,,,,
Arizona,U Arizona COM-Phoenix,Phoenix,Family Med/Banner Desert,1011120C2,6,6,6,6,,,,,,
Arizona,Internal Medicine,,Internal Med/Banner Desert,1011140C2,18,18,18,18,,,,,,
Arizona,Internal Medicine,,Internal Med/Banner Del Webb,1011140C3,20,20,20,20,,,,,,
Arizona,Internal Medicine,,Int Med/Banner Desert-Rural,1011140C4,2,2,2,2,,,,,,
Arizona,Internal Medicine,,Medicine-Primary,1011140M0,1,1,2,2,1,1,2,2,2,2
Arizona,Internal Medicine,,Medicine-Preliminary,1011140P0,8,8,8,8,8,8,8,6,8,8
Arizona,Internal Medicine,Neurological Surgery,Neurology,1011180C0,4,4,4,4,4,4,3,3,3,3
Arizona,U Arizona COM-Phoenix (Continued),Phoenix,Obstetrics-Gynecology,1011220C0,9,9,9,9,9,9,9,9,9,9
Arizona,U Arizona COM-Phoenix (Continued),Phoenix,Orthopaedic Surgery,1011260C0,4,4,4,4,4,4,4,4,4,4
Arizona,Psychiatry,,Psychiatry/Research,1011400C1,1,1,,,,,,,,
Arizona,Psychiatry,,Interventional Radiology (Integ),1011416A0,2,2,2,2,2,2,2,2,2,2
Arizona,Psychiatry,,General Surgery,1011440C0,7,7,7,7,7,7,7,7,7,7
Arizona,Psychiatry,,General Surgery/Rural,1011440C1,1,1,1,1,1,1,1,1,1,1
Arizona,Psychiatry,,Surgery-Preliminary,1011440P1,5,1,5,1,5,3,5,3,5,3
Arizona,U Arizona COM-South Campus,Tucson,Emergency Medicine,1371110C0,,,8,8,7,7,6,6,6,6
Arizona,U Arizona COM-South Campus,Tucson,Family Medicine,1371120C0,,,8,4,8,8,8,8,8,6
Arizona,U Arizona COM-Tucson,Tucson,Anesthesiology,1015040A0,6,6,6,6,6,6,6,6,12,12
Arizona,U Arizona COM-Tucson,Tucson,Anesthesiology,1015040C0,6,6,6,6,6,6,6,6,,
Arizona,U Arizona COM-Tucson,Tucson,Anesthesiology,1015040R0,1,1,1,1,1,1,1,1,2,2
Arizona,Dermatology,,Emergency Medicine,1015110C0,14,14,14,14,14,14,15,15,15,15
Arizona,Dermatology,,Emergency Med/South Campus,1015110C1,8,8,,,,,,,,
Arizona,Dermatology,,Family Medicine/Alvernon,1015120C0,8,8,8,6,8,8,8,8,8,8
Arizona,Dermatology,,Family Med/South Campus,1015120C1,8,5,,,,,,,,
Arizona,Dermatology,Internal Medicine,Medicine-Preliminary,1015140P0,4,4,4,4,4,3,4,4,7,6
Arizona,Dermatology,Internal Medicine,Neurological Surgery,1015160C0,2,2,2,2,1,1,1,1,1,1
Arizona,Dermatology,Internal Medicine,Neurology,1015180C0,6,6,6,6,6,6,6,6,6,6
Arizona,Dermatology,Internal Medicine,Obstetrics-Gynecology,1015220C0,5,5,5,5,4,4,4,4,4,4
Arizona,Dermatology,Internal Medicine,Orthopaedic Surgery,1015260C0,5,5,4,4,4,4,4,4,4,4
Arizona,Otolaryngology,,Pathology,1015300C0,4,4,3,3,5,5,4,4,4,4
Arizona,Otolaryngology,,Pediatrics,1015320C0,16,16,16,12,16,9,14,14,14,14
Arizona,Otolaryngology,,Psychiatry,1015400C0,12,12,12,12,12,12,12,12,12,12
Arizona,Otolaryngology,,Interventional Radiology (Integ),1015416A0,3,3,3,3,1,1,1,1,1,1
Arizona,Otolaryngology,,Interventional Radiology (Integ),1015416R0,,,2,2,,,,,,
Arizona,Otolaryngology,Radiology-Diagnostic,Radiation Oncology,1015430A0,1,1,2,2,1,1,1,1,1,1
Arizona,Otolaryngology,Radiology-Diagnostic,General Surgery,1015440C0,10,10,10,10,8,8,8,8,8,8
Arizona,Otolaryngology,Radiology-Diagnostic,Surgery-Preliminary,1015440P0,12,12,12,12,12,12,8,7,8,8
Arizona,Otolaryngology,Radiology-Diagnostic,Vascular Surgery,1015451C0,1,1,1,1,1,1,1,1,1,1
Arkansas,Arkansas Coll Osteo Med,Fort Smith,Family Medicine/Mercy-Ft Smith,2295120C0,10,10,10,10,8,8,8,4,8,8
Arkansas,Internal Medicine/Poplar Bluff,,Internal Medicine/Mercy-Ft Smith,2295140C1,13,13,13,13,13,13,8,8,8,8
Arkansas,Internal Medicine/Poplar Bluff,,Internal Medicine/Hunt Regional,2295140C2,8,4,8,8,,,,,,
Arkansas,Internal Medicine/Poplar Bluff,,Transitional/Mercy-Ft Smith,2295999P0,12,10,12,8,,,,,,
Arkansas,North Little Rock,,Family Medicine,2198120C0,12,5,12,8,11,11,12,9,12,11
Arkansas,North Little Rock,,Internal Medicine,2198140C0,15,9,15,15,15,15,15,13,12,12
Arkansas,North Little Rock,Psychiatry,Transitional,2198999P0,12,12,12,12,12,12,12,12,12,6
Arkansas,Baptist Mem Med Education-AR,Jonesboro,Internal Medicine,2269140C0,8,3,8,6,8,4,8,8,8,8
Arkansas,CHI St Vincent Hot Springs-AR,Hot Springs,Internal Medicine,2277140C0,12,12,12,12,12,11,6,3,6,6
Arkansas,Conway Reg Health Sys-AR,Conway,Family Medicine,2250120C0,4,4,4,4,4,4,5,5,4,4
Arkansas,Conway Reg Health Sys-AR,Conway,Family Medicine/Rural,2250120C1,2,1,2,2,2,1,2,2,,
Arkansas,Conway Reg Health Sys-AR,Conway,Internal Medicine,2250140C0,5,1,5,5,5,5,5,5,5,5
Arkansas,St Bernards Med Ctr-AR,Jonesboro,Internal Medicine,2214140C0,8,8,8,8,8,8,8,8,8,7
Arkansas,U Arkansas COM-Fayetteville,Fayetteville,Internal Medicine,1871140C0,10,10,10,10,11,9,11,8,11,11
Arkansas,U Arkansas COM-Little Rock,Little Rock,Anesthesiology,1018040C0,13,13,13,13,13,13,13,13,13,13
Arkansas,U Arkansas COM-Little Rock,Little Rock,Anesthesiology,1018040R0,1,1,2,2,2,2,1,1,1,1
Arkansas,U Arkansas COM-Little Rock,Little Rock,Dermatology,1018080A0,3,3,3,3,,,,,,
Arkansas,Dermatology,,Emergency Medicine,1018110C0,11,11,10,10,10,10,10,5,12,11
Arkansas,Dermatology,,Family Medicine,1018120C0,6,6,6,6,6,6,6,6,6,6
Arkansas,Dermatology,,Internal Medicine,1018140C0,22,22,22,22,21,21,21,21,21,21
Arkansas,Dermatology,,Neurological Surgery,1018160C0,2,2,2,2,2,2,2,2,2,2
Arkansas,Dermatology,,Neurology,1018180C0,6,6,4,4,4,4,4,4,4,4
Arkansas,Dermatology,Child Neurology,Obstetrics-Gynecology,1018220C0,5,5,5,5,5,5,5,5,5,5
Arkansas,Dermatology,Child Neurology,Orthopaedic Surgery,1018260C0,5,5,5,5,5,5,5,5,5,5
Arkansas,Dermatology,Child Neurology,Otolaryngology,1018280C0,3,3,3,3,3,3,3,3,3,3
Arkansas,Dermatology,Child Neurology,Pathology,1018300C0,5,5,4,4,4,4,4,4,5,5
Arkansas,Pediatrics,,Phys Medicine & Rehab,1018340C0,4,4,4,4,4,4,4,4,4,4
Arkansas,Pediatrics,,Psychiatry,1018400C0,8,8,8,8,8,8,8,8,8,8
Arkansas,Pediatrics,,Interventional Radiology (Integ),1018416C0,2,0,,,1,1,1,1,,
Arkansas,Pediatrics,,Interventional Radiology (Integ),1018416R0,,,,,,,1,1,,
Arkansas,Pediatrics,,Radiology-Diagnostic,1018420C0,7,7,7,7,7,7,7,7,7,7
Arkansas,Pediatrics,Rad-Diag/NuRad,Radiation Oncology,1018430A0,,,1,1,1,0,1,1,1,0
Arkansas,U Arkansas COM-Little Rock (Continued),Little Rock,General Surgery,1018440C0,5,5,5,5,5,5,5,5,5,5
Arkansas,U Arkansas COM-Little Rock (Continued),Little Rock,Surgery-Preliminary,1018440P0,5,0,6,3,5,2,5,0,,
Arkansas,Vascular Surgery,,Medicine-Pediatrics,1018700C0,5,5,5,5,5,5,4,4,5,5
Arkansas,Fayetteville,,Emergency Medicine,1582110C0,6,6,,,,,,,,
Arkansas,Fayetteville,Family Medicine/Fayetteville,Family Medicine/Fort Smith,1582120C1,9,9,9,9,9,5,9,7,9,9
Arkansas,Fayetteville,Family Medicine/Fayetteville,Family Medicine/Jonesboro,1582120C2,8,5,8,6,8,3,8,3,8,5
Arkansas,Fayetteville,Family Medicine/Fayetteville,Family Medicine/Pine Bluff,1582120C4,9,9,9,9,9,9,9,7,9,9
Arkansas,Fayetteville,Family Medicine/Fayetteville,Family Medicine/Texarkana,1582120C5,8,7,8,8,8,5,8,8,8,8
Arkansas,Fayetteville,Family Medicine/Fayetteville,Family Medicine/Batesville,1582120C6,6,3,6,4,6,2,6,6,6,4
Arkansas,Family Medicine/Berryville,,Family Med/Rural/Crossett,1582120C8,3,0,3,1,3,1,,,,
Arkansas,Family Medicine/Berryville,,Family Med/Rural/Eldorado,1582120C9,4,1,,,,,,,,
Arkansas,Family Medicine/Berryville,,Internal Medicine,1582140C0,9,9,8,8,8,8,8,8,,
Arkansas,Family Medicine/Berryville,,Neurology,1582180C0,2,2,,,,,,,,
Arkansas,Searcy,,Emergency Medicine,2104110C0,6,6,6,2,6,6,6,2,6,1
Arkansas,Searcy,,Family Medicine,2104120C0,6,2,6,2,6,2,6,4,6,3
Arkansas,Searcy,,Internal Medicine,2104140C0,12,12,12,12,12,3,11,5,12,7
Arkansas,Searcy,Psychiatry,Transitional,2104999P0,,,,,13,1,16,6,13,8
Arkansas,White River Health System-AR,Batesville,Internal Medicine,1991140C0,,,,,10,10,10,10,10,10
California,Adventist Health Glendale-CA,Glendale,Family Medicine,1023120C0,8,8,8,2,8,8,8,8,8,8
California,Adventist Health Hanford-CA,Hanford,Family Medicine,2029120C0,6,6,6,6,6,6,6,6,6,6
California,Adventist Health Hanford-CA,Hanford,Family Medicine/Tulare,2029120C1,10,10,10,10,10,10,6,6,6,6
California,Adventist Health Hanford-CA,Hanford,Family Medicine/Sonora RTT,2029120C2,4,4,4,0,4,2,4,4,,
California,Adventist Health Hanford-CA,Hanford,Internal Medicine,2029140C0,4,2,4,4,4,4,,,,
California,Ukiah,,Family Medicine,2180120C0,6,5,6,5,6,6,6,6,7,2
California,Los Angeles,,Family Medicine,1040120C0,8,5,8,5,8,8,8,3,8,8
California,Los Angeles,,Internal Medicine,1040140C0,6,6,6,6,6,6,6,6,6,6
California,Los Angeles,Medicine-Preliminary,Obstetrics-Gynecology,1040220C0,5,5,5,5,5,5,5,5,5,5
California,Alameda Health Sys Highland,Oakland,Emergency Medicine,1041110C0,12,12,12,12,11,11,12,12,11,11
California,Internal Medicine,,Medicine-Primary,1041140M0,5,5,5,5,5,5,5,5,5,5
California,Internal Medicine,,Medicine-Preliminary,1041140P0,10,10,10,10,10,10,11,10,12,12
California,Arrowhead Reg Med Ctr-CA,Colton,Anesthesiology,1047040C0,5,5,5,5,,,,,,
California,Arrowhead Reg Med Ctr-CA,Colton,Emergency Medicine,1047110C0,11,11,10,10,11,11,11,8,8,8
California,Family Medicine,,Internal Medicine,1047140C0,13,13,16,16,16,16,15,15,16,16
California,Family Medicine,,Neurology,1047180C0,2,2,4,4,2,2,3,3,2,0
California,Family Medicine,,Obstetrics-Gynecology,1047220C0,3,3,2,2,4,4,3,3,3,3
California,Family Medicine,,Psychiatry,1047400C0,6,6,6,6,7,7,6,6,6,6
California,Family Medicine,Radiology-Diagnostic,General Surgery,1047440C0,5,,5,5,5,5,5,5,5,
California,Family Medicine,Radiology-Diagnostic,Surgery-Preliminary,1047440P0,4,3,2,1,2,0,2,1,2,2
California,Family Medicine,Radiology-Diagnostic,Vascular Surgery,1047451C0,1,1,1,1,,,,,,
California,Family Medicine,Radiology-Diagnostic,Emergency Med/Internal Med,1047705C0,2,2,2,2,,,,,,
California,CA Pacific Med Center,San Francisco,Internal Medicine,1061140C0,,,15,15,14,14,14,14,14,14
California,CA Pacific Med Center,San Francisco,Medicine-Preliminary,1061140P0,,,8,8,12,7,12,12,9,9
California,CA Pacific Med Center,San Francisco,Med-Prelim/Neurology,1061140P1,,,2,2,,,,,1,1
California,CA Pacific Med Center,San Francisco,Med-Prelim/Ophthalmology,1061140P2,,,,,3,3,3,3,3,3
California,Med-Prelim/Anesthesiology,,Psychiatry,1061400C0,,,5,5,5,5,4,4,4,4
California,Sacremento,,Public Health & Prev Med/2yr-MPH,2414380R0,2,1,3,3,,,,,,
California,Pomona,,Phys Medicine & Rehab,2151340A0,3,3,3,3,3,3,3,3,3,3
California,West Hollywood,,Anesthesiology,1030040C0,17,17,17,17,17,17,14,14,14,14
California,West Hollywood,,Internal Medicine,1030140C0,25,25,21,21,22,22,22,22,22,22
California,West Hollywood,,Internal Medicine/PSTP,1030140C1,2,2,2,2,2,2,2,1,2,2
California,West Hollywood,,Medicine-Primary,1030140M0,5,5,7,7,7,7,7,7,7,7
California,West Hollywood,Medicine-Preliminary,Med-Prelim/Neurology,1030140P1,5,5,5,5,4,4,5,5,5,5
California,West Hollywood,Medicine-Preliminary,Neurological Surgery,1030160C0,2,2,2,2,2,2,2,2,2,2
California,West Hollywood,Medicine-Preliminary,Neurology,1030180A0,5,5,4,4,4,4,5,5,4,4
California,West Hollywood,Medicine-Preliminary,Neurology/PSTP,1030180A1,,,1,1,1,1,,,1,1
California,West Hollywood,Medicine-Preliminary,Obstetrics-Gynecology,1030220C0,7,7,7,7,7,7,7,7,7,7
California,Orthopaedic Surgery,,Otolaryngology,1030280C0,2,2,2,2,2,2,2,2,2,2
California,Orthopaedic Surgery,,Pathology,1030300C0,4,4,4,4,4,4,4,4,4,4
California,Orthopaedic Surgery,,Pathology/Phys Scientist,1030300C1,1,0,,,,,,,1,0
California,Orthopaedic Surgery,,Pediatrics,1030320C0,8,8,8,8,8,8,,,,
California,Orthopaedic Surgery,Radiology-Diagnostic,Radiation Oncology,1030430A0,1,1,1,1,1,1,1,1,1,1
California,Orthopaedic Surgery,Radiology-Diagnostic,General Surgery,1030440C0,6,6,6,6,6,6,6,6,6,6
California,Orthopaedic Surgery,Radiology-Diagnostic,Surgery-Preliminary,1030440P0,,,,,3,3,,,1,1
California,Orthopaedic Surgery,Radiology-Diagnostic,Thoracic Surgery,1030461C0,2,2,2,2,2,2,2,2,2,2
California,Central Neighborhood Health Fdn-CA,Los Angeles,Family Medicine,2487120C0,4,0,,,,,,,,
California,Family Medicine,,Internal Medicine,2114140C0,8,8,8,8,8,8,8,8,8,8
California,Family Medicine,,Phys Medicine and Rehab,2114340A0,3,3,,,,,,,,
California,Family Medicine,,Phys Medicine & Rehab,2114340R0,3,3,3,3,,,,,,
California,Family Medicine,,Psychiatry,2114400C0,6,6,6,6,6,6,6,6,6,6
California,Los Angeles,,Child Neurology,1031185C0,4,4,3,3,3,3,3,3,3,3
California,Los Angeles,,Child Neurology,1031185R0,2,1,1,1,1,1,,,,
California,Los Angeles,,Pediatrics,1031320C0,35,35,36,33,35,35,35,35,35,35
California,Duarte,,Radiation Oncology,1183430A0,2,2,2,2,1,1,2,2,1,1
California,College Med Ctr-CA,Long Beach,Internal Medicine,2133140C0,,,5,2,,,5,1,5,2
California,Community Mem Health Sys-CA,Ventura,Family Medicine,2018120C0,8,8,8,8,8,8,8,8,8,6
California,Community Mem Health Sys-CA,Ventura,Internal Medicine,2018140C0,8,8,8,8,8,6,8,8,8,8
California,Community Mem Health Sys-CA,Ventura,Orthopaedic Surgery,2018260C0,4,4,4,4,4,4,4,4,4,4
California,Community Mem Health Sys-CA,Ventura,Psychiatry,2018400C0,4,4,4,4,4,4,4,4,4,4
California,Martinez,,Family Medicine,2071120C0,13,13,13,13,13,13,13,13,13,13
California,Palm Springs,,Emergency Medicine,2131110C0,10,10,10,10,10,10,10,9,10,10
California,Palm Springs,,Family Medicine,2131120C0,8,0,8,8,12,12,10,10,10,10
California,Palm Springs,,Internal Medicine,2131140C0,6,4,6,6,,,,,,
California,Palm Springs,,General Surgery,2131440C0,4,4,3,3,3,3,3,3,,
California,Dignity Methodist Hosp-Sacramento-CA,Sacramento,Family Medicine,1140120C0,8,8,8,6,8,8,8,8,8,8
California,Dignity Methodist Hosp-Sacramento-CA,Sacramento,Family Medicine/Sierra Nevada,1140120C1,2,2,2,2,2,2,2,2,,
California,Dignity Northridge Hosp Med Ctr-CA,Northridge,Family Medicine,3036120C1,8,8,8,8,8,8,8,8,8,8
California,Eisenhower Med Ctr-CA,Rancho Mirage,Emergency Medicine,1485110C0,10,10,10,10,10,10,8,8,8,8
California,Eisenhower Med Ctr-CA,Rancho Mirage,Family Medicine,1485120C0,12,7,12,8,12,11,12,12,12,12
California,Eisenhower Med Ctr-CA,Rancho Mirage,Internal Medicine,1485140C0,20,20,20,20,20,20,20,20,20,20
California,Eisenhower Med Ctr-CA,Rancho Mirage,Psychiatry,1485400C0,4,4,,,,,,,,
California,Emanate Health-CA,West Covina,Family Medicine,1974120C0,8,8,8,8,8,7,8,8,8,8
California,Family Medicine,,Psychiatry/Adult,1682400C0,6,6,6,6,4,4,,,,
California,Los Angeles,,Family Medicine,2448120C0,4,2,4,4,,,,,,
California,Torrance,,Anesthesiology,1067040C0,9,9,9,9,9,9,9,9,9,9
California,Torrance,,Dermatology,1067080A0,2,2,2,2,2,2,2,2,1,1
California,Torrance,,Emergency Medicine,1067110C0,16,16,16,16,16,16,16,16,16,16
California,Torrance,,Family Medicine,1067120C0,12,12,12,12,12,12,12,12,12,12
California,Torrance,Internal Medicine,Medicine-Preliminary,1067140P0,10,10,11,11,11,8,10,10,10,7
California,Torrance,Internal Medicine,Med-Prelim/Radiology,1067140P1,2,2,1,1,1,1,2,2,2,2
California,Torrance,Internal Medicine,Neurology,1067180C0,5,5,5,5,5,5,5,5,4,4
California,Torrance,Internal Medicine,Obstetrics-Gynecology,1067220C0,6,6,6,6,6,6,6,6,5,5
California,Torrance,Internal Medicine,Orthopaedic Surgery,1067260C0,5,5,5,5,5,5,5,5,5,5
California,Pathology,,Pediatrics,1067320C0,10,10,10,10,10,10,10,10,10,10
California,Pathology,,Psychiatry,1067400C0,8,8,8,8,7,7,7,7,7,7
California,Pathology,,Radiology-Diagnostic,1067420A0,6,6,6,6,6,6,6,6,6,6
California,Pathology,,General Surgery,1067440C0,6,6,6,6,6,6,6,6,6,6
California,Pathology,Surgery-Preliminary,Vascular Surgery,1067451C0,1,1,1,1,1,1,1,1,1,1
California,Healthy Rural California,Chico,Family Medicine,2396120C0,6,6,4,3,,,,,,
California,Pasadena,,Internal Medicine,1044140C0,9,9,8,8,8,8,8,8,8,8
California,Pasadena,,Medicine-Preliminary,1044140P0,3,3,4,3,4,4,5,5,6,6
California,Imperial Cnty Behavioral Hlth-CA,El Centro,Psychiatry,2469400C0,4,4,,,,,,,,
California,John Muir Health-CA,Walnut Creek,Family Medicine,1917120C0,8,8,8,8,8,8,8,8,8,8
California,Radiology-Diagnostic,,Radiology-Diagnostic,2124420R0,,,3,3,,,,,,
California,Radiology-Diagnostic,,Transitional,2124999P0,15,15,15,15,18,18,15,15,15,11
California,Kaiser Permanente-Fontana-CA,Fontana,Family Medicine,2037120C0,9,9,9,9,9,9,9,9,9,9
California,Kaiser Permanente-Fontana-CA,Fontana,Internal Medicine,2037140C0,9,9,8,8,8,8,8,8,8,8
California,Medicine-Preliminary,,Psychiatry,2037400C0,6,6,6,6,6,6,6,6,6,6
California,Pasadena,,Dermatology,2055080C0,2,2,2,2,2,2,2,2,2,2
California,Pasadena,Family Med/LA Med Ctr,Internal Medicine,2055140C0,13,13,12,12,12,12,11,11,11,11
California,Pasadena,Family Med/LA Med Ctr,Internal Med/Research,2055140C2,1,1,1,1,1,1,1,1,1,1
California,Pasadena,Family Med/LA Med Ctr,Medicine-Preliminary,2055140P0,3,3,3,2,5,5,6,6,6,6
California,Pasadena,Family Med/LA Med Ctr,Neurology,2055180C0,4,4,3,3,3,3,3,3,3,3
California,Pasadena,Family Med/LA Med Ctr,Obstetrics-Gynecology,2055220C0,5,5,5,5,5,5,5,5,5,5
California,Pediatrics,,Interventional Radiology (Integ),2055416C0,2,2,1,1,1,1,1,1,1,1
California,Pediatrics,,Radiology-Diagnostic,2055420C0,3,3,2,2,2,2,2,2,2,2
California,Pediatrics,,Radiation Oncology,2055430A0,2,2,2,2,2,1,2,1,2,0
California,Pediatrics,,General Surgery,2055440C0,4,4,4,4,4,4,4,4,4,4
California,Kaiser Permanente-Napa/Solano-CA,Vallejo,Family Medicine,1637120C0,6,5,6,6,6,6,6,6,6,6
California,Kaiser Permanente-Oakland-CA,Pleasanton,Internal Medicine,1042140C0,10,10,9,9,10,10,10,10,9,9
California,Kaiser Permanente-Oakland-CA,Pleasanton,Internal Medicine/MPH,1042140C1,1,1,2,2,2,2,1,1,2,2
California,Kaiser Permanente-Oakland-CA,Pleasanton,Med-Primary/Equity & Disparities,1042140M0,2,2,2,2,1,1,2,2,2,2
California,Kaiser Permanente-Oakland-CA,Pleasanton,Medicine-Preliminary,1042140P0,7,7,7,7,7,5,7,7,7,7
California,Obstetrics-Gynecology,,Otolaryngology,1042280C0,2,2,2,2,2,2,2,2,2,2
California,Obstetrics-Gynecology,,Pediatrics,1042320C0,8,8,9,9,10,4,8,8,8,8
California,Obstetrics-Gynecology,,Pediatrics/MPH,1042320C1,2,2,1,1,,,2,2,2,2
California,Obstetrics-Gynecology,,Psychiatry/East Bay,1042400C0,6,6,6,6,6,6,6,6,6,6
California,Santa Ana,,Family Medicine,1073120C0,8,8,8,8,8,8,8,8,8,8
California,Kaiser Permanente-SF-CA,San Francisco,Internal Medicine,1959140C0,11,11,10,10,11,8,10,10,10,10
California,Kaiser Permanente-SF-CA,San Francisco,Internal Med/MPH,1959140C1,1,1,,,,,,,,
California,Medicine-Preliminary,,Med-Prelim/Stanford-Anesth,1959140P1,1,1,,,,,,,,
California,San Francisco,,Obstetrics-Gynecology,1959220C0,4,4,4,4,4,4,4,4,4,4
California,San Francisco,,Medicine-Preventive Med,1959751C0,,,2,2,,,2,2,2,2
California,Sacramento,,Family Medicine,2273120C0,6,6,6,6,6,6,5,5,6,6
California,Sacramento,,Fam Med/Accelerated Competency,2273120C1,,,,,,,1,1,,
California,Sacramento,,Psychiatry,2273400C0,6,6,,,,,,,,
California,San Diego,,Emergency Medicine,1454110C0,6,6,6,6,6,6,6,6,6,6
California,San Diego,,Family Medicine,1454120C0,6,6,6,6,6,6,6,6,6,6
California,San Jose,,Family Medicine,2119120C0,6,6,6,6,6,6,6,6,6,6
California,San Jose,,Psychiatry,2119400C0,6,6,6,6,6,6,6,6,6,6
California,Santa Clara,,Internal Medicine,2135140C0,15,15,13,13,12,12,13,13,12,12
California,Santa Clara,,Medicine-Primary/CHOICE,2135140M0,1,1,3,3,4,2,3,3,4,4
California,Santa Clara,,Medicine-Preliminary,2135140P0,4,4,4,3,4,4,4,4,4,4
California,Santa Clara,,Obstetrics-Gynecology,2135220C0,6,6,6,6,6,6,6,6,6,6
California,Santa Rosa,,Family Medicine,2115120C0,7,7,7,7,6,6,6,6,6,6
California,Kaweah Delta Health Care District-CA,Visalia,Anesthesiology,1572040C0,6,6,6,6,4,4,4,4,4,4
California,Kaweah Delta Health Care District-CA,Visalia,Anesthesiology,1572040R0,,,2,2,,,,,,
California,Emergency Medicine,,Family Medicine,1572120C0,7,7,7,7,7,7,7,7,7,7
California,Emergency Medicine,,Psychiatry,1572400C0,7,7,6,6,8,8,7,7,7,7
California,Emergency Medicine,,General Surgery,1572440C0,3,3,3,3,3,3,3,3,3,3
California,Emergency Medicine,,Surgery-Preliminary,1572440P0,2,0,2,0,2,0,2,1,2,0
California,Keck School of Med of USC-CA,Los Angeles,Anesthesiology,2284040C0,10,10,10,10,,,,,,
California,Keck School of Med of USC-CA,Los Angeles,Family Medicine,2284120C0,6,6,6,6,6,6,6,6,6,6
California,Keck School of Med of USC-CA,Los Angeles,Internal Medicine,2284140C0,20,20,,,,,,,,
California,Keck School of Med of USC-CA,Los Angeles,Psychiatry,2284400C0,12,12,,,,,,,,
California,Bakersfield,,Emergency Medicine,1921110C0,7,7,7,6,7,2,7,7,7,6
California,Bakersfield,,Internal Medicine,1921140C0,12,12,12,12,12,12,12,12,12,12
California,Bakersfield,Obstetrics-Gynecology,Psychiatry,1921400C0,5,5,5,5,6,6,6,6,6,6
California,Bakersfield,Obstetrics-Gynecology,Psychiatry/Child & Adolescent,1921400C1,2,2,2,2,1,1,1,1,,
California,Bakersfield,Obstetrics-Gynecology,General Surgery,1921440C1,2,2,2,2,,,,,,
California,Bakersfield,Obstetrics-Gynecology,Surgery-Preliminary,1921440P1,2,0,,,,,,,,
California,Bakersfield,Obstetrics-Gynecology,Transitional,1921999P0,6,6,,,,,,,,
California,Kheir Clinic-CA,Los Angeles,Family Medicine,2486120C0,4,4,,,,,,,,
California,La Maestra Family Clinic Inc-CA,San Diego,Family Medicine,2454120C0,2,2,2,2,,,,,,
California,Lifelong Medical Care-CA,Berkeley,Family Medicine,2217120C0,6,3,6,4,6,6,6,6,6,6
California,Loma Linda Univ Med Ctr-Murrieta-CA,Murrieta,Family Medicine,2251120C0,12,5,12,12,12,12,12,12,12,12
California,Loma Linda Univ Med Ctr-Murrieta-CA,Murrieta,Internal Medicine,2251140C0,6,6,6,4,6,6,6,6,,
California,Loma Linda University-CA,Loma Linda,Anesthesiology,1024040C0,16,16,16,16,16,16,14,14,14,14
California,Loma Linda University-CA,Loma Linda,Anesthesiology,1024040R0,,,,,1,1,,,,
California,Loma Linda University-CA,Loma Linda,Dermatology,1024080A0,3,3,3,3,3,3,3,3,3,3
California,Loma Linda University-CA,Loma Linda,Emergency Medicine,1024110C0,16,16,16,16,16,16,16,16,16,16
California,Family Medicine,,Internal Medicine,1024140C0,34,34,29,29,28,28,27,27,28,28
California,Family Medicine,,Medicine-Primary,1024140M0,4,4,5,5,5,5,5,5,3,3
California,Family Medicine,,Med-Primary/Global Health,1024140M1,,,,,,,1,1,,
California,Family Medicine,,Medicine-Preliminary,1024140P0,7,7,10,10,11,11,11,11,11,11
California,Family Medicine,Neurological Surgery,Neurology,1024180C0,6,6,4,4,4,4,4,4,4,4
California,Family Medicine,Neurological Surgery,Neurology,1024180R0,2,2,1,1,,,1,1,,
California,Family Medicine,Neurological Surgery,Child Neurology,1024185C0,1,1,1,1,1,1,1,1,1,1
California,Family Medicine,Neurological Surgery,Obstetrics-Gynecology,1024220C0,9,9,9,9,9,9,8,8,9,9
California,Family Medicine,Neurological Surgery,Orthopaedic Surgery,1024260C0,6,6,5,5,5,5,5,5,5,5
California,Otolaryngology,,Pathology,1024300C0,3,3,4,4,3,3,4,4,5,5
California,Loma Linda,,Pediatrics,1024320C0,23,21,23,20,23,23,23,23,23,23
California,Loma Linda,,Pediatrics-Primary,1024320M0,4,4,4,4,4,4,4,4,4,4
California,Loma Linda,Phys Medicine & Rehab,Phys Medicine & Rehab,1024340C0,5,5,5,5,4,4,4,4,4,4
California,Loma Linda,Phys Medicine & Rehab,Physical Medicine and Rehabilitation,1024340R0,,,,,,,,,1,0
California,Loma Linda,Phys Medicine & Rehab,Plastic Surgery (Integrated),1024362C0,2,2,2,2,2,2,2,2,2,2
California,Loma Linda,Phys Medicine & Rehab,Public Health & Preventive Medicine,1024380R0,2,2,,,,,,,,
California,Loma Linda,Phys Medicine & Rehab,Occupational & Environmental Med,1024382R0,3,3,3,3,,,,,,
California,Psychiatry,,Psychiatry/CAP,1024400C2,2,2,2,2,2,2,2,2,2,2
California,Psychiatry,,Psychiatry/Patton,1024400C3,4,4,,,,,,,,
California,Psychiatry,,Interventional Radiology (Integ),1024416A0,3,3,2,2,2,2,1,1,1,1
California,Psychiatry,,Interventional Radiology (Integ),1024416R0,1,1,,,,,,,,
California,Psychiatry,Radiology-Diagnostic,Radiology-Diagnostic/ESIR Pathway,1024420A2,,,,,,,1,1,1,1
California,Psychiatry,Radiology-Diagnostic,Radiology-Diagnostic,1024420R0,,,,,,,,,1,1
California,Psychiatry,Radiology-Diagnostic,Radiation Oncology,1024430A0,1,1,1,1,2,2,2,2,1,1
California,Psychiatry,Radiology-Diagnostic,General Surgery,1024440C0,4,4,4,4,4,4,4,4,3,3
California,Psychiatry,Radiology-Diagnostic,Gen Surg/Dedicated Research,1024440C1,3,3,3,3,3,3,3,3,2,2
California,Surgery-Preliminary,,Surg-Prelim/NeuroSurg,1024440P1,2,0,,,,,,,,
California,Surgery-Preliminary,,Vascular Surgery,1024451C0,1,1,1,1,1,1,1,1,1,1
California,Surgery-Preliminary,,Thoracic Surgery,1024461C0,2,2,1,1,1,1,1,1,,
California,Surgery-Preliminary,,Medicine-Pediatrics,1024700C0,4,4,4,4,4,4,4,4,4,4
California,Surgery-Preliminary,,Medicine-Anesthesiology,1024742C0,,,,,,,2,1,2,2
California,Surgery-Preliminary,Transitional,Transitional/Preventive Med,1024999P1,2,2,4,4,4,4,1,1,1,1
California,Surgery-Preliminary,Transitional,Transitional/Occupational Med,1024999P2,1,1,1,1,1,1,1,1,1,1
California,Surgery-Preliminary,Transitional,Transitional/OMFS,1024999P4,,,,,,,1,1,,
California,Long Beach Mem Med Ctr-CA,Long Beach,Family Medicine,1027120C0,8,8,8,8,8,8,8,8,8,8
California,Los Robles Health System-CA,Thousand Oaks,Anesthesiology,2264040C0,6,6,6,6,6,6,6,6,6,6
California,Emergency Medicine,,Internal Medicine,2264140C0,20,20,20,20,20,20,15,15,15,11
California,Emergency Medicine,,Medicine-Preliminary,2264140P0,,,,,,,4,4,5,2
California,Emergency Medicine,,Neurology,2264180C0,4,4,4,4,3,3,3,3,3,1
California,Emergency Medicine,,General Surgery,2264440C0,3,3,3,3,3,3,3,3,3,3
California,MLK Jr Community Hospital-CA,Los Angeles,Internal Medicine,2311140C0,5,5,5,5,5,5,5,5,5,5
California,Marian Regional Med Ctr-CA,Santa Maria,Family Medicine,1690120C0,6,6,6,6,6,6,6,6,6,6
California,Marian Regional Med Ctr-CA,Santa Maria,Obstetrics-Gynecology,1690220C0,3,3,3,3,3,3,3,3,3,3
California,Mercy Med Ctr-Merced-CA,Merced,Family Medicine,3080120C0,8,5,8,6,8,8,8,8,8,8
California,Mercy Med Ctr-Redding-CA,Redding,Family Medicine/MFHC,3081120C0,6,2,6,1,6,4,6,3,6,4
California,Family Medicine,,Psychiatry,2344400C0,6,6,6,6,6,6,6,6,,
California,Family Medicine,,Transitional,2344999P0,13,11,13,11,,,,,,
California,North East Medical Services-CA,Daly City,Medicine-Primary,2349140M0,5,5,5,5,5,5,5,5,,
California,Olive View-UCLA Med Ctr-CA,Sylmar,Internal Medicine,2950140C0,21,21,21,21,21,21,21,21,21,21
California,Olive View-UCLA Med Ctr-CA,Sylmar,Medicine-Preliminary,2950140P0,3,3,3,3,4,4,4,4,4,4
California,Olive View-UCLA Med Ctr-CA,Sylmar,Med-Prelim/Neurology,2950140P2,3,3,3,3,3,3,2,2,3,3
California,Olive View-UCLA Med Ctr-CA,Sylmar,Med-Prelim/Ophthalmology,2950140P3,8,8,8,8,7,7,8,8,7,7
California,Oroville,,Psychiatry,2416400C0,,,6,6,,,,,,
California,Downey,,Family Medicine,2215120C0,7,6,7,5,7,7,6,6,7,7
California,Presby Intercommunity Hosp-CA,Whittier,Family Medicine,2013120C0,3,3,3,3,5,2,2,2,4,4
California,Presby Intercommunity Hosp-CA,Whittier,Fam Med/Tropical Med,2013120C1,2,2,1,1,,,2,2,2,2
California,Ontario,,Dermatology/Newpot News,2150080R0,,,,,,,1,1,1,1
California,Ontario,,Family Medicine/Chino Valley,2150120C0,6,6,6,1,5,5,5,5,4,4
California,Ontario,Family Medicine/San Dimas,Internal Medicine/Centinela,2150140C0,,,12,12,12,12,12,12,,
California,Ontario,Family Medicine/San Dimas,Internal Medicine/West Anaheim,2150140C1,7,7,7,7,7,7,7,3,,
California,Ontario,Family Medicine/San Dimas,Internal Medicine/Shasta,2150140C2,8,8,8,8,8,8,,,,
California,Ontario,Family Medicine/San Dimas,Internal Medicine/Desert Valley,2150140C3,,,8,8,8,8,,,,
California,Ontario,Family Medicine/San Dimas,Internal Medicine/St Francis,2150140C4,13,13,,,,,,,,
California,Anaheim,,Internal Medicine,2224140C0,,,,,,,,,5,4
California,Apple Valley,,Internal Medicine,2422140C0,10,10,10,10,,,,,,
California,Riverside,Anesthesiology,Emergency Medicine,1877110C0,13,13,13,13,13,13,13,13,13,13
California,Riverside,Anesthesiology,Family Medicine,1877120C0,6,4,8,5,8,8,8,8,8,1
California,Riverside,Anesthesiology,Internal Medicine,1877140C0,16,16,17,17,17,17,15,15,15,15
California,Riverside,Anesthesiology,Medicine-Preliminary,1877140P0,,,,,7,7,10,10,10,10
California,Neurology,,Obstetrics-Gynecology,1877220C0,4,,4,4,4,4,4,4,4,
California,Neurology,,Radiology-Diagnostic,1877420A0,5,5,5,3,5,5,4,4,4,4
California,Neurology,,General Surgery,1877440C0,3,3,3,3,3,3,3,3,3,3
California,Neurology,,Surgery-Preliminary,1877440P0,3,1,3,0,,,3,0,3,0
California,Neurology,,Transitional,1877999P0,13,13,13,13,13,13,13,13,17,17
California,Moreno Valley,,Anesthesiology,1850040C0,10,10,10,10,10,10,7,7,5,5
California,Moreno Valley,,Emergency Medicine,1850110C0,12,12,12,12,10,10,10,8,10,9
California,Moreno Valley,,Family Medicine,1850120C0,12,7,12,12,12,10,12,12,12,12
California,Moreno Valley,Internal Medicine,Neurological Surgery,1850160C0,3,3,1,1,1,1,1,1,1,1
California,Moreno Valley,Internal Medicine,Neurology,1850180C0,2,2,2,2,2,2,2,2,2,2
California,Moreno Valley,Internal Medicine,Obstetrics-Gynecology,1850220C0,3,3,,,,,,,,
California,Moreno Valley,Internal Medicine,Orthopaedic Surgery,1850260C0,4,4,4,4,4,4,3,3,3,3
California,Moreno Valley,Internal Medicine,Psychiatry,1850400C0,8,8,8,8,8,8,6,6,6,6
California,Psychiatry/MBH RUHS Psych,,Radiology-Diagnostic,1850420C0,2,2,2,2,2,2,2,2,2,2
California,Psychiatry/MBH RUHS Psych,,General Surgery,1850440C0,4,4,4,4,4,4,4,4,4,4
California,Psychiatry/MBH RUHS Psych,,Surgery-Preliminary,1850440P0,4,3,4,0,4,2,4,1,4,0
California,Psychiatry/MBH RUHS Psych,,Vascular Surgery,1850451C0,1,1,,,,,,,,
California,Temecula,,Emergency Medicine,2213110C0,12,12,12,12,10,10,10,10,10,10
California,Temecula,,Family Medicine,2213120C0,6,6,6,6,6,6,6,6,6,6
California,Temecula,,Family Medicine/Palmdale,2213120C1,8,8,8,8,8,8,,,,
California,Temecula,Internal Medicine,Internal Medicine/Palmdale,2213140C1,12,7,12,12,,,,,,
California,Temecula,Internal Medicine,Obstetrics-Gynecology,2213220C0,3,3,3,3,3,3,3,3,,
California,Temecula,Internal Medicine,General Surgery,2213440C0,3,3,3,2,3,3,3,3,,
California,Temecula,Internal Medicine,Surgery-Preliminary,2213440P0,3,1,,,3,0,3,0,,
California,Temecula,Internal Medicine,Transitional,2213999P0,11,11,11,11,13,13,13,13,13,13
California,San Antonio Regional Hosp-CA,Upland,Internal Medicine,2445140C0,10,10,10,10,,,,,,
California,San Joaquin Gen Hosp-CA,French Camp,Family Medicine,1021120C0,8,7,7,7,8,8,9,9,8,8
California,San Joaquin Gen Hosp-CA,French Camp,Internal Medicine,1021140C0,11,7,10,10,11,11,11,11,10,10
California,San Joaquin Gen Hosp-CA,French Camp,Medicine-Preliminary,1021140P0,,,,,,,,,2,2
California,San Joaquin Gen Hosp-CA,French Camp,General Surgery,1021440C0,3,3,3,3,4,4,3,3,3,3
California,San Joaquin Gen Hosp-CA,French Camp,Surgery-Preliminary,1021440P1,3,0,3,3,1,1,3,3,3,1
California,San Mateo Behavioral Hlth & Recovery,San Mateo,Psychiatry,1010400C0,4,4,4,4,4,4,4,4,4,4
California,San Ysidro Health-CA,San Ysidro,Internal Medicine,2220140C0,6,3,6,6,6,6,6,6,6,5
California,Santa Barbara Cottage Hosp-CA,Santa Barbara,Internal Medicine,1064140C0,12,12,12,12,10,10,10,10,10,10
California,Medicine-Preliminary,,Pediatrics,1064320C0,6,6,6,6,6,6,6,6,6,6
California,Medicine-Preliminary,,Radiology-Diagnostic,1064420A0,4,4,4,4,4,4,4,4,4,4
California,Medicine-Preliminary,,General Surgery,1064440C0,4,4,4,4,4,4,4,4,4,4
California,San Jose,,Internal Medicine,1063140C0,18,18,18,18,18,18,18,18,18,18
California,San Jose,,Medicine-Preliminary,1063140P0,4,4,5,5,4,4,4,4,4,4
California,San Jose,,Med-Prelim/Neurology,1063140P1,4,4,3,3,4,4,4,4,4,4
California,San Jose,,Obstetrics-Gynecology,1063220C0,4,4,4,4,4,4,4,4,4,4
California,San Jose,Radiology-Diagnostic,Transitional,1063999P0,10,10,14,14,12,11,12,12,13,13
California,Scripps Clinic/Green Hospital-CA,La Jolla,Internal Medicine,1340140C0,15,15,15,15,15,15,15,15,15,15
California,Scripps Mercy Hosp-Chula Vista-CA,Chula Vista,Family Medicine,1375120C0,9,9,9,9,9,9,9,9,9,9
California,Scripps Mercy Hosp-San Diego-CA,San Diego,Internal Medicine,1048140C0,14,14,14,14,14,14,14,14,14,14
California,Scripps Mercy Hosp-San Diego-CA,San Diego,Transitional,1048999P0,12,12,8,8,8,8,12,12,12,12
California,Scripps Mercy Hosp-San Diego-CA,San Diego,Transitional/Anesthesia,1048999P2,2,2,6,6,6,6,6,6,6,6
California,Scripps Mercy Hosp-San Diego-CA,San Diego,Transitional/Opthalmology,1048999P3,4,4,4,4,4,4,,,,
California,Shasta Community Health Ctr-CA,Redding,Family Medicine,1531120C0,4,3,4,3,4,4,4,3,4,4
California,Sierra View Med Ctr-CA,Porterville,Internal Medicine,2278140C0,10,4,12,8,12,12,12,12,12,12
California,Sierra View Med Ctr-CA,Porterville,Medicine-Preliminary,2278140P0,2,0,5,1,3,0,2,1,4,3
California,Emergency Medicine,,Family Medicine,2138120C0,8,8,8,8,8,8,8,8,8,8
California,Emergency Medicine,,Internal Medicine,2138140C0,16,16,15,15,20,20,19,19,11,11
California,Emergency Medicine,,Transitional,2138999P0,13,13,13,8,16,12,12,12,12,12
California,Eureka,,Family Medicine,2160120C0,7,6,7,7,7,7,6,6,6,2
California,Stockton,,Anesthesiology,2161040C0,6,6,6,6,5,5,6,6,8,8
California,Stockton,Emergency Medicine,Family Medicine,2161120C0,10,10,10,10,10,10,10,10,6,6
California,Stockton,Emergency Medicine,Internal Medicine,2161140C0,16,16,20,20,10,10,10,10,10,10
California,Stockton,Emergency Medicine,Internal Medicine/Carmichael,2161140C1,10,10,10,10,,,,,,
California,Stockton,Emergency Medicine,Medicine-Primary,2161140M0,4,4,,,,,,,,
California,Stockton,Emergency Medicine,Neurology,2161180C0,4,4,4,4,4,4,4,4,,
California,Orthopaedic Surgery,,Psychiatry,2161400C0,10,10,10,10,10,10,7,7,7,7
California,Orthopaedic Surgery,,Transitional,2161999P0,10,10,12,12,16,16,12,12,16,16
California,Long Beach,,Internal Medicine,1025140C0,7,,7,7,9,9,10,10,6,
California,Long Beach,,Medicine-Primary,1025140M0,,,,,1,1,,,,
California,Long Beach,,Medicine-Preliminary,1025140P0,9,7,8,3,6,6,5,5,9,0
California,Pleasanton,,Family Medicine,2415120C0,8,8,8,8,,,,,,
California,Stanford,,Anesthesiology,1820040A0,15,15,15,15,15,15,15,15,13,13
California,Stanford,,Anesthesiology,1820040C0,13,13,12,12,14,14,12,12,14,14
California,Stanford,,Anesthesiology,1820040R0,,,,,1,1,2,2,3,3
California,Stanford,,Dermatology,1820080A0,5,5,9,9,8,8,10,10,7,7
California,Stanford,Dermatology/Research,Dermatology/Peds Derm Focus,1820080A3,1,1,,,,,,,,
California,Stanford,Dermatology/Research,Dermatology,1820080R0,,,1,1,,,1,1,,
California,Stanford,Dermatology/Research,Emergency Medicine,1820110C0,15,15,15,15,15,15,15,15,15,15
California,Stanford,Dermatology/Research,Family Medicine/OConnor,1820120C0,9,9,9,9,9,8,8,8,8,8
California,Stanford,Dermatology/Research,Internal Medicine,1820140C0,39,39,42,42,36,36,40,40,42,42
California,Internal Med/Global Health,,Neurological Surgery,1820160C0,4,4,4,4,3,3,4,3,3,3
California,Internal Med/Global Health,,Neurology,1820180A0,6,6,6,6,6,6,6,6,6,6
California,Internal Med/Global Health,,Neurology,1820180C0,6,6,6,6,6,6,6,6,6,6
California,Internal Med/Global Health,,Child Neurology,1820185C0,5,5,4,4,4,4,4,4,4,4
California,Internal Med/Global Health,Obstetrics-Gynecology,Orthopaedic Surgery,1820260C0,7,7,7,7,7,7,7,7,7,7
California,Internal Med/Global Health,Obstetrics-Gynecology,Otolaryngology,1820280C0,4,4,4,4,4,4,4,4,4,4
California,Internal Med/Global Health,Obstetrics-Gynecology,Otolaryngology/Research,1820280C1,1,1,1,1,1,1,1,1,1,1
California,Internal Med/Global Health,Obstetrics-Gynecology,Pathology,1820300C0,8,8,7,7,9,9,9,9,9,9
California,Internal Med/Global Health,Obstetrics-Gynecology,Pathology/Clinical,1820300C1,2,1,3,3,2,2,2,1,2,2
California,Path-Anatomic/Neuro Track,,Pediatrics,1820320C0,32,32,31,31,25,25,28,28,27,27
California,Path-Anatomic/Neuro Track,,Pediatrics/Research,1820320C1,2,2,3,3,4,4,4,4,4,4
California,Path-Anatomic/Neuro Track,,Phys Medicine & Rehab,1820340A0,7,7,7,7,7,7,7,7,7,7
California,Path-Anatomic/Neuro Track,,Plastic Surgery (Integrated),1820362C0,4,4,4,4,4,4,4,4,4,4
California,Path-Anatomic/Neuro Track,,Psychiatry,1820400C0,10,10,10,10,10,10,9,9,9,9
California,Path-Anatomic/Neuro Track,Psychiatry/Research,Psychiatry/Public,1820400C2,2,2,2,2,2,2,2,2,2,2
California,Path-Anatomic/Neuro Track,Psychiatry/Research,Interventional Radiology (Integ),1820416A0,3,3,3,3,3,3,,,3,3
California,Path-Anatomic/Neuro Track,Psychiatry/Research,Interventional Radiology (Integ),1820416C0,,,,,,,3,3,,
California,Path-Anatomic/Neuro Track,Psychiatry/Research,Radiology-Diagnostic,1820420A0,11,11,9,9,9,9,9,9,9,9
California,Radiation Oncology,,General Surgery,1820440C0,7,,7,7,7,7,6,6,6,
California,Radiation Oncology,,General Surgery/SASS,1820440C1,1,1,1,1,1,1,1,1,1,1
California,Radiation Oncology,,Surgery-Preliminary,1820440P0,11,7,9,5,9,3,8,2,6,5
California,Radiation Oncology,,Surg-Prelim/Anesthesia,1820440P3,,,,,,,3,3,,
California,Radiation Oncology,,Surg-Prelim/Ophthalmology,1820440P4,3,3,5,5,5,5,4,4,5,5
California,Radiation Oncology,Surg-Prelim/Int Radiology,Vascular Surgery,1820451C0,2,2,2,2,2,2,2,1,2,2
California,Radiation Oncology,Surg-Prelim/Int Radiology,Thoracic Surgery,1820461C0,3,3,3,3,3,3,3,3,3,3
California,Radiation Oncology,Surg-Prelim/Int Radiology,Pediatrics-Anesthesiology,1820726C0,2,2,2,2,2,2,1,1,2,2
California,Radiation Oncology,Surg-Prelim/Int Radiology,Peds/Psych/Child Psych,1820730C0,2,2,2,2,2,2,,,,
California,Radiation Oncology,Surg-Prelim/Int Radiology,Medicine-Anesthesiology,1820742C0,,,,,1,1,3,3,1,1
California,Pediatrics-Medical Genetics,,Radiology-Nuclear Medicine,1820770A0,1,1,1,1,1,1,1,1,1,1
California,Pediatrics-Medical Genetics,,Trans/Anesthesiology Santa Clara,1820999P0,6,6,2,2,4,4,4,4,3,3
California,Sutter Health-CA (Continued),Sacramento,Emergency Medicine/SRMC,1135110C0,11,11,11,11,11,11,11,11,,
California,Sutter Health-CA (Continued),Sacramento,Family Med/SMCS,1135120C0,6,6,6,6,6,6,5,5,5,5
California,Family Medicine/SDH,,Family Medicine/SAH,1135120C2,2,1,2,2,2,1,2,2,2,2
California,Family Medicine/SDH,,Family Medicine/SMMC,1135120C3,13,12,13,13,,,,,,
California,Family Medicine/SDH,,Family Medicine/SSRRH,1135120C4,12,11,,,,,,,,
California,Family Medicine/SDH,,Family Medicine/SCH,1135120C5,2,0,,,,,,,,
California,Family Medicine/SDH,,Internal Medicine/SRMC,1135140C0,15,15,13,13,13,13,13,13,13,13
California,Family Medicine/SDH,Internal Medicine/ABSMC,Internal Medicine/SMMC,1135140C2,19,19,19,19,,,,,,
California,Family Medicine/SDH,Internal Medicine/ABSMC,Internal Medicine/CPMC,1135140C3,15,15,,,,,,,,
California,Family Medicine/SDH,Internal Medicine/ABSMC,Med-Prelim/SMMC,1135140P0,7,2,7,1,,,,,,
California,Family Medicine/SDH,Internal Medicine/ABSMC,Med-Prelim/CPMC,1135140P1,7,7,,,,,,,,
California,Med-Prelim/Neurology/CPMC,,Med-Prelim/Anesthesiology/CPMC,1135140P4,2,2,,,,,,,,
California,Med-Prelim/Neurology/CPMC,,Neurology/SRMC,1135180C0,3,3,,,,,,,,
California,Med-Prelim/Neurology/CPMC,,Obstetrics-Gynecology/ABSMC,1135220C0,4,4,,,,,,,,
California,Med-Prelim/Neurology/CPMC,,Obstetrics-Gynecology/SRMC,1135220C1,3,3,,,,,,,,
California,Med-Prelim/Neurology/CPMC,,Psychiatry/CPMC,1135400C0,5,5,,,,,,,,
California,Med-Prelim/Neurology/CPMC,General Surgery/SRMC,Surgery-Preliminary/SRMC,1135440P0,2,0,2,2,2,0,2,0,2,0
California,Med-Prelim/Neurology/CPMC,General Surgery/SRMC,Transitional/SRMC,1135999P0,15,15,15,15,15,15,,,,
California,Med-Prelim/Neurology/CPMC,General Surgery/SRMC,Transitional/ABSMC,1135999P1,15,15,15,10,,,,,,
California,Sutter Med Ctr of Santa Rosa-CA,Santa Rosa,Family Medicine,1065120C0,,,12,8,12,6,12,12,12,12
California,U Southern California,Los Angeles,Anesthesiology,1033040C0,18,18,18,18,18,18,18,18,18,18
California,Dermatology,,Emergency Medicine,1033110C0,20,20,20,20,20,20,20,20,20,20
California,Dermatology,,Internal Medicine,1033140C0,55,55,55,55,55,55,55,55,55,55
California,Dermatology,,Neurological Surgery,1033160C0,3,3,3,3,3,3,3,3,3,3
California,Dermatology,,Neurology,1033180A0,,,,,,,,,6,6
California,Dermatology,,Neurology,1033180C0,6,6,6,6,6,6,6,6,,
California,Dermatology,Obstetrics-Gynecology,Orthopaedic Surgery,1033260C0,8,8,8,8,8,8,8,8,8,8
California,Dermatology,Obstetrics-Gynecology,Otolaryngology,1033280C0,4,4,3,3,3,3,3,3,3,3
California,Dermatology,Obstetrics-Gynecology,Otolaryngology/Research,1033280C1,1,1,1,1,1,1,1,1,1,1
California,Dermatology,Obstetrics-Gynecology,Pathology,1033300C0,6,6,6,6,6,6,6,6,6,6
California,Pediatrics,,Plastic Surgery (Integrated),1033362C0,4,4,3,3,3,3,3,3,3,3
California,Pediatrics,,Psychiatry,1033400C0,12,12,12,12,12,12,12,12,12,12
California,Pediatrics,,Interventional Radiology (Integ),1033416A0,2,2,2,2,2,2,2,2,2,2
California,Pediatrics,,Radiology-Diagnostic,1033420A0,8,8,8,8,8,8,8,8,8,8
California,Pediatrics,,Radiation Oncology,1033430A0,1,1,2,2,2,2,2,2,1,1
California,Pediatrics,General Surgery,Surg-Prelim/OMS,1033440P3,2,2,,,2,2,1,1,2,2
California,Pediatrics,General Surgery,Vascular Surgery,1033451C0,1,1,1,1,1,1,1,1,1,1
California,Pediatrics,General Surgery,Thoracic Surgery,1033461C0,3,3,3,3,2,2,2,2,2,2
California,Pediatrics,General Surgery,Medicine-Pediatrics,1033700C0,6,6,6,6,6,6,6,6,6,6
California,UC Davis Med Ctr-CA,Sacramento,Anesthesiology,1046040C0,20,20,16,16,16,16,14,14,14,14
California,UC Davis Med Ctr-CA,Sacramento,Dermatology,1046080A0,5,5,5,5,5,5,5,5,5,5
California,Emergency Medicine,,Family Medicine,1046120C0,11,11,11,11,10,10,10,10,10,9
California,Emergency Medicine,,Family Medicine/OB,1046120C2,1,1,1,1,1,1,,,1,1
California,Emergency Medicine,,Family Med/ACE Primary Care,1046120C4,,,,,1,1,1,1,,
California,Emergency Medicine,,Internal Medicine,1046140C0,26,26,23,23,24,24,23,23,21,21
California,Emergency Medicine,,Internal Med/Research,1046140C1,1,1,,,,,,,,
California,Emergency Medicine,Medicine-Primary,Med-Primary/Innovations,1046140M1,1,1,2,2,1,1,2,2,2,2
California,Emergency Medicine,Medicine-Primary,Medicine-Preliminary,1046140P0,,,,,1,1,,,,
California,Emergency Medicine,Medicine-Primary,Neurological Surgery,1046160C0,2,2,2,2,2,2,2,2,2,2
California,Emergency Medicine,Medicine-Primary,Neurology,1046180C0,10,10,8,8,8,8,8,8,8,8
California,Child Neurology,,Child Neurology,1046185R0,,,,,2,0,2,0,,
California,Child Neurology,,Obstetrics-Gynecology,1046220C0,8,8,8,8,8,8,7,7,7,7
California,Child Neurology,,Orthopaedic Surgery,1046260C0,3,3,3,3,3,3,3,3,3,3
California,Child Neurology,,Ortho Surgery/6 Yr Prog,1046260C1,1,1,1,1,1,1,1,1,1,1
California,Child Neurology,,Otolaryngology,1046280C0,4,4,4,4,4,4,4,4,3,3
California,Child Neurology,Pathology,Pediatrics,1046320C0,13,13,13,13,13,13,13,13,13,13
California,Child Neurology,Pathology,Phys Medicine & Rehab,1046340A0,2,2,2,2,2,2,2,2,2,2
California,Child Neurology,Pathology,Phys Medicine & Rehab,1046340C0,2,2,2,2,2,2,2,2,2,2
California,Child Neurology,Pathology,Plastic Surgery (Integrated),1046362C0,1,1,1,1,1,1,1,1,1,1
California,Child Neurology,Pathology,Psychiatry,1046400C0,10,10,9,9,9,9,9,9,9,9
California,Interventional Radiology (Integ),,Radiology-Diagnostic,1046420A0,7,7,7,7,7,7,7,7,6,6
California,Interventional Radiology (Integ),,Radiation Oncology,1046430A0,2,2,2,2,1,1,3,3,1,1
California,Interventional Radiology (Integ),,General Surgery,1046440C0,7,7,7,7,7,7,7,7,7,7
California,Interventional Radiology (Integ),,Surgery-Preliminary,1046440P0,9,7,9,9,10,10,9,9,10,10
California,Interventional Radiology (Integ),,Vascular Surgery,1046451C0,1,1,1,1,1,1,1,1,1,1
California,Interventional Radiology (Integ),Thoracic Surgery,Medicine-Psychiatry,1046715C1,2,2,2,2,2,2,2,2,2,2
California,Interventional Radiology (Integ),Thoracic Surgery,Psychiatry-Family Med,1046720C0,2,2,2,2,2,2,2,2,2,2
California,Interventional Radiology (Integ),Thoracic Surgery,Radiology-Nuclear Medicine,1046770A0,1,1,,,1,1,,,1,1
California,UC Irvine Med Ctr-CA,Orange,Anesthesiology,1043040C0,15,15,13,13,14,14,11,11,12,12
California,UC Irvine Med Ctr-CA,Orange,Anesthesiology/Critical Care Med,1043040C1,,,2,2,1,1,1,1,,
California,UC Irvine Med Ctr-CA,Orange,Anesthesiology,1043040R0,,,,,3,3,,,,
California,UC Irvine Med Ctr-CA,Orange,Dermatology,1043080A0,6,6,6,6,5,5,5,5,5,5
California,Dermatology,,Emergency Medicine,1043110C0,9,9,9,9,9,9,9,9,9,9
California,Dermatology,,Family Medicine,1043120C0,10,10,10,10,10,10,10,10,10,10
California,Dermatology,,Internal Medicine/Orange,1043140C0,32,32,40,40,28,28,26,26,26,26
California,Dermatology,,Internal Medicine/Irvine,1043140C1,18,18,,,,,,,,
California,Dermatology,,Medicine-Preliminary,1043140P0,12,12,16,16,18,18,16,14,20,20
California,Dermatology,Med-Prelim/Neurology,Med-Prelim/Ophthalmology,1043140P3,4,4,4,4,4,4,4,4,,
California,Dermatology,Med-Prelim/Neurology,Neurological Surgery,1043160C0,2,2,2,2,1,1,2,2,1,1
California,Dermatology,Med-Prelim/Neurology,Neurology,1043180A0,5,5,5,5,5,5,5,5,5,5
California,Dermatology,Med-Prelim/Neurology,Child Neurology,1043185C0,2,2,2,2,2,2,2,2,2,2
California,Dermatology,Med-Prelim/Neurology,Child Neurology,1043185R0,,,,,1,1,,,,
California,Obstetrics-Gynecology,,Orthopaedic Surgery,1043260C0,4,4,4,4,4,4,4,4,4,4
California,Orange,,Otolaryngology,1043280C0,3,3,3,3,3,3,3,3,2,2
California,Orange,,Pathology,1043300C0,4,4,4,4,4,4,4,4,6,6
California,Orange,Pediatrics/UCI-CHOC,Phys Medicine & Rehab,1043340A0,5,5,5,5,5,5,5,5,5,5
California,Orange,Pediatrics/UCI-CHOC,Plastic Surgery (Integrated),1043362C0,4,4,4,4,3,3,3,3,3,3
California,Orange,Pediatrics/UCI-CHOC,Occupational & Environmental Med,1043382R0,2,2,2,2,,,,,,
California,Orange,Pediatrics/UCI-CHOC,Psychiatry,1043400C0,9,9,11,11,9,9,9,9,9,9
California,Orange,Pediatrics/UCI-CHOC,Psychiatry/Community,1043400C1,2,2,,,,,,,,
California,Interventional Radiology (Integ),,Interventional Radiology (Integ),1043416R0,,,1,1,,,,,,
California,Interventional Radiology (Integ),,Radiology-Diagnostic,1043420A0,8,8,8,8,8,8,6,6,6,6
California,Interventional Radiology (Integ),,Radiology-Diagnostic,1043420R0,,,,,2,2,,,,
California,Interventional Radiology (Integ),,Radiation Oncology,1043430A0,1,1,1,1,1,1,1,0,1,0
California,Interventional Radiology (Integ),Radiation Oncology/Military,General Surgery,1043440C0,7,7,6,6,6,6,6,6,6,6
California,Interventional Radiology (Integ),Radiation Oncology/Military,Surg-Prelim/Non-Designated,1043440P0,6,6,7,3,7,3,3,1,4,4
California,Interventional Radiology (Integ),Radiation Oncology/Military,Surg-Prelim/Int Radiology,1043440P3,2,2,1,1,1,1,1,1,,
California,UC Riverside SOM-CA,Riverside,Family Medicine,1522120C2,8,3,8,8,,,,,,
California,UC Riverside SOM-CA,Riverside,Internal Med/St Bernardine,1522140C1,15,15,15,15,15,15,15,15,15,15
California,UC Riverside SOM-CA,Riverside,Med-Prelim/St Bernardine,1522140P0,10,7,10,9,10,3,,,10,3
California,UC Riverside SOM-CA,Riverside,Psychiatry,1522400C0,9,9,9,9,10,10,9,9,8,8
California,UC San Diego Med Ctr-CA,San Diego,Anesthesiology,1049040A0,16,16,16,16,16,16,16,16,16,16
California,UC San Diego Med Ctr-CA,San Diego,Anesthesiology,1049040R0,,,,,,,,,2,2
California,UC San Diego Med Ctr-CA,San Diego,Dermatology,1049080A0,4,4,4,4,4,4,4,4,5,5
California,UC San Diego Med Ctr-CA,San Diego,Dermatology/Research,1049080A1,1,1,1,1,1,1,1,1,,
California,Emergency Medicine,,Family Medicine,1049120C0,9,9,8,8,9,9,9,9,9,9
California,Emergency Medicine,,Internal Medicine,1049140C0,37,37,37,37,36,36,36,36,42,42
California,Emergency Medicine,,Int Med/Investigator Path 3 yr,1049140C1,1,0,1,1,1,1,3,3,,
California,Emergency Medicine,,Int Med/Investigator Path 2 yr,1049140C2,2,2,3,2,2,2,,,,
California,Emergency Medicine,,Medicine-Primary,1049140M0,2,1,2,2,1,1,1,1,,
California,Emergency Medicine,Neurological Surgery,Neurology,1049180A0,,,,,,,,,6,6
California,Emergency Medicine,Neurological Surgery,Neurology,1049180C2,7,7,5,5,6,6,6,6,,
California,Emergency Medicine,Neurological Surgery,Neurology,1049180R0,1,1,,,,,,,,
California,Emergency Medicine,Neurological Surgery,Child Neurology,1049185C0,3,3,2,2,2,2,2,2,2,2
California,Obstetrics-Gynecology,,Obstetrics-Gynecology/Military,1049220C1,1,1,,,,,,,,
California,Obstetrics-Gynecology,,Orthopaedic Surgery,1049260C0,4,4,4,4,4,4,4,4,4,4
California,Obstetrics-Gynecology,,Ortho Surgery/Research,1049260C1,1,1,1,1,1,1,1,1,1,1
California,Obstetrics-Gynecology,,Otolaryngology,1049280C0,3,3,3,3,2,2,3,3,3,3
California,Obstetrics-Gynecology,,Pathology,1049300C0,5,5,4,4,4,4,5,5,6,6
California,Obstetrics-Gynecology,Pathology/Military,Pediatrics,1049320C0,15,15,18,18,15,15,17,17,15,15
California,Obstetrics-Gynecology,Pathology/Military,Pediatrics/Research,1049320C1,2,2,,,3,3,1,1,2,2
California,Obstetrics-Gynecology,Pathology/Military,Plastic Surgery (Integrated),1049362C0,2,2,1,1,2,2,1,1,2,2
California,Obstetrics-Gynecology,Pathology/Military,Public Health & Preventive Med/2yr-MPH,1049380R0,3,3,1,1,,,,,,
California,Available,,Psychiatry,1049400C0,11,11,10,10,10,10,8,8,8,8
California,San Diego,,Psychiatry/Research,1049400C1,1,1,2,2,2,2,2,2,2,2
California,San Diego,,Psychiatry/Community,1049400C2,4,4,4,4,4,4,2,2,2,2
California,San Diego,Interventional Radiology (Integ),Intervent Rad (Integ)/Research,1049416A1,1,1,,,,,,,1,1
California,San Diego,Interventional Radiology (Integ),Radiology-Diagnostic,1049420A0,6,6,6,6,5,5,5,5,6,6
California,San Diego,Interventional Radiology (Integ),Rad-Diag/Research,1049420A1,3,3,3,3,2,2,3,3,2,2
California,San Diego,Interventional Radiology (Integ),Radiology-Diagnostic/Military,1049420A3,,,1,0,,,,,,
California,San Diego,Interventional Radiology (Integ),Radiation Oncology,1049430A0,3,3,2,2,3,3,2,2,3,3
California,Radiation Oncology/Military,,General Surgery,1049440C0,7,7,7,7,7,7,7,7,7,7
California,Radiation Oncology/Military,,Surgery-Preliminary,1049440P0,1,1,,,,,,,1,1
California,Radiation Oncology/Military,,Vascular Surgery,1049451C0,1,1,1,1,1,1,1,1,1,1
California,Radiation Oncology/Military,,Thoracic Surgery,1049461C0,1,1,1,1,,,,,,
California,UC San Francisco-CA,San Francisco,Anesthesiology,1062040A0,15,15,15,15,15,15,15,15,16,16
California,UC San Francisco-CA,San Francisco,Anesthesiology,1062040C0,7,7,6,6,5,5,10,10,10,10
California,Anesthesiology/Research,,Anesthesiology/Critical Care,1062040C2,2,2,1,1,2,2,,,,
California,Anesthesiology/Research,,Anesthesiology,1062040R0,1,1,1,1,1,1,1,1,,
California,Anesthesiology/Research,,Dermatology,1062080A0,5,5,5,5,7,7,5,5,5,5
California,Anesthesiology/Research,,Dermatology/2+2 Scientists,1062080A1,1,1,2,2,1,1,2,2,2,2
California,Anesthesiology/Research,,Dermatology/Peds Derm Focus,1062080A2,1,1,,,,,,,,
California,Anesthesiology/Research,Dermatology,Emergency Medicine,1062110C0,15,15,15,15,15,15,16,16,15,15
California,Anesthesiology/Research,Dermatology,Family Medicine,1062120C0,15,15,15,15,14,14,15,15,15,15
California,Anesthesiology/Research,Dermatology,Family Med/Lakeshore VA,1062120C1,6,6,,,,,,,,
California,Anesthesiology/Research,Dermatology,Internal Medicine,1062140C0,38,38,41,41,46,46,46,46,45,45
California,Anesthesiology/Research,Dermatology,Int Med/Physician Scientist,1062140C1,8,8,5,5,,,,,,
California,Medicine-Primary/UC,,Medicine-Primary/SFGH,1062140M1,8,8,8,8,8,8,8,8,8,8
California,Medicine-Primary/UC,,Neurological Surgery,1062160C0,3,3,3,3,3,3,3,3,3,3
California,Medicine-Primary/UC,,Neurology,1062180A0,2,2,2,2,1,1,1,1,2,2
California,Medicine-Primary/UC,,Neurology,1062180C0,12,12,12,12,12,12,11,11,10,10
California,Medicine-Primary/UC,Child Neurology,Child Neurology,1062185C0,2,,2,2,2,2,2,2,2,
California,Medicine-Primary/UC,Child Neurology,Obstetrics-Gynecology,1062220C0,10,10,10,10,10,10,10,10,10,10
California,Medicine-Primary/UC,Child Neurology,Orthopaedic Surgery,1062260C0,7,7,7,7,7,7,6,6,6,6
California,Medicine-Primary/UC,Child Neurology,Ortho Surgery/Research,1062260C1,1,1,1,1,1,1,1,1,1,1
California,Medicine-Primary/UC,Child Neurology,Otolaryngology,1062280C0,5,5,5,5,5,5,5,5,5,5
California,Pathology,,Pathology/Military,1062300C4,,,,,,,1,0,,
California,Pathology,,Pediatrics,1062320C0,18,18,20,20,21,21,20,20,20,20
California,Pathology,,Pediatrics/Molecular Medicine,1062320C2,3,3,2,2,2,2,2,2,3,3
California,Pathology,,Pediatrics/PLUS,1062320C3,5,5,5,5,5,5,5,5,,
California,Pathology,,Pediatrics-Primary/PLUS,1062320M0,,,,,,,,,5,5
California,Pathology,Plastic Surgery (Integrated),Plastic Surgery (Integ)/Research,1062362C1,1,1,1,1,1,1,1,1,1,1
California,Pathology,Plastic Surgery (Integrated),Public Health & Preventive Med/2yr-MPH,1062380R0,,,2,0,,,,,,
California,Available,,Occupational & Environmental Med,1062382R0,3,3,3,3,,,,,,
California,Available,,Occupational & Environmental Med/Military,1062382R2,1,1,1,1,,,,,,
California,Available,,Psychiatry,1062400C0,13,13,13,13,13,13,13,13,13,13
California,Available,,Psychiatry/Research,1062400C2,3,3,3,3,3,3,3,3,3,3
California,San Francisco,,Interventional Radiology (Integ),1062416A0,2,2,1,1,2,2,1,1,1,1
California,San Francisco,,Radiology-Diagnostic,1062420A0,14,14,14,14,13,13,13,13,14,14
California,San Francisco,Radiation Oncology,General Surgery-7 yr Pathway,1062440C0,6,6,8,8,8,8,8,8,8,8
California,San Francisco,Radiation Oncology,General Surgery-5 yr Pathway,1062440C1,2,2,,,,,,,,
California,San Francisco,Radiation Oncology,Surg-Prelim/General/Specialty,1062440P0,18,9,18,10,17,9,17,10,18,10
California,San Francisco,Radiation Oncology,Surg-Prelim/Int Radiology,1062440P2,,,,,1,1,1,1,,
California,San Francisco,Radiation Oncology,Vascular Surgery,1062451C0,1,1,1,1,1,1,1,1,1,1
California,Oakland,,General Surgery,3625440C0,7,7,7,7,7,7,7,7,7,7
California,Oakland,,Surgery-Preliminary,3625440P0,9,9,9,9,9,0,9,1,9,5
California,Fresno,,Emergency Medicine,1022110C0,12,12,11,11,11,11,12,11,12,12
California,Fresno,,Family Medicine,1022120C0,12,8,12,6,12,8,12,12,12,12
California,Fresno,,Internal Medicine,1022140C0,24,24,24,24,24,24,23,23,23,23
California,Fresno,Obstetrics-Gynecology,Orthopaedic Surgery,1022260C0,4,4,4,4,4,4,4,4,4,4
California,Fresno,Obstetrics-Gynecology,Pediatrics,1022320C0,7,0,7,4,7,7,7,7,7,7
California,Fresno,Obstetrics-Gynecology,Psychiatry,1022400C0,6,6,6,6,6,6,6,6,6,6
California,Fresno,Obstetrics-Gynecology,General Surgery,1022440C0,6,6,5,5,5,5,5,5,5,5
California,UCLA Med Ctr-CA,Los Angeles,Anesthesiology,1956040C0,27,27,27,27,27,27,27,27,27,27
California,UCLA Med Ctr-CA,Los Angeles,Dermatology,1956080A0,6,6,5,5,4,4,5,5,3,3
California,UCLA Med Ctr-CA,Los Angeles,Dermatology/5yr Star,1956080A1,,,,,1,1,,,2,1
California,Emergency Medicine,,Fam Med/UCLA/Santa Monica,1956120C1,12,12,12,12,12,12,12,12,12,12
California,Emergency Medicine,,Internal Medicine,1956140C0,48,48,44,44,45,45,45,45,47,47
California,Emergency Medicine,,Internal Med/STAR/PSTP,1956140C1,2,2,4,4,3,3,4,4,2,2
California,Emergency Medicine,,Medicine-Primary/UCLA-VA,1956140M0,6,6,6,6,6,6,6,6,6,6
California,Emergency Medicine,,Med-Primary/UCLA-Olive View,1956140M1,6,6,6,6,6,6,6,6,6,6
California,Emergency Medicine,Med-Prelim/Neurology,Neurological Surgery,1956160C0,3,3,3,3,3,3,3,3,3,3
California,Emergency Medicine,Med-Prelim/Neurology,Neurology,1956180A0,3,3,3,3,3,3,3,3,9,9
California,Emergency Medicine,Med-Prelim/Neurology,Neurology,1956180C0,7,7,6,6,6,6,6,6,,
California,Emergency Medicine,Med-Prelim/Neurology,Child Neurology,1956185C0,2,2,2,2,2,2,2,2,2,2
California,Emergency Medicine,Med-Prelim/Neurology,Nuclear Medicine,1956200A0,,,3,0,2,2,3,1,,
California,Obstetrics-Gynecology,,Ob-Gyn/Preliminary,1956220P0,2,0,2,0,2,0,2,0,2,0
California,Obstetrics-Gynecology,,Orthopaedic Surgery,1956260C0,6,6,6,6,6,6,6,6,6,6
California,Obstetrics-Gynecology,,Otolaryngology,1956280C0,4,4,4,4,4,4,4,4,5,5
California,Obstetrics-Gynecology,,Otolaryngology/Research,1956280C1,1,1,1,1,1,1,1,1,,
California,Obstetrics-Gynecology,Pathology,Pathology/Research,1956300C1,1,1,1,1,1,1,1,1,,
California,Obstetrics-Gynecology,Pathology,Pediatrics,1956320C0,26,26,27,27,26,26,26,26,26,26
California,Obstetrics-Gynecology,Pathology,Pediatrics/PSTP,1956320C1,1,1,,,1,1,1,1,1,1
California,Obstetrics-Gynecology,Pathology,Plastic Surgery (Integrated),1956362C0,3,3,3,3,3,3,3,3,3,3
California,UCLA Med Ctr-CA (Continued),Los Angeles,Public Health & Preventive Med/2yr-MPH,1956380R0,2,2,4,1,,,,,,
California,Available,,Interventional Radiology (Integ),1956416C0,3,3,3,3,3,3,3,3,3,3
California,Available,,Radiology-Diagnostic,1956420A0,12,12,12,12,12,12,12,12,12,12
California,Available,,Radiation Oncology,1956430A0,3,3,3,3,3,3,3,3,3,3
California,Available,General Surgery,Surgery-Preliminary,1956440P0,4,2,4,1,4,0,4,1,3,2
California,Available,General Surgery,Vascular Surgery,1956451C0,1,1,1,1,1,1,1,1,1,1
California,Available,General Surgery,Medicine-Pediatrics,1956700C0,6,6,6,6,6,6,6,6,4,4
California,Available,General Surgery,Medicine-Preventive Med,1956751C0,1,1,2,2,2,2,,,,
California,UCLA Semel Inst for Neuroscience-CA,Los Angeles,Psychiatry,3030400C0,,,,,12,12,12,12,14,14
California,UCLA Semel Inst for Neuroscience-CA,Los Angeles,Psychiatry/Research,3030400C1,2,2,2,2,2,2,2,2,,
California,UCLA Semel Inst for Neuroscience-CA,Los Angeles,Psych/Harbor-NPI-WLAVA,3030400C2,,,,,1,1,1,1,1,1
California,UCLA Semel Inst for Neuroscience-CA,Los Angeles,Psychiatry/Mid-Wilshire,3030400C3,8,8,8,8,,,,,,
California,Psychiatry/GLA,,Psychiatry/Westwood,3030400C5,8,8,8,8,,,,,,
California,Oakland,,Pediatrics,1939320C0,31,31,31,31,31,26,27,27,27,25
California,UCSF Health-St Marys Hospital-CA,San Francisco,Internal Medicine,1057140C0,9,9,9,6,4,3,8,8,7,7
California,UCSF Health-St Marys Hospital-CA,San Francisco,Medicine-Preliminary,1057140P0,9,6,9,9,12,6,8,8,9,3
California,Fresno,,Medicine-Primary,2470140M0,15,10,,,,,,,,
California,Los Angeles,,Phys Medicine & Rehab/UCLA,1039340A0,8,8,9,9,8,8,8,8,9,9
California,Los Angeles,,Psychiatry/UCLA/SFVP,1039400C0,,,,,6,6,6,6,6,6
California,Madera,,Pediatrics,1907320C0,14,14,14,14,14,11,14,14,13,13
California,Modesto,,Family Medicine,1444120C0,8,8,8,4,8,8,12,12,12,12
California,Valley Health Team-CA,San Joaquin,Family Medicine,2111120C0,4,4,4,3,4,4,4,4,4,4
California,Ventura County Med Ctr-CA,Ventura,Family Medicine,1068120C0,15,15,15,15,15,15,15,15,15,15
Colorado,Common Spirit Health Mountain,Centennial,Family Medicine/84th Street,2350120C3,,,,,,,3,3,,
Colorado,CommonSpirit Mountain Region-CO,Centennial,Family Medicine/Alamosa,2350120C0,3,3,3,3,2,2,2,2,,
Colorado,Family Medicine/St Mary-Corwin,,Family Medicine/Health Campus,2350120C2,10,10,10,10,10,10,7,7,,
Colorado,Family Medicine/St Mary-Corwin,,Pathology/Penrose,2350300C0,2,2,2,2,2,2,2,2,,
Colorado,Denver Health Med Ctr-CO,Denver,Emergency Medicine,1077110C0,16,16,16,16,17,17,17,17,17,17
Colorado,HealthONE-CO,Denver,Anesthesiology/Swedish Med Ctr,1997040C0,4,4,4,4,4,4,4,4,,
Colorado,HealthONE-CO,Denver,Family Medicine/Aurora,1997120C0,8,8,8,6,8,8,8,8,8,8
Colorado,HealthONE-CO,Denver,Family Med/Swedish Med Ctr,1997120C1,6,6,6,6,6,6,6,6,,
Colorado,HealthONE-CO,Denver,Internal Medicine/Sky Ridge,1997140C0,18,18,18,18,18,13,15,12,18,13
Colorado,Neurology/Swedish Med Ctr,,Psychiatry/Aurora,1997400C0,8,8,8,8,8,8,8,8,8,8
Colorado,Neurology/Swedish Med Ctr,,General Surgery/Swedish Med Ctr,1997440C0,4,4,3,3,3,3,3,3,3,3
Colorado,Neurology/Swedish Med Ctr,,General Surgery/Sky Ridge,1997440C1,4,4,4,4,3,3,3,3,3,3
Colorado,Neurology/Swedish Med Ctr,,Transitional/Sky Ridge,1997999P0,8,8,8,8,8,8,8,8,8,8
Colorado,Greeley,,Family Medicine,1853120C0,6,6,6,6,5,5,7,7,6,6
Colorado,Greeley,,Family Med/Wray,1853120C1,1,1,1,1,1,1,,,1,0
Colorado,Greeley,,Family Med/Sunrise,1853120C2,2,2,2,2,2,2,2,2,2,2
Colorado,Greeley,Family Med/Hospitalist,Family Medicine/Sterling RTT,1853120C4,2,2,2,2,2,2,2,2,2,2
Colorado,Parkview Med Ctr-CO,Pueblo,Internal Medicine,2050140C0,10,10,10,10,10,10,10,10,10,10
Colorado,Penrose Hospital-CO,Colorado Springs,Pathology,2021300C0,,,,,,,,,2,2
Colorado,Westminister,,Family Med/Health Campus,1922120C0,,,,,,,,,7,7
Colorado,Westminister,,Family Med/84th Street,1922120C1,,,,,,,,,3,3
Colorado,Denver,,Family Medicine,1074120C0,9,9,9,9,9,9,9,9,9,9
Colorado,Denver,,Internal Medicine,1074140C0,10,10,10,10,10,10,10,10,10,10
Colorado,Denver,,Medicine-Preliminary,1074140P0,7,5,5,5,8,8,8,8,8,8
Colorado,Denver,Med-Prelim/Anesthesiology,Obstetrics-Gynecology,1074220C0,5,5,5,5,5,5,5,5,5,5
Colorado,Denver,Med-Prelim/Anesthesiology,General Surgery,1074440C0,5,5,6,6,6,6,5,5,5,5
Colorado,Denver,Med-Prelim/Anesthesiology,Surgery-Preliminary,1074440P0,5,3,2,1,6,2,8,3,8,8
Colorado,Denver,Med-Prelim/Anesthesiology,Surg-Prelim/Anesthesiology,1074440P1,,,3,3,,,,,,
Colorado,St Mary-Corwin Med Ctr-CO,Pueblo,Family Medicine,3005120C0,,,,,,,,,6,6
Colorado,St Mary-Corwin Med Ctr-CO,Pueblo,Family Medicine/Alamosa,3005120C1,,,,,,,,,2,2
Colorado,St Marys Med Ctr SCL Health-CO,Grand Junction,Family Medicine,3069120C0,9,8,9,9,9,9,9,9,9,9
Colorado,U Colorado SOM-Denver,Aurora,Anesthesiology,1076040A0,7,7,7,7,7,7,3,3,11,11
Colorado,Anesthesiology/Critical Care,,Anesthesiology,1076040C0,11,11,10,10,10,10,11,11,3,3
Colorado,Anesthesiology/Critical Care,,Anesthesiology/Critical Care,1076040C1,,,2,2,2,2,1,1,1,1
Colorado,Anesthesiology/Critical Care,,Anesthesiology,1076040R0,2,2,3,3,5,5,2,2,2,2
Colorado,Anesthesiology/Critical Care,,Dermatology,1076080A0,5,5,5,5,6,6,5,5,6,6
Colorado,Anesthesiology/Critical Care,Dermatology/2+2 Research,Dermatology,1076080R0,,,,,1,1,,,,
Colorado,Anesthesiology/Critical Care,Dermatology/2+2 Research,Family Med/Denver Hlth,1076120C0,5,5,5,5,5,5,5,5,5,5
Colorado,Anesthesiology/Critical Care,Dermatology/2+2 Research,Family Med/Swedish Med,1076120C2,,,,,,,,,6,6
Colorado,Anesthesiology/Critical Care,Dermatology/2+2 Research,Family Med/Univ Hosp,1076120C3,6,6,6,6,6,6,6,6,6,6
Colorado,Anesthesiology/Critical Care,Dermatology/2+2 Research,Family Med/Rural,1076120C4,,,,,2,1,2,1,2,1
Colorado,Aurora,,Internal Med/Hospitalist,1076140C1,6,6,6,6,6,6,6,6,6,6
Colorado,Aurora,,Int Med/Physician Scientist,1076140C2,1,1,4,4,3,3,,,2,2
Colorado,Aurora,Medicine-Primary,Medicine-Preliminary,1076140P0,9,9,8,8,9,9,9,9,9,9
Colorado,Aurora,Medicine-Primary,Med-Prelim/PM&R,1076140P2,2,2,,,,,,,,
Colorado,Aurora,Medicine-Primary,Neurological Surgery,1076160C0,3,3,2,2,3,3,3,3,2,2
Colorado,Aurora,Medicine-Primary,Neurology,1076180C0,9,9,9,9,9,9,9,9,9,9
Colorado,Aurora,Medicine-Primary,Neurology,1076180R0,,,1,1,2,2,,,,
Colorado,Child Neurology,,Child Neurology/Adult,1076185R1,,,,,1,1,,,1,0
Colorado,Child Neurology,,Obstetrics-Gynecology,1076220C0,10,10,10,10,9,9,9,9,9,9
Colorado,Child Neurology,,Ob-Gyn/Preliminary,1076220P0,1,0,1,0,1,0,1,0,1,0
Colorado,Child Neurology,,Orthopaedic Surgery,1076260C0,7,7,7,7,6,6,6,6,6,6
Colorado,Child Neurology,Ortho Surgery/Research,Otolaryngology,1076280C0,3,3,3,3,3,3,3,3,3,3
Colorado,Child Neurology,Ortho Surgery/Research,Otolaryngology/Research,1076280C1,1,1,1,1,1,1,,,1,1
Colorado,Child Neurology,Ortho Surgery/Research,Pathology,1076300C0,7,7,7,7,7,7,6,6,6,5
Colorado,Child Neurology,Ortho Surgery/Research,Pediatrics,1076320C0,28,28,28,28,27,27,27,27,30,30
Colorado,Child Neurology,Ortho Surgery/Research,Pediatrics-Preliminary,1076320P0,,,,,1,1,,,,
Colorado,Phys Medicine & Rehab,,Phys Medicine & Rehab,1076340R0,,,,,,,1,1,,
Colorado,Phys Medicine & Rehab,,Plastic Surgery (Integrated),1076362C0,2,2,2,2,2,2,2,2,2,2
Colorado,Phys Medicine & Rehab,,Occupational & Environmental Med/2 yr,1076382R0,1,1,,,,,,,,
Colorado,Phys Medicine & Rehab,,Occupational & Environmental Med/1 yr,1076382R2,2,2,,,,,,,,
Colorado,Phys Medicine & Rehab,,Psychiatry,1076400C0,10,10,9,9,9,9,9,9,13,13
Colorado,Phys Medicine & Rehab,Psychiatry/Research,Psychiatry/CAP,1076400C3,2,2,2,2,2,2,2,2,,
Colorado,Phys Medicine & Rehab,Psychiatry/Research,Psychiatry/Comm Public,1076400C4,2,2,2,2,2,2,2,2,,
Colorado,Phys Medicine & Rehab,Psychiatry/Research,Interventional Radiology (Integ),1076416A0,4,4,4,4,2,2,2,2,2,2
Colorado,Phys Medicine & Rehab,Psychiatry/Research,Interventional Radiology (Integ),1076416R0,,,2,2,,,,,,
Colorado,Phys Medicine & Rehab,Psychiatry/Research,Radiology-Diagnostic,1076420A0,11,11,11,11,10,10,9,9,9,9
Colorado,Radiology-Diagnostic,,Radiation Oncology,1076430A0,2,2,2,2,2,2,2,0,1,1
Colorado,Radiology-Diagnostic,,Radiation Oncology,1076430R0,,,,,2,2,,,,
Colorado,Radiology-Diagnostic,,General Surgery/2 yr Research,1076440C0,12,12,12,12,11,11,11,11,11,11
Colorado,Radiology-Diagnostic,,Surgery-Preliminary,1076440P0,9,5,9,2,10,1,12,5,14,4
Colorado,Radiology-Diagnostic,Vascular Surgery,Medicine-Pediatrics,1076700C0,4,4,4,4,4,4,4,4,4,4
Colorado,Radiology-Diagnostic,Vascular Surgery,Pediatrics-PM&R,1076735C0,1,1,1,1,1,1,1,1,1,1
Colorado,Radiology-Diagnostic,Vascular Surgery,Pediatrics-Medical Genetics,1076765C0,1,1,1,1,2,2,2,2,2,2
Connecticut,Bridgeport Hospital-CT,Bridgeport,Internal Medicine,1079140C0,18,18,18,18,18,18,17,17,18,18
Connecticut,Bridgeport Hospital-CT,Bridgeport,Medicine-Preliminary,1079140P0,4,4,4,4,4,4,3,0,4,4
Connecticut,Bridgeport Hospital-CT,Bridgeport,Med-Prelim/Radiology,1079140P1,,,,,,,1,1,,
Connecticut,Bridgeport Hospital-CT,Bridgeport,Obstetrics-Gynecology,1079220C0,4,4,4,4,4,4,4,4,4,4
Connecticut,Danbury,,Psychiatry,2428400C0,5,5,4,4,,,,,,
Connecticut,Danbury,,Internal Medicine,1081140C0,,,,,17,17,17,17,16,16
Connecticut,Danbury,,Obstetrics-Gynecology,1081220C0,,,,,3,3,3,3,3,3
Connecticut,Danbury,Pathology,General Surgery,1081440C0,,,,,4,4,4,4,4,4
Connecticut,Danbury,Pathology,Surgery-Preliminary,1081440P0,,,,,3,0,3,1,3,0
Connecticut,Family Medicine,,Psychiatry,2186400C0,,,4,4,4,4,,,,
Connecticut,Family Medicine,,Transitional,2186999P0,,,,,,,6,6,8,8
Connecticut,Greenwich,Internal Medicine,Medicine-Preliminary,1082140P0,7,6,7,7,7,7,7,7,7,7
Connecticut,Griffin Hospital-CT,Derby,Internal Medicine,1977140C0,8,8,8,8,8,8,7,7,6,6
Connecticut,Medicine-Primary,,Medicine-Preliminary,1977140P0,3,3,3,3,3,3,5,5,6,6
Connecticut,Medicine-Primary,,Public Health & Preventive Med/2yr-MPH,1977380A0,1,1,1,1,,,,,,
Connecticut,Medicine-Primary,Available,Medicine-Preventive Med/General,1977751C0,3,3,3,3,3,3,3,3,3,3
Connecticut,Hartford Hospital-CT,Hartford,Pathology,1083300C0,4,4,2,2,4,4,2,2,3,3
Connecticut,Psychiatry,,Psychiatry/CAP 5 yr,1083400C1,1,1,,,,,,,,
Connecticut,Psychiatry,,Radiology-Diagnostic,1083420A0,5,5,5,5,5,5,5,5,5,5
Connecticut,Norwalk Hospital-CT,Norwalk,Internal Medicine,1093140C0,,,,,15,15,15,15,15,15
Connecticut,Norwalk Hospital-CT,Norwalk,Radiology-Diagnostic,1093420A0,,,,,2,2,3,3,2,2
Connecticut,Quinnipiac Univ/Netter MD SOM-CT,Hamden,Anesthesiology,2371040A0,4,4,4,4,4,4,,,,
Connecticut,Quinnipiac Univ/Netter MD SOM-CT,Hamden,Anesthesiology,2371040R0,,,,,4,4,,,,
Connecticut,Quinnipiac Univ/Netter MD SOM-CT,Hamden,Fam Med/Rural Hungerford Hosp,2371120C1,4,4,4,4,4,4,,,,
Connecticut,Hartford,,Obstetrics-Gynecology,1085220C0,5,5,5,5,5,5,5,5,5,5
Connecticut,Waterbury,,Internal Medicine,1096140C0,10,10,10,10,10,10,10,10,10,10
Connecticut,Waterbury,,Medicine-Preliminary,1096140P0,4,2,4,4,4,4,4,4,4,4
Connecticut,Waterbury,,General Surgery,1096440C0,2,2,1,1,2,2,2,2,2,2
Connecticut,Waterbury,,Surgery-Preliminary,1096440P0,2,2,2,2,2,2,2,2,2,2
Connecticut,Bridgeport,,Internal Medicine,1080140C0,10,10,10,10,10,10,10,10,10,10
Connecticut,Bridgeport,,Medicine-Preliminary,1080140P0,6,6,6,6,4,4,5,5,4,4
Connecticut,Bridgeport,,Med-Prelim/Anesthesiology,1080140P2,,,,,2,2,,,,
Connecticut,Stamford Hospital/Columbia-CT,Stamford,Family Medicine,1095120C0,5,5,5,5,5,5,5,5,5,5
Connecticut,Stamford Hospital/Columbia-CT,Stamford,Internal Medicine,1095140C0,8,8,8,8,8,8,8,8,8,7
Connecticut,Obstetrics-Gynecology,,General Surgery,1095440C0,3,3,3,3,3,3,3,3,3,3
Connecticut,Obstetrics-Gynecology,,Surgery-Preliminary,1095440P0,2,1,2,0,2,0,2,2,2,2
Connecticut,Farmington,Anesthesiology,Anesthesiology,1094040C0,13,13,9,9,9,9,6,6,6,6
Connecticut,Farmington,Anesthesiology,Anesthesiology,1094040R0,,,,,1,1,4,4,,
Connecticut,Farmington,Anesthesiology,Dermatology,1094080A0,4,4,4,4,4,4,4,4,4,4
Connecticut,Farmington,Anesthesiology,Emergency Medicine,1094110C0,18,18,18,18,18,18,18,18,18,18
Connecticut,Family Medicine,,Family Medicine/ECHN/Osteopathic,1094120C1,6,6,,,,,,,,
Connecticut,Family Medicine,,Internal Medicine,1094140C0,55,55,57,57,44,44,41,41,40,40
Connecticut,Family Medicine,,Internal Med/Geriatrics/4 yrs,1094140C1,1,1,1,1,,,,,,
Connecticut,Family Medicine,,Internal Medicine/Waterbury,1094140C2,9,9,,,,,,,,
Connecticut,Family Medicine,,Medicine-Primary,1094140M0,3,3,3,3,16,16,16,16,16,16
Connecticut,Family Medicine,Medicine-Preliminary,Med-Prelim/Waterbury,1094140P2,6,5,,,,,,,,
Connecticut,Family Medicine,Medicine-Preliminary,Neurological Surgery,1094160C0,1,1,1,1,1,1,1,1,1,1
Connecticut,Family Medicine,Medicine-Preliminary,Neurology,1094180C0,7,7,7,7,7,7,7,7,7,7
Connecticut,Family Medicine,Medicine-Preliminary,Neurology,1094180R0,,,,,,,1,1,,
Connecticut,Family Medicine,Medicine-Preliminary,Obstetrics-Gynecology,1094220C0,10,10,10,10,10,10,10,10,10,10
Connecticut,Orthopaedic Surgery,,Otolaryngology,1094280C0,3,3,3,3,3,3,2,2,3,3
Connecticut,Orthopaedic Surgery,,Pediatrics,1094320C0,22,17,22,22,22,22,20,20,20,20
Connecticut,Orthopaedic Surgery,,Phys Medicine & Rehab,1094340C1,4,4,4,4,4,4,4,4,4,4
Connecticut,Orthopaedic Surgery,,Psychiatry,1094400C0,7,7,7,7,7,7,7,7,7,7
Connecticut,Orthopaedic Surgery,,Psychiatry/ECHN,1094400C1,4,4,,,,,,,,
Connecticut,Orthopaedic Surgery,Radiology-Diagnostic,Radiology-Diagnostic,1094420R0,,,,,1,1,,,,
Connecticut,Orthopaedic Surgery,Radiology-Diagnostic,General Surgery,1094440C0,8,8,8,8,8,8,7,7,6,6
Connecticut,Orthopaedic Surgery,Radiology-Diagnostic,Surgery-Preliminary,1094440P0,6,0,6,2,6,2,6,4,6,3
Connecticut,U Connecticut School of Medicine,Farmington,Vascular Surgery,1094451C0,1,1,1,1,1,1,,,,
Connecticut,Waterbury Hospital-CT,Waterbury,General Surgery,1097440C0,2,2,2,2,2,2,2,2,2,2
Connecticut,Waterbury Hospital-CT,Waterbury,Surgery-Preliminary,1097440P0,1,1,2,1,2,2,2,2,2,2
Connecticut,Waterbury Hospital-CT,Waterbury,Surg-Prelim/Anesthesiology,1097440P1,1,0,,,,,,,,
Connecticut,Yale-New Haven Hosp-CT,New Haven,Anesthesiology,1089040A0,2,2,1,1,1,1,1,1,1,1
Connecticut,Yale-New Haven Hosp-CT,New Haven,Anesthesiology,1089040C0,21,21,21,21,21,21,21,21,21,21
Connecticut,Yale-New Haven Hosp-CT,New Haven,Anesthesiology,1089040R0,,,1,1,,,1,1,,
Connecticut,Yale-New Haven Hosp-CT,New Haven,Dermatology,1089080A0,4,4,4,4,4,4,4,4,6,6
Connecticut,Dermatology/Research,,Emergency Medicine,1089110C0,18,18,17,17,17,17,18,18,18,18
Connecticut,Dermatology/Research,,Emergency Medicine/Research,1089110C1,1,1,2,2,2,2,1,1,1,1
Connecticut,Dermatology/Research,,Internal Medicine,1089140C0,38,38,38,38,38,38,39,39,36,36
Connecticut,Dermatology/Research,,Int Med/Physician Scientist,1089140C1,8,8,8,8,8,8,8,8,6,6
Connecticut,Dermatology/Research,,Internal Medicine/Yale-Waterbury,1089140C2,,,10,10,10,10,10,10,10,10
Connecticut,Dermatology/Research,Medicine-Primary,Medicine-Primary/HIV,1089140M1,2,2,2,2,2,2,2,2,2,2
Connecticut,Dermatology/Research,Medicine-Primary,Medicine-Preliminary,1089140P0,2,2,4,4,4,4,5,5,2,2
Connecticut,Dermatology/Research,Medicine-Primary,Med-Prelim/Neurology,1089140P2,13,13,11,11,11,11,10,10,9,9
Connecticut,Dermatology/Research,Medicine-Primary,Med-Prelim/Yale-Waterbury,1089140P4,,,6,6,6,6,6,6,6,6
Connecticut,Med-Prelim/Ophthalmology,,Neurological Surgery,1089160C0,2,2,2,2,2,2,2,2,2,2
Connecticut,Med-Prelim/Ophthalmology,,Neurology,1089180A0,13,13,12,12,12,12,10,10,10,10
Connecticut,Med-Prelim/Ophthalmology,,Neurology,1089180R0,1,1,,,2,2,1,1,,
Connecticut,Med-Prelim/Ophthalmology,,Child Neurology,1089185C0,2,2,2,2,2,2,2,2,2,2
Connecticut,Med-Prelim/Ophthalmology,,Obstetrics-Gynecology,1089220C0,8,8,8,8,8,8,8,8,8,8
Connecticut,Med-Prelim/Ophthalmology,Ob-Gyn/Preliminary,Orthopaedic Surgery,1089260C0,5,5,5,5,5,5,5,5,5,5
Connecticut,Med-Prelim/Ophthalmology,Ob-Gyn/Preliminary,Otolaryngology,1089280C0,4,4,4,4,4,4,4,4,4,4
Connecticut,Med-Prelim/Ophthalmology,Ob-Gyn/Preliminary,Pathology/Comb-Anat & Clin,1089300C0,5,5,6,6,8,8,7,7,8,8
Connecticut,Med-Prelim/Ophthalmology,Ob-Gyn/Preliminary,Pathology/Clinical Only,1089300C2,1,1,2,2,1,1,2,2,1,1
Connecticut,Med-Prelim/Ophthalmology,Ob-Gyn/Preliminary,Pathology/AP & NP,1089300C3,,,,,,,1,1,,
Connecticut,Pediatrics,,Phys Medicine & Rehab,1089340C0,4,4,4,4,4,4,,,,
Connecticut,Pediatrics,,Plastic Surgery (Integrated),1089362C0,3,3,3,3,3,3,3,3,3,3
Connecticut,Pediatrics,,Occupational & Environmental Med,1089382R0,2,2,2,2,,,,,,
Connecticut,Pediatrics,,Psychiatry,1089400C0,13,13,13,13,13,13,13,13,13,13
Connecticut,Pediatrics,Psychiatry/Combined Adult/Child,Psychiatry/Research,1089400C3,3,3,3,3,3,3,3,3,3,3
Connecticut,Pediatrics,Psychiatry/Combined Adult/Child,Interventional Radiology (Integ),1089416C0,5,5,3,3,3,3,3,3,3,3
Connecticut,Pediatrics,Psychiatry/Combined Adult/Child,Radiology-Diagnostic,1089420A0,15,15,15,15,12,12,12,12,14,14
Connecticut,Pediatrics,Psychiatry/Combined Adult/Child,Radiation Oncology,1089430A0,4,4,5,5,3,3,3,3,3,3
Connecticut,Pediatrics,Psychiatry/Combined Adult/Child,General Surgery,1089440C0,9,9,10,10,10,10,8,8,8,8
Connecticut,Surgery-Preliminary,,Vascular Surgery,1089451C0,1,1,1,1,1,1,1,1,1,1
Connecticut,Surgery-Preliminary,,Thoracic Surgery,1089461C0,2,2,2,2,,,2,2,2,2
Connecticut,Surgery-Preliminary,,Medicine-Pediatrics,1089700C0,4,4,4,4,4,4,4,4,4,4
Connecticut,Danbury,,Internal Medicine,2492140C0,17,17,,,,,,,,
Connecticut,Danbury,,Obstetrics-Gynecology,2492220C0,3,3,,,,,,,,
Connecticut,Danbury,Pathology,General Surgery,2492440C0,4,4,,,,,,,,
Connecticut,Danbury,Pathology,Surgery-Preliminary,2492440P0,3,0,,,,,,,,
Connecticut,Internal Medicine,,Radiology-Diagnostic,2493420A0,3,3,,,,,,,,
Connecticut,New Milford,,Family Med/Rural,2491120C0,4,4,,,,,,,,
Delaware,Bayhealth Med Ctr-DE,Dover,Emergency Medicine,2260110C0,6,6,6,6,6,6,6,0,,
Delaware,Bayhealth Med Ctr-DE,Dover,Family Medicine,2260120C0,8,5,8,4,8,6,8,8,8,0
Delaware,Internal Medicine,,Medicine-Primary,2260140M0,3,3,1,1,,,,,,
Delaware,Internal Medicine,,General Surgery,2260440C0,3,3,3,3,3,3,3,3,3,3
Delaware,Lewes,Family Medicine,Transitional,2354999P0,8,8,,,,,,,,
Delaware,Christiana Care-DE,Newark,Emergency Medicine,1099110C0,12,12,12,12,12,12,12,12,12,12
Delaware,Emergency Medicine/Military,,Family Medicine,1099120C0,9,9,9,9,9,9,9,9,9,9
Delaware,Emergency Medicine/Military,,Internal Medicine,1099140C0,15,15,13,13,13,13,13,13,13,13
Delaware,Emergency Medicine/Military,,Obstetrics-Gynecology,1099220C0,7,7,7,7,7,7,7,7,7,7
Delaware,Emergency Medicine/Military,,Psychiatry,1099400C0,6,6,6,6,6,6,7,7,4,4
Delaware,Emergency Medicine/Military,Interventional Radiology (Integ),Radiology-Diagnostic,1099420C0,4,4,4,4,4,4,4,4,4,4
Delaware,Emergency Medicine/Military,Interventional Radiology (Integ),General Surgery,1099440C0,7,7,7,7,6,6,6,6,6,6
Delaware,Emergency Medicine/Military,Interventional Radiology (Integ),Medicine-Pediatrics,1099700C0,5,5,5,5,5,5,5,5,5,5
Delaware,Emergency Medicine/Military,Interventional Radiology (Integ),Emergency Med/Internal Med,1099705C0,3,3,3,3,4,4,3,3,3,3
Delaware,Emergency Medicine/Military,Interventional Radiology (Integ),Emergency Med-Family Med,1099795C0,3,3,3,3,3,3,3,3,3,3
Delaware,St Francis Hospital-DE,Wilmington,Family Medicine,2058120C0,6,6,6,5,6,6,6,6,6,6
District Of Columbia,Childrens National Med Ctr-DC,Washington,Child Neurology,1070185C0,4,4,4,4,4,4,4,4,3,3
District Of Columbia,Child Neurology/Neuroscience Research,,Child Neurology,1070185R0,2,1,1,1,,,,,,
District Of Columbia,Child Neurology/Neuroscience Research,,Pediatrics,1070320C0,21,21,24,24,21,21,22,22,20,20
District Of Columbia,Child Neurology/Neuroscience Research,,Pediatrics/Phys Scientist,1070320C3,2,2,2,2,2,2,2,2,2,2
District Of Columbia,Child Neurology/Neuroscience Research,,Peds/LAUnCH Community Hlth,1070320C4,8,8,8,8,8,8,8,8,,
District Of Columbia,Child Neurology/Neuroscience Research,,Pediatrics-Primary,1070320M0,5,5,3,3,5,5,5,5,5,5
District Of Columbia,Child Neurology/Neuroscience Research,Peds-Primary/Community Health,Pediatrics-Medical Genetics,1070765C0,1,1,1,1,2,2,,,1,1
District Of Columbia,George Washington Univ-DC,Washington,Anesthesiology,1802040A0,5,5,2,2,3,3,2,2,5,5
District Of Columbia,Anesthesiology,,Anesthesiology,1802040R0,5,5,,,2,2,,,2,2
District Of Columbia,Anesthesiology,,Dermatology,1802080A0,2,2,2,2,2,2,2,2,2,2
District Of Columbia,Anesthesiology,,Dermatology,1802080R0,,,,,1,1,,,,
District Of Columbia,Anesthesiology,,Emergency Medicine,1802110C0,11,11,8,8,11,11,12,12,11,11
District Of Columbia,Anesthesiology,Emergency Med/International,Internal Medicine,1802140C0,22,22,23,23,25,25,31,31,28,28
District Of Columbia,Anesthesiology,Emergency Med/International,Int Med/Sponsored IMG,1802140C1,4,3,3,3,2,2,3,3,2,2
District Of Columbia,Anesthesiology,Emergency Med/International,Medicine-Primary,1802140M0,5,5,5,5,5,5,2,2,5,5
District Of Columbia,Anesthesiology,Emergency Med/International,Medicine-Preliminary,1802140P0,8,8,6,6,6,5,8,8,6,6
District Of Columbia,Anesthesiology,Emergency Med/International,Med-Prelim/Dermatology,1802140P4,,,1,1,1,1,1,1,,
District Of Columbia,Med-Prelim/Radiology,,Neurological Surgery,1802160C0,1,1,2,2,1,1,2,2,1,1
District Of Columbia,Med-Prelim/Radiology,,Neurology,1802180C0,4,4,4,4,5,5,4,4,4,4
District Of Columbia,Med-Prelim/Radiology,,Neurology/Funded IG,1802180C1,1,1,,,,,,,,
District Of Columbia,Med-Prelim/Radiology,,Neurology,1802180R0,,,,,1,1,,,,
District Of Columbia,Med-Prelim/Radiology,,Obstetrics-Gynecology,1802220C0,7,7,6,6,8,8,8,8,8,8
District Of Columbia,Med-Prelim/Radiology,Orthopaedic Surgery,Otolaryngology,1802280C0,1,1,1,1,1,1,2,2,2,2
District Of Columbia,Med-Prelim/Radiology,Orthopaedic Surgery,Otolaryngology/Military,1802280C1,1,0,1,1,,,,,,
District Of Columbia,Med-Prelim/Radiology,Orthopaedic Surgery,Pathology,1802300C0,5,5,4,4,5,5,2,2,4,4
District Of Columbia,Med-Prelim/Radiology,Orthopaedic Surgery,Psychiatry,1802400C0,6,6,7,7,6,6,6,6,6,6
District Of Columbia,Interventional Radiology (Integ),,Radiology-Diagnostic,1802420A0,4,4,4,4,6,6,5,5,4,4
District Of Columbia,Interventional Radiology (Integ),,General Surgery,1802440C0,5,5,5,5,5,5,5,5,5,5
District Of Columbia,Interventional Radiology (Integ),,Surgery-Preliminary,1802440P3,1,1,1,1,2,2,,,,
District Of Columbia,Washington,,Dermatology,2193080A0,4,4,4,4,5,5,3,3,4,4
District Of Columbia,Washington,,Family Medicine,2193120C0,6,6,6,6,6,6,6,6,6,6
District Of Columbia,Washington,,Internal Medicine,2193140C0,21,21,22,22,22,22,22,22,22,22
District Of Columbia,Washington,,Medicine-Preliminary,2193140P0,14,14,14,9,14,14,14,13,13,11
District Of Columbia,Washington,,Neurology,2193180A0,2,2,1,1,2,2,2,2,2,2
District Of Columbia,Washington,Obstetrics-Gynecology,Orthopaedic Surgery,2193260C0,,,,,,,4,4,4,4
District Of Columbia,Washington,Obstetrics-Gynecology,Orthopaedic Surgery,2193260C1,3,3,,,,,,,,
District Of Columbia,Washington,Obstetrics-Gynecology,Pathology,2193300C0,1,1,3,3,2,2,3,3,3,3
District Of Columbia,Washington,Obstetrics-Gynecology,Psychiatry,2193400C0,5,5,5,5,5,5,5,5,4,4
District Of Columbia,Washington,Obstetrics-Gynecology,General Surgery,2193440C0,5,5,5,5,5,5,4,4,5,5
District Of Columbia,Howard Univ Hosp-DC (Continued),Washington,Surgery-Preliminary,2193440P0,5,5,5,5,4,4,5,3,4,3
District Of Columbia,Kaiser Permanente Mid-Atlantic-MD,Washington,Internal Medicine,2219140C0,6,6,6,6,6,6,6,6,6,6
District Of Columbia,Anesthesiology,,Anesthesiology,1801040R0,,,,,,,1,1,,
District Of Columbia,Anesthesiology,,Internal Medicine,1801140C0,29,29,29,29,29,29,29,29,29,29
District Of Columbia,Anesthesiology,,Neurological Surgery,1801160C0,2,2,2,2,2,2,2,2,2,2
District Of Columbia,Anesthesiology,,Neurology,1801180C0,6,6,6,6,6,6,6,6,6,6
District Of Columbia,Anesthesiology,,Neurology/Clinician Scientist,1801180C1,2,2,2,2,2,2,2,2,1,1
District Of Columbia,Anesthesiology,Neurology/Military,Orthopaedic Surgery,1801260C0,4,4,4,4,4,4,4,4,4,4
District Of Columbia,Anesthesiology,Neurology/Military,Otolaryngology,1801280C0,4,4,4,4,3,3,3,3,3,3
District Of Columbia,Anesthesiology,Neurology/Military,Pathology,1801300C0,3,3,3,3,3,3,3,3,3,3
District Of Columbia,Anesthesiology,Neurology/Military,Pediatrics,1801320C0,11,11,11,11,11,11,11,11,11,11
District Of Columbia,Anesthesiology,Neurology/Military,Plastic Surgery (Integrated),1801362C0,4,4,4,4,4,4,4,4,4,4
District Of Columbia,Psychiatry,,Interventional Radiology (Integ),1801416C0,2,2,3,3,2,2,2,2,2,2
District Of Columbia,Psychiatry,,Radiology-Diagnostic,1801420A0,4,4,4,4,4,4,4,4,4,4
District Of Columbia,Psychiatry,,Radiation Oncology,1801430A0,1,1,2,2,1,1,2,0,2,1
District Of Columbia,Psychiatry,,Radiation Oncology,1801430R0,,,,,,,1,0,,
District Of Columbia,Psychiatry,Gen Surgery/Georgetown-WHC,Surg-Prelim/Georgetown-WHC,1801440P0,9,1,9,2,9,0,9,0,9,0
District Of Columbia,Psychiatry,Gen Surgery/Georgetown-WHC,Medicine-Pediatrics,1801700C0,4,4,4,4,4,4,4,4,4,4
District Of Columbia,Dermatology,,Emergency Med/Georgetown-WHC,1800110C0,10,10,10,10,10,10,10,10,10,10
District Of Columbia,Dermatology,,Family Med/Georgetown-WHC,1800120C0,6,6,6,6,4,4,4,4,4,4
District Of Columbia,Dermatology,,Internal Medicine,1800140C0,31,31,30,30,30,30,29,29,29,29
District Of Columbia,Dermatology,,Medicine-Preliminary,1800140P0,9,8,11,11,11,11,11,11,11,11
District Of Columbia,Dermatology,,Obstetrics-Gynecology,1800220C0,10,10,10,10,10,10,10,10,10,10
District Of Columbia,Dermatology,Vascular Surgery,Dermatology/Internal Med,1800785C0,2,2,2,2,2,2,2,2,2,2
District Of Columbia,MedStar National Rehab Hosp-DC,Washington,Phys Medicine & Rehab,3191340C0,6,6,6,6,6,6,6,6,6,6
District Of Columbia,MedStar Washington Hosp Ctr-DC,Washington,Dermatology,1800080R0,,,,,,,1,1,,
District Of Columbia,St Elizabeths Hospital/DBH-DC,Washington,Psychiatry,1804400C0,9,9,6,6,6,6,8,8,9,9
Florida,AdventHealth Florida,Orlando,Anesthesiology,1102040A0,8,8,8,8,,,,,,
Florida,Anesthesiology,,Emergency Medicine/East Orlando,1102110C0,12,12,8,8,8,8,7,7,6,6
Florida,Anesthesiology,,Emergency Medicine/Tampa,1102110C1,10,10,,,,,,,,
Florida,Anesthesiology,,Family Medicine/Winter Park,1102120C0,12,12,12,12,12,8,12,12,12,12
Florida,Anesthesiology,,Fam Med/East Orlando/Osteopathic,1102120C1,8,8,8,8,8,8,8,8,8,8
Florida,Anesthesiology,,Family Medicine/Sebring,1102120C2,8,8,8,8,8,8,6,6,8,4
Florida,Anesthesiology,Family Medicine/Wesley Chapel,Family Medicine/Ocala,1102120C4,8,8,8,8,,,,,,
Florida,Anesthesiology,Family Medicine/Wesley Chapel,Internal Medicine/Orlando,1102140C0,14,14,14,14,14,14,12,12,12,12
Florida,Anesthesiology,Family Medicine/Wesley Chapel,Internal Medicine/Sebring,1102140C1,15,15,15,15,8,8,8,8,8,8
Florida,Anesthesiology,Family Medicine/Wesley Chapel,Internal Medicine/Tampa,1102140C2,20,20,13,13,13,13,13,13,,
Florida,Medicine-Primary/Orlando,,Neurology,1102180C0,4,4,,,,,,,,
Florida,Medicine-Primary/Orlando,,Obstetrics-Gynecology/Orlando,1102220C0,5,5,4,4,4,4,4,4,,
Florida,Medicine-Primary/Orlando,,Obstetrics-Gynecology/Tampa,1102220C1,3,3,3,3,3,3,,,,
Florida,Medicine-Primary/Orlando,,Orthopaedic Surgery,1102260C0,6,6,6,6,6,6,6,6,,
Florida,Medicine-Primary/Orlando,,Pediatrics,1102320C0,12,12,12,12,12,12,6,6,6,6
Florida,Medicine-Primary/Orlando,Radiology-Diagnostic,General Surgery/Orlando,1102440C0,6,6,6,6,4,4,4,4,4,4
Florida,Medicine-Primary/Orlando,Radiology-Diagnostic,General Surgery/Tampa,1102440C1,4,4,4,4,4,4,,,,
Florida,Medicine-Primary/Orlando,Radiology-Diagnostic,Surgery-Prelim/Tampa,1102440P0,4,4,4,3,4,4,,,,
Florida,Medicine-Primary/Orlando,Radiology-Diagnostic,Surgery-Prelim/Orlando,1102440P1,8,4,,,,,,,,
Florida,Medicine-Primary/Orlando,Radiology-Diagnostic,Transitional/Tampa,1102999P0,13,13,13,13,,,,,,
Florida,Baptist Health South Florida,Coral Gables,Family Medicine/FIU,2331120C0,,,,,4,4,4,4,,
Florida,BayCare Health System-FL,Clearwater,Emergency Medicine,2300110C0,10,10,10,10,,,,,,
Florida,BayCare Health System-FL,Clearwater,Family Medicine,2300120C0,10,10,6,6,6,6,,,,
Florida,BayCare Health System-FL,Clearwater,Internal Medicine/St Josephs,2300140C0,32,32,26,26,39,19,,,,
Florida,BayCare Health System-FL,Clearwater,Internal Med/Mease Countryside,2300140C1,20,20,20,20,,,,,,
Florida,BayCare Health System-FL,Clearwater,Int Med//Morton Plant North Bay,2300140C2,10,10,10,10,,,,,,
Florida,Int Med/St Anthonys Hosp,,Int Med/St Josephs Hosp-South,2300140C4,11,11,10,10,,,,,,
Florida,Int Med/St Anthonys Hosp,,Medicine-Preliminary,2300140P0,4,1,,,,,,,,
Florida,Int Med/St Anthonys Hosp,,Obstetrics-Gynecology,2300220C0,4,4,,,,,,,,
Florida,Int Med/St Anthonys Hosp,,Pediatrics,2300320C0,8,8,8,8,8,5,8,8,8,8
Florida,Int Med/St Anthonys Hosp,Psychiatry/Morton Plant North Bay,Psychiatry/Tampa,2300400C1,4,2,,,,,,,,
Florida,Int Med/St Anthonys Hosp,Psychiatry/Morton Plant North Bay,General Surgery,2300440C0,4,4,4,4,,,,,,
Florida,Int Med/St Anthonys Hosp,Psychiatry/Morton Plant North Bay,Transitional/Tampa,2300999P0,15,4,15,15,,,,,,
Florida,Int Med/St Anthonys Hosp,Psychiatry/Morton Plant North Bay,Transitional/New Port Richey,2300999P1,8,7,,,,,,,,
Florida,Borinquen Health Care Ctr-FL,Miami,Family Medicine,2254120C0,4,4,4,4,4,4,4,4,4,4
Florida,Broward Health Med Ctr-FL,Fort Lauderdale,Dermatology,1892080A0,3,3,3,3,3,3,3,3,3,3
Florida,Broward Health Med Ctr-FL,Fort Lauderdale,Emergency Medicine,1892110C0,15,15,15,15,15,12,13,7,13,8
Florida,Family Medicine,,Internal Medicine,1892140C0,18,18,18,18,18,18,16,16,16,12
Florida,Family Medicine,,Internal Med/North Program,1892140C1,16,16,16,16,15,15,15,15,15,15
Florida,Family Medicine,,Neurology,1892180C0,3,3,3,3,,,,,,
Florida,Family Medicine,,Obstetrics-Gynecology,1892220C0,3,3,,,,,,,,
Florida,Family Medicine,,Orthopaedic Surgery,1892260C0,4,4,4,4,3,3,3,3,3,3
Florida,Family Medicine,Otolaryngology,Pediatrics,1892320C0,7,7,9,9,9,3,8,6,8,8
Florida,Family Medicine,Otolaryngology,Phys Medicine & Rehab,1892340A0,4,4,4,4,4,4,,,,
Florida,Family Medicine,Otolaryngology,Phys Medicine & Rehab,1892340R0,,,,,4,4,,,,
Florida,Family Medicine,Otolaryngology,Psychiatry,1892400C0,5,5,5,5,5,5,5,5,5,5
Florida,General Surgery,,Transitional,1892999P0,,,,,,,4,4,4,4
Florida,General Surgery,,Transitional/North Program,1892999P1,16,16,16,16,16,16,16,16,16,16
Florida,Citrus Health Network-FL,Hialeah,Psychiatry,1864400C0,4,4,4,4,4,4,4,4,4,4
Florida,Cleveland Clinic Florida,Weston,Anesthesiology,1383040C0,6,6,6,6,5,5,5,5,5,5
Florida,Cleveland Clinic Florida,Weston,Internal Medicine,1383140C0,13,13,13,13,9,9,9,9,9,9
Florida,Cleveland Clinic Florida,Weston,Med-Prelim/Neurology,1383140P0,4,2,4,4,2,2,2,2,2,2
Florida,Cleveland Clinic Florida,Weston,Medicine-Preliminary,1383140P1,4,4,4,4,2,2,2,2,2,2
Florida,Neurological Surgery,,Neurology,1383180A0,4,4,4,4,2,2,2,2,2,2
Florida,Neurological Surgery,,Neurology,1383180R0,,,1,1,,,2,1,,
Florida,Neurological Surgery,,General Surgery,1383440C0,4,4,4,4,4,4,4,4,3,3
Florida,Neurological Surgery,,Surgery-Preliminary,1383440P0,4,4,3,3,2,2,,,3,3
Florida,Miami,,Family Medicine,2194120C0,5,3,7,6,5,5,4,4,6,6
Florida,Miami,,Psychiatry,2194400C0,5,5,5,5,4,4,5,5,5,5
Florida,Clearwater,,Family Medicine,2472120C0,6,6,,,,,,,,
Florida,Boca Raton,,Emergency Medicine,1586110C0,6,6,6,6,6,6,7,7,6,6
Florida,Boca Raton,Internal Medicine,Medicine-Preliminary,1586140P0,,,,,,,3,3,2,2
Florida,FAU-Schmidt COM-FL (Continued),Boca Raton,Neurology,1586180C0,3,3,3,3,3,3,3,3,3,3
Florida,FAU-Schmidt COM-FL (Continued),Boca Raton,Psychiatry,1586400C0,3,3,3,3,4,4,4,4,4,4
Florida,General Surgery,,Surgery-Preliminary,1586440P0,5,1,5,2,5,1,5,2,5,1
Florida,West Palm Beach,,Public Health & Preventive Medicine,1777380R0,2,0,2,1,,,,,,
Florida,Miami,,Family Medicine,2317120C0,4,4,4,4,,,,,,
Florida,Miami,,Internal Med/Baptist Health,2317140C0,28,28,24,24,,,,,,
Florida,Miami,,Medicine-Primary,2317140M0,6,4,6,6,6,6,6,4,6,6
Florida,Miami,Med-Prelim/Baptist Health,Med-Prelim/Radiology,2317140P1,3,2,3,3,,,,,,
Florida,Miami,Med-Prelim/Baptist Health,Neurology,2317180C0,4,4,4,4,,,,,,
Florida,Miami,Med-Prelim/Baptist Health,Radiology-Diagnostic,2317420A0,5,5,5,5,,,,,,
Florida,Miami,Med-Prelim/Baptist Health,General Surgery,2317440C0,5,5,5,5,,,,,,
Florida,Miami,Med-Prelim/Baptist Health,Surgery-Preliminary,2317440P0,2,0,2,0,,,,,,
Florida,Tallahassee,,Emergency Medicine/Sarasota,1826110C0,9,9,9,9,9,9,9,9,9,9
Florida,Tallahassee,Emergency Medicine/Pensacola,Family Medicine/Lee Memorial,1826120C0,11,,10,10,9,9,9,9,8,
Florida,Tallahassee,Emergency Medicine/Pensacola,Family Medicine/Winter Haven,1826120C1,8,8,8,5,8,8,8,8,8,8
Florida,Tallahassee,Emergency Medicine/Pensacola,Family Medicine/Tallahassee,1826120C2,11,4,,,,,,,,
Florida,Tallahassee,Emergency Medicine/Pensacola,Family Med/Emerald Coast,1826120C3,6,5,,,,,,,,
Florida,Tallahassee,Emergency Medicine/Pensacola,Internal Medicine/Tallahassee,1826140C0,11,8,11,11,10,8,10,10,8,8
Florida,Internal Medicine/Sarasota,,Internal Medicine/Cape Coral,1826140C2,20,20,12,12,12,12,12,12,12,12
Florida,Internal Medicine/Sarasota,,Internal Med/Pensacola,1826140C3,6,6,,,,,,,,
Florida,Internal Medicine/Sarasota,,Med-Prelim/Tallahassee,1826140P0,1,1,2,2,2,1,1,1,2,2
Florida,Internal Medicine/Sarasota,,Ob-Gyn/Cape Coral,1826220C1,6,6,,,,,,,,
Florida,Internal Medicine/Sarasota,,Ob-Gyn/Pensacola,1826220C2,6,6,,,,,,,,
Florida,Internal Medicine/Sarasota,Pediatrics/Pensacola,Psychiatry,1826400C0,4,4,4,4,,,,,,
Florida,Internal Medicine/Sarasota,Pediatrics/Pensacola,General Surgery,1826440C0,3,3,3,3,2,2,2,2,2,2
Florida,Internal Medicine/Sarasota,Pediatrics/Pensacola,Surgery-Preliminary,1826440P0,2,0,2,1,2,0,2,0,2,0
Florida,Internal Medicine/Sarasota,Pediatrics/Pensacola,Transitional/Winter Haven,1826999P0,12,12,12,12,13,13,,,,
Florida,Internal Medicine/Sarasota,Pediatrics/Pensacola,Transitional/Cape Coral,1826999P1,26,26,,,,,,,,
Florida,HCA Florida JFK Hosp-U Miami-FL,Atlantis,Internal Medicine,1384140C0,19,11,19,19,19,6,19,19,19,12
Florida,HCA Florida JFK Hosp-U Miami-FL,Atlantis,Orthopaedic Surgery,1384260C0,3,3,3,3,3,3,3,3,,
Florida,HCA Florida JFK Hosp-U Miami-FL,Atlantis,General Surgery,1384440C0,3,3,3,3,3,3,3,3,3,3
Florida,Orange Park,,Dermatology,1771080A0,4,4,3,3,3,3,3,3,3,3
Florida,Orange Park,,Dermatology,1771080R0,,,1,1,,,,,,
Florida,Orange Park,Emergency Medicine,Family Medicine,1771120C0,6,6,6,3,5,5,6,6,6,4
Florida,Orange Park,Emergency Medicine,Internal Medicine,1771140C0,13,13,13,13,13,13,13,6,13,3
Florida,Orange Park,Emergency Medicine,Psychiatry,1771400C0,5,5,4,4,4,4,4,4,4,4
Florida,Orange Park,Emergency Medicine,General Surgery,1771440C0,3,3,3,3,3,3,3,3,3,3
Florida,Orange Park,Emergency Medicine,Surgery-Preliminary,1771440P0,,,1,1,,,,,,
Florida,Margate,,Anesthesiology/Kendall,2232040A0,6,6,6,6,6,6,6,6,6,6
Florida,Margate,,Anesthesiology/Westside,2232040C0,6,6,6,6,6,6,6,6,6,6
Florida,Margate,Anesthesiology/Westside,Emergency Medicine/Aventura,2232110C0,12,11,12,12,12,10,12,4,12,11
Florida,Margate,Anesthesiology/Westside,Emergency Medicine/St Lucie,2232110C1,6,6,6,4,6,6,5,1,6,0
Florida,Margate,Anesthesiology/Westside,Emergency Medicine/Kendall,2232110C2,12,12,12,12,12,12,12,12,12,10
Florida,Margate,Anesthesiology/Westside,Emergency Medicine/Westside,2232110C3,13,13,13,13,13,13,13,5,13,6
Florida,Emergency Medicine/Ft. Pierce,,Family Medicine/St Lucie,2232120C0,6,4,6,3,6,2,5,5,6,5
Florida,Emergency Medicine/Ft. Pierce,,Internal Medicine/Westside,2232140C0,15,15,15,15,24,20,15,14,15,2
Florida,Emergency Medicine/Ft. Pierce,,Internal Medicine/Aventura,2232140C1,15,15,15,15,15,15,15,15,15,8
Florida,Emergency Medicine/Ft. Pierce,,Internal Medicine/Kendall,2232140C2,14,14,14,14,13,9,14,9,14,14
Florida,Emergency Medicine/Ft. Pierce,,Internal Medicine/Lawnwood,2232140C3,15,13,15,11,15,15,15,15,,
Florida,Emergency Medicine/Ft. Pierce,Neurology/Westside,Neurology/Kendall,2232180C1,3,3,3,3,,,,,,
Florida,Emergency Medicine/Ft. Pierce,Neurology/Westside,Obstetrics-Gynecology/Westside,2232220C0,4,4,4,4,4,4,4,4,4,4
Florida,Emergency Medicine/Ft. Pierce,Neurology/Westside,Pathology/Westside,2232300C0,2,2,2,2,2,2,2,2,2,1
Florida,Emergency Medicine/Ft. Pierce,Neurology/Westside,Pediatrics/Palms West,2232320C0,6,2,6,0,6,2,6,3,6,2
Florida,Emergency Medicine/Ft. Pierce,Neurology/Westside,Psychiatry/Aventura,2232400C0,7,7,5,5,5,5,5,5,5,5
Florida,Psychiatry/JFK North,,Radiology-Diagnostic/Aventura,2232420C0,7,4,7,7,7,7,5,5,5,5
Florida,Psychiatry/JFK North,,Radiology-Diagnostic/Aventura,2232420R0,,,,,2,2,,,,
Florida,Psychiatry/JFK North,,General Surgery/Westside,2232440C0,4,4,4,4,4,4,4,4,4,4
Florida,Psychiatry/JFK North,,General Surgery/Kendall,2232440C1,6,6,6,6,6,6,5,5,5,5
Florida,Psychiatry/JFK North,General Surgery/Lawnwood,Surgery-Preliminary/Kendall,2232440P0,4,,4,0,5,0,5,0,4,
Florida,Psychiatry/JFK North,General Surgery/Lawnwood,Surg-Prelim/Anesth-Kendall,2232440P1,1,0,1,0,1,1,1,0,1,1
Florida,Psychiatry/JFK North,General Surgery/Lawnwood,Surgery-Preliminary/Westside,2232440P2,6,1,6,0,,,,,,
Florida,Psychiatry/JFK North,General Surgery/Lawnwood,Transitional/Aventura,2232999P0,6,6,6,6,6,6,8,8,8,8
Florida,Psychiatry/JFK North,General Surgery/Lawnwood,Transitional/Kendall,2232999P1,,,,,8,3,8,7,8,8
Florida,Trans/Anesthesiology-Kendall,,Transitional/Westside,2232999P3,15,7,15,7,15,3,15,11,15,4
Florida,Trans/Anesthesiology-Kendall,,Transitional/Fort Pierce,2232999P4,15,15,15,4,,,,,,
Florida,Bradenton,Internal Medicine,Medicine-Preliminary,1899140P0,6,6,5,2,5,3,5,0,6,0
Florida,Bradenton,Internal Medicine,Phys Medicine & Rehab,1899340A0,2,2,2,2,2,2,,,,
Florida,Bradenton,Internal Medicine,Physi Medicine & Rehab,1899340R0,,,,,2,2,,,,
Florida,Bradenton,Internal Medicine,Transitional,1899999P0,11,11,13,13,13,12,9,9,10,10
Florida,Bradenton,Internal Medicine,Transitional/PM&R,1899999P1,2,2,,,,,,,,
Florida,HCA Healthcare/USF Morsani,Brandon,Emergency Medicine,1772110C0,12,7,12,7,12,8,12,4,15,11
Florida,HCA Healthcare/USF Morsani,Brandon,Internal Medicine,1772140C0,20,5,20,19,20,5,20,12,15,8
Florida,Obstetrics-Gynecology,,Pathology,1772300C0,2,2,2,2,2,1,2,2,2,2
Florida,Obstetrics-Gynecology,,General Surgery,1772440C0,4,4,4,4,3,3,4,4,4,4
Florida,Obstetrics-Gynecology,,Surgery-Preliminary,1772440P0,4,1,4,2,4,2,4,1,4,0
Florida,Obstetrics-Gynecology,,Transitional,1772999P0,11,11,11,11,11,4,11,7,11,11
Florida,Inverness,,Internal Medicine,2195140C0,20,5,20,6,20,8,22,5,15,2
Florida,Inverness,,Medicine-Preliminary,2195140P0,,,,,,,5,0,5,0
Florida,Inverness,,Transitional,2195999P0,8,2,8,2,8,4,,,,
Florida,Largo,,Dermatology,1981080A0,3,3,3,3,3,3,3,3,3,3
Florida,Largo,,Internal Medicine,1981140C0,20,12,18,16,21,12,22,20,13,13
Florida,Largo,,Orthopaedic Surgery,1981260C0,2,2,2,2,2,2,2,2,2,2
Florida,Largo,,Psychiatry,1981400C0,5,5,5,5,5,5,4,4,4,4
Florida,Largo,Transitional,Transitional/Dermatology,1981999P1,3,3,3,3,3,3,3,3,2,2
Florida,Anesthesiology,,Anesthesiology,1662040R0,,,5,5,,,,,,
Florida,Anesthesiology,,Anesthesiology,1662040R1,,,,,,,,,2,2
Florida,Anesthesiology,,Emergency Medicine,1662110C0,6,6,6,2,6,6,6,1,6,4
Florida,Anesthesiology,,Family Medicine,1662120C0,8,4,8,4,8,6,8,8,8,5
Florida,Anesthesiology,,Internal Medicine,1662140C0,23,3,23,10,23,1,23,3,20,1
Florida,Anesthesiology,Medicine-Preliminary,Transitional,1662999P0,8,6,10,7,10,3,4,3,10,4
Florida,Anesthesiology,Medicine-Preliminary,Transitional/Anesthesiology,1662999P1,2,2,,,,,6,3,,
Florida,St. Petersburg,,Family Medicine,2196120C0,4,4,4,0,4,4,10,7,10,10
Florida,St. Petersburg,,Transitional,2196999P0,,,,,,,9,9,9,8
Florida,Trinity,,Internal Medicine,2235140C0,20,15,18,11,20,11,20,4,20,4
Florida,Trinity,,Radiology-Diagnostic,2235420A0,6,6,6,6,4,4,6,6,6,6
Florida,Trinity,,Radiology-Diagnostic,2235420R0,,,2,2,,,,,,
Florida,Trinity,Transitional,Transitional/Radiology,2235999P1,,,,,,,6,0,2,2
Florida,HCA Healthcare/USF Morsani-Bayonet,Hudson,Internal Medicine,2137140C0,20,3,20,7,20,10,20,8,20,5
Florida,HCA Healthcare/USF Morsani-Bayonet,Hudson,General Surgery,2137440C0,3,3,3,3,3,3,3,3,3,3
Florida,Surgery-Preliminary,,Transitional,2137999P0,11,5,11,3,11,11,11,8,11,2
Florida,Surgery-Preliminary,,Transitional/Ophthalmology,2137999P1,,,1,1,,,2,1,2,1
Florida,Halifax Med Ctr-FL,Daytona Beach,Family Medicine,1629120C0,8,8,8,4,8,8,8,8,8,7
Florida,Jessie Trice Comm Hlth Sys-FL,Miami,Family Medicine,2452120C0,4,3,4,4,,,,,,
Florida,Child Neurology,,Child Neurology,1589185R0,,,1,0,,,,,,
Florida,Child Neurology,,Pediatrics,1589320C0,12,10,12,12,12,8,12,12,12,12
Florida,Keralty Hospital-FL,Miami,Family Medicine,2342120C0,7,5,7,7,6,6,6,6,,
Florida,Lakeland Regional Health-FL,Lakeland,Emergency Medicine,2323110C0,15,15,15,15,15,15,15,15,,
Florida,Lakeland Regional Health-FL,Lakeland,Family Medicine,2323120C0,8,6,8,8,8,5,8,7,,
Florida,Lakeland Regional Health-FL,Lakeland,Internal Medicine,2323140C0,20,20,20,20,20,20,20,20,,
Florida,Lakeland Regional Health-FL,Lakeland,Psychiatry,2323400C0,4,4,4,4,4,4,4,4,,
Florida,General Surgery,,Transitional,2323999P0,18,13,18,12,18,4,18,4,,
Florida,Belle Glade,,Family Medicine,2282120C0,5,5,5,5,5,4,5,5,5,5
Florida,Hialeah,,Dermatology,2238080A0,4,4,4,4,4,4,4,4,3,3
Florida,Hialeah,,Dermatology,2238080R0,,,,,,,1,1,,
Florida,Hialeah,,Family Medicine,2238120C0,12,7,8,8,9,9,13,13,8,8
Florida,Hialeah,Internal Medicine,Neurology,2238180C0,4,4,4,4,4,4,4,4,4,4
Florida,Hialeah,Internal Medicine,Osteo Neuromusculo Med,2238275R0,6,2,6,1,6,0,6,3,6,4
Florida,Hialeah,Internal Medicine,Phys Medicine & Rehab,2238340A0,6,6,6,6,6,6,,,,
Florida,Hialeah,Internal Medicine,Phys Medicine & Rehab,2238340C0,,,,,,,4,4,8,8
Florida,Hialeah,Internal Medicine,Phys Medicine & Rehab,2238340R0,,,1,1,2,2,,,,
Florida,South Miami,,Anesthesiology,1481040C0,,,,,,,,,4,4
Florida,South Miami,,Dermatology,1481080A0,4,4,4,4,4,4,4,1,5,3
Florida,South Miami,Dermatology/Goodman,Dermatology,1481080R0,1,1,1,1,4,4,2,2,3,3
Florida,South Miami,Dermatology/Goodman,Dermatology/Goodman,1481080R2,1,1,,,,,,,,
Florida,South Miami,Dermatology/Goodman,Family Medicine,1481120C0,12,12,9,9,9,9,8,8,9,9
Florida,South Miami,Dermatology/Goodman,Family Medicine/Rural,1481120C1,2,2,2,2,,,,,,
Florida,Internal Medicine,,Neurology,1481180C0,4,4,3,3,5,5,4,4,4,3
Florida,Internal Medicine,,Orthopaedic Surgery,1481260C0,4,4,4,4,4,4,4,4,4,4
Florida,Internal Medicine,,Phys Medicine & Rehab,1481340A0,8,8,8,8,8,8,8,8,7,7
Florida,Internal Medicine,,Psychiatry,1481400C0,13,13,12,12,16,15,14,14,10,10
Florida,Internal Medicine,,Radiology-Diagnostic,1481420A0,4,2,5,3,5,4,5,5,4,4
Florida,Manatee Memorial Hosp-FL,Bradenton,Family Medicine,2109120C0,4,4,4,4,4,4,4,4,4,4
Florida,Manatee Memorial Hosp-FL,Bradenton,Internal Medicine,2109140C0,10,10,12,12,10,10,11,5,12,12
Florida,Mayo Clinic School of Grad Med,Jacksonville,Anesthesiology,1032040C0,6,6,6,6,6,6,6,6,6,6
Florida,Mayo Clinic School of Grad Med,Jacksonville,Dermatology,1032080C0,3,3,3,3,2,2,2,2,2,2
Florida,Mayo Clinic School of Grad Med,Jacksonville,Family Medicine,1032120C0,8,8,8,8,8,8,8,8,6,6
Florida,Internal Medicine,,Neurological Surgery,1032160C0,2,2,1,1,1,1,1,1,1,1
Florida,Internal Medicine,,Neurology,1032180C0,6,6,6,6,6,6,6,6,6,6
Florida,Internal Medicine,,Neurology,1032180R0,,,,,1,1,,,,
Florida,Internal Medicine,,Child Neurology,1032185A0,3,3,2,1,2,2,2,2,2,2
Florida,Internal Medicine,,Child Neurology,1032185R0,1,0,1,0,2,2,,,,
Florida,Internal Medicine,Orthopaedic Surgery,Otolaryngology,1032280C0,2,2,2,2,2,2,2,2,,
Florida,Internal Medicine,Orthopaedic Surgery,Pathology,1032300C0,2,2,2,2,,,,,,
Florida,Internal Medicine,Orthopaedic Surgery,Phys Medicine & Rehab,1032340C0,2,2,2,2,2,2,,,,
Florida,Internal Medicine,Orthopaedic Surgery,Plastic Surgery (Integrated),1032362C0,1,1,1,1,1,1,1,1,,
Florida,Interventional Radiology (Integ),,Radiology-Diagnostic,1032420C0,6,6,6,6,6,6,5,5,5,5
Florida,Interventional Radiology (Integ),,Radiology-Diagnostic,1032420R0,,,,,1,1,,,,
Florida,Interventional Radiology (Integ),,Radiation Oncology,1032430C0,1,1,1,1,1,1,1,0,1,1
Florida,Interventional Radiology (Integ),,General Surgery,1032440C0,5,5,5,5,4,4,3,3,3,3
Florida,Interventional Radiology (Integ),,Surgery-Preliminary,1032440P0,2,2,2,2,2,2,2,2,2,2
Florida,Pembroke Pines,,Anesthesiology,2085040C0,3,3,3,3,3,3,3,3,3,3
Florida,Pembroke Pines,,Emergency Medicine,2085110C0,10,10,10,10,10,10,10,10,10,10
Florida,Pembroke Pines,Internal Medicine,Medicine-Preliminary,2085140P0,4,3,4,4,4,4,4,4,4,4
Florida,Pembroke Pines,Internal Medicine,Neurology,2085180C0,4,4,4,4,4,4,4,4,4,4
Florida,Pembroke Pines,Internal Medicine,Obstetrics-Gynecology,2085220C0,4,4,4,4,4,4,4,4,4,4
Florida,Pembroke Pines,Internal Medicine,Pediatrics,2085320C0,8,8,8,8,8,8,8,8,8,8
Florida,Pembroke Pines,Internal Medicine,Phys Medicine & Rehab,2085340C0,4,4,4,4,4,4,4,4,4,4
Florida,Psychiatry,,General Surgery,2085440C0,6,6,6,6,6,6,6,6,6,6
Florida,Psychiatry,,Transitional,2085999P0,6,6,6,6,6,6,3,3,20,20
Florida,Miami Beach,Anesthesiology,Emergency Medicine,1105110C0,8,8,8,8,7,7,7,3,7,7
Florida,Miami Beach,Anesthesiology,Internal Medicine,1105140C0,17,17,17,17,17,17,17,17,17,17
Florida,Miami Beach,Anesthesiology,Medicine-Preliminary,1105140P0,4,3,4,4,4,4,4,3,4,4
Florida,Miami Beach,Anesthesiology,Obstetrics-Gynecology,1105220C0,3,3,3,3,3,3,3,3,3,3
Florida,Pathology,,Psychiatry,1105400C0,3,3,3,3,3,3,3,3,3,3
Florida,Pathology,,Radiology-Diagnostic,1105420A0,5,5,5,5,5,5,5,5,5,5
Florida,Pathology,,General Surgery,1105440C0,4,4,3,3,3,3,3,3,3,3
Florida,Pathology,,Surgery-Preliminary,1105440P0,2,2,3,2,3,2,3,3,3,3
Florida,Naples,,Internal Medicine,1958140C0,16,16,16,16,16,16,15,15,16,16
Florida,Naples,,Transitional,1958999P0,6,3,6,5,6,6,6,6,6,6
Florida,Orlando,,Pediatrics,2175320C0,16,16,16,16,16,16,12,12,12,12
Florida,Miami,,Child Neurology,1110185R0,1,1,1,1,,,,,,
Florida,Miami,Pediatrics,Pediatrics/SACM,1110320C1,,,,,1,1,1,1,1,1
Florida,Nova Southeastern University,Clearwater,Family Medicine,2256120C0,,,6,6,4,4,4,4,,
Florida,Psychiatry/Orlando,,Psychiatry/Bay Pines,2256400C1,4,4,3,3,3,3,3,3,3,1
Florida,St Petersburg,,Family Medicine,1911120C0,8,8,8,8,8,8,8,8,8,8
Florida,Orlando Health-FL,Orlando,Emergency Medicine,1107110C0,18,18,18,18,18,18,18,18,18,18
Florida,Orlando Health-FL,Orlando,Internal Medicine,1107140C0,15,15,13,13,13,13,13,13,13,13
Florida,Medicine-Preliminary,,Neurology,1107180C0,2,2,2,2,2,2,2,2,2,2
Florida,Medicine-Preliminary,,Obstetrics-Gynecology,1107220C0,8,8,8,8,8,8,8,8,7,7
Florida,Medicine-Preliminary,,Orthopaedic Surgery,1107260C0,5,5,5,5,5,5,5,5,5,5
Florida,Medicine-Preliminary,,Pathology,1107300C0,3,3,,,2,1,3,3,2,2
Florida,Medicine-Preliminary,,Pediatrics,1107320C0,16,16,16,16,16,16,14,14,,
Florida,Medicine-Preliminary,General Surgery,Surgery-Preliminary,1107440P0,6,4,6,1,6,0,6,2,6,5
Florida,Palmetto General Hosp-FL,Hialeah,Family Medicine,2121120C0,3,1,3,2,,,,,4,4
Florida,Internal Medicine,,Neurology,2121180C0,2,2,2,2,1,1,1,1,1,1
Florida,Daytona Beach,,Psychiatry,2484400C0,10,4,,,,,,,,
Florida,Hialeah,,Psychiatry,2393400C0,10,9,10,10,10,10,,,,
Florida,Jacksonville,,Family Medicine,3125120C0,12,12,12,12,12,12,10,10,10,10
Florida,Tallahassee,,Family Medicine,2926120C0,,,11,8,11,11,11,11,11,9
Florida,Orlando,,Anesthesiology/Ocala,1587040A0,9,9,9,9,9,9,9,9,9,9
Florida,Orlando,,Dermatology,1587080A0,3,3,2,2,2,2,2,2,2,2
Florida,Orlando,,Dermatology,1587080R0,,,,,,,,,2,2
Florida,Orlando,Emergency Med/Orlando,Emergency Med/Gainesville,1587110C1,8,6,8,7,8,8,8,8,8,8
Florida,Orlando,Emergency Med/Orlando,Emergency Med/Ocala,1587110C2,10,8,7,4,7,6,7,3,7,6
Florida,Orlando,Emergency Med/Orlando,Family Medicine/Gainesville,1587120C0,8,8,8,8,8,7,8,8,8,8
Florida,Orlando,Emergency Med/Orlando,Family Medicine/Ocala,1587120C1,6,2,6,5,6,3,6,3,6,3
Florida,Internal Med/Orlando,,Internal Medicine/Ocala,1587140C1,15,15,15,15,15,15,15,15,15,8
Florida,Internal Med/Orlando,,Internal Med/Gainesville,1587140C2,20,20,20,20,20,20,20,20,20,15
Florida,Internal Med/Orlando,,Internal Med/Pensacola,1587140C3,10,3,10,10,10,10,10,10,,
Florida,Internal Med/Orlando,,Internal Med/Lake Monroe,1587140C4,12,12,12,12,12,12,,,,
Florida,Internal Med/Orlando,,Internal Med/Ft Walton Bch,1587140C5,12,12,12,8,12,0,,,,
Florida,Internal Med/Orlando,Internal Medicine/Tallahassee,Neurology/Kissimmee,1587180C0,4,4,4,4,4,4,4,3,4,4
Florida,U Central FL/HCA Healthcare,Orlando,Ob-Gyn/Kissimmee,1587220C0,3,3,3,3,3,3,3,3,3,3
Florida,U Central FL/HCA Healthcare,Orlando,Ob-Gyn/Gainesville,1587220C1,4,4,4,4,4,4,4,4,4,4
Florida,Ob-Gyn/Pensacola,,Orthopaedic Surgery/Ocala,1587260C0,3,3,3,3,3,3,3,3,3,3
Florida,Ob-Gyn/Pensacola,,Phys Med & Rehab/Pensacola,1587340A0,6,6,6,6,4,4,4,4,4,4
Florida,Ob-Gyn/Pensacola,,Phys Med & Rehab/Sanford,1587340A1,4,4,,,,,,,,
Florida,Ob-Gyn/Pensacola,,Phys Med & Rehabi/Sanford,1587340R1,4,4,,,,,,,,
Florida,Ob-Gyn/Pensacola,,Psychiatry/Gainesville,1587400C0,8,8,8,8,8,8,8,8,8,8
Florida,Ob-Gyn/Pensacola,Psychiatry/Kissimmee,Psychiatry/Tallahassee,1587400C2,6,4,6,6,6,6,6,6,6,4
Florida,Ob-Gyn/Pensacola,Psychiatry/Kissimmee,Psychiatry/Pensacola,1587400C3,8,2,8,8,,,,,,
Florida,Ob-Gyn/Pensacola,Psychiatry/Kissimmee,General Surgery/Ocala,1587440C0,5,5,5,5,4,4,4,4,4,4
Florida,Ob-Gyn/Pensacola,Psychiatry/Kissimmee,General Surgery/Kissimmee,1587440C1,3,3,3,3,3,3,3,3,3,3
Florida,General Surgery/Pensacola,,Surgery-Preliminary/Ocala,1587440P0,4,1,4,0,4,0,4,0,4,0
Florida,General Surgery/Pensacola,,Transitional/Orlando,1587999P0,14,12,14,14,14,10,14,11,14,14
Florida,General Surgery/Pensacola,,Transitional/Ocala,1587999P1,13,11,13,11,13,13,13,13,13,11
Florida,General Surgery/Pensacola,,TransitionalGainesville,1587999P2,12,12,12,12,12,11,12,11,12,12
Florida,General Surgery/Pensacola,,Transitional/Pensacola,1587999P3,12,10,12,9,,,,,,
Florida,General Surgery/Pensacola,Transitional/Sanford,Transitional/Ft Walton Bch,1587999P5,13,3,,,,,,,,
Florida,U Florida COM-Jacksonville,Jacksonville,Anesthesiology,1101040C0,4,4,4,4,4,4,4,4,4,4
Florida,Anesthesiology/Military,,Emergency Medicine,1101110C0,15,15,15,15,15,15,15,15,15,15
Florida,Anesthesiology/Military,,Emergency Medicine/Military,1101110C1,,,,,,,,,1,1
Florida,Anesthesiology/Military,,Internal Medicine,1101140C0,16,16,16,16,16,16,16,16,14,14
Florida,Anesthesiology/Military,,Medicine-Preliminary,1101140P0,2,2,2,2,2,2,2,2,6,2
Florida,Anesthesiology/Military,,Med-Prelim/Neurology,1101140P1,4,4,3,3,4,4,4,4,4,4
Florida,Anesthesiology/Military,Med-Prelim/Radiology,Neurology,1101180A0,4,4,3,3,4,4,4,4,4,4
Florida,Anesthesiology/Military,Med-Prelim/Radiology,Neurology,1101180R0,,,1,1,,,,,,
Florida,Anesthesiology/Military,Med-Prelim/Radiology,Obstetrics-Gynecology,1101220C0,6,6,6,6,6,6,6,6,6,6
Florida,Anesthesiology/Military,Med-Prelim/Radiology,Orthopaedic Surgery,1101260C0,4,4,4,4,4,4,4,4,4,4
Florida,Pathology,,Pediatrics,1101320C0,15,,14,14,14,11,14,14,14,
Florida,Pathology,,Peds-Prelim/Child Neurology,1101320P0,3,3,2,1,2,2,2,2,2,2
Florida,Pathology,,Psychiatry,1101400C0,4,4,4,4,3,3,3,3,3,3
Florida,Pathology,,Psychiatry/CAP,1101400C1,3,3,3,3,2,2,2,2,2,2
Florida,Pathology,,Interventional Radiology (Integ),1101416A0,1,1,1,1,1,1,1,1,1,1
Florida,Pathology,Radiology-Diagnostic,Radiology-Diagnostic,1101420R0,1,1,,,1,1,1,1,,
Florida,Pathology,Radiology-Diagnostic,General Surgery,1101440C0,5,5,5,5,5,5,5,5,5,5
Florida,Pathology,Radiology-Diagnostic,Surgery-Preliminary,1101440P0,5,5,5,5,6,3,6,0,6,0
Florida,U Florida COM-Shands Hosp,Gainesville,Anesthesiology,1824040A0,1,1,1,1,1,1,1,1,1,1
Florida,U Florida COM-Shands Hosp,Gainesville,Anesthesiology,1824040C0,19,19,20,20,20,20,20,20,20,20
Florida,U Florida COM-Shands Hosp,Gainesville,Anesthesiology,1824040R1,4,4,5,5,3,3,4,4,6,6
Florida,U Florida COM-Shands Hosp,Gainesville,Dermatology,1824080A0,4,4,4,4,4,4,4,4,4,4
Florida,U Florida COM-Shands Hosp,Gainesville,Emergency Medicine,1824110C0,14,14,14,14,14,14,14,14,14,14
Florida,Gainesville,,Family Med/Emerald Coast,1824120C1,,,6,6,6,5,,,,
Florida,Gainesville,,Internal Med/Gainesville,1824140C0,33,33,33,33,33,33,32,32,33,33
Florida,Gainesville,Internal Med/Pensacola,Medicine-Preliminary,1824140P0,14,14,14,14,12,12,14,14,14,14
Florida,Gainesville,Internal Med/Pensacola,Neurological Surgery,1824160C0,2,2,3,3,2,2,2,2,2,2
Florida,Gainesville,Internal Med/Pensacola,Neurology,1824180C0,8,8,8,8,8,8,8,8,8,8
Florida,Gainesville,Internal Med/Pensacola,Child Neurology,1824185C0,2,2,2,2,2,2,2,2,1,0
Florida,Gainesville,Internal Med/Pensacola,Child Neurology,1824185R0,,,,,1,0,1,1,,
Florida,Ob-Gyn/Gainesville,,Ob-Gyn/Pensacola,1824220C1,,,6,6,6,6,5,5,4,4
Florida,Ob-Gyn/Gainesville,,Orthopaedic Surgery,1824260C0,4,4,4,4,4,4,4,4,4,4
Florida,Ob-Gyn/Gainesville,,Otolaryngology,1824280C0,3,3,3,3,3,3,3,3,3,3
Florida,Ob-Gyn/Gainesville,,Pathology,1824300C0,5,5,4,4,4,4,5,5,4,4
Florida,Ob-Gyn/Gainesville,Pediatrics/Gainesville,Peds/Arnold Palmer-Orlando,1824320C1,,,,,,,,,14,14
Florida,Ob-Gyn/Gainesville,Pediatrics/Gainesville,Pediatrics/Pensacola,1824320C3,,,9,9,9,8,9,9,9,9
Florida,Ob-Gyn/Gainesville,Pediatrics/Gainesville,Phys Medicine & Rehab,1824340A0,4,4,4,4,4,4,4,4,4,4
Florida,Ob-Gyn/Gainesville,Pediatrics/Gainesville,Plastic Surgery (Integrated),1824362C0,1,1,1,1,1,1,1,1,1,1
Florida,Ob-Gyn/Gainesville,Pediatrics/Gainesville,Psychiatry,1824400C0,16,16,14,14,12,12,12,12,11,11
Florida,Radiology-Diagnostic,,Radiation Oncology,1824430A0,2,2,2,2,3,3,2,1,2,2
Florida,Radiology-Diagnostic,,General Surgery,1824440C0,7,7,6,6,6,6,6,6,6,6
Florida,Radiology-Diagnostic,,Surgery-Preliminary,1824440P0,8,8,8,4,8,7,8,6,8,3
Florida,Radiology-Diagnostic,,Thoracic Surgery,1824461C0,1,1,1,1,,,1,1,1,1
Florida,Miami,,Internal Medicine,1821140C0,14,14,14,14,14,14,13,13,14,14
Florida,Miami,,Medicine-Preliminary,1821140P0,6,6,6,6,6,6,6,6,6,6
Florida,Miami,,General Surgery,1821440C0,3,3,3,3,3,3,3,3,3,3
Florida,Miami,,Transitional,1821999P0,15,15,15,15,15,12,15,15,15,15
Florida,Miami,,Anesthesiology,1104040A0,2,2,2,2,2,2,2,2,2,2
Florida,Miami,,Anesthesiology,1104040C3,24,24,26,26,26,26,24,24,26,26
Florida,Miami,,Anesthesiology/3-yr MD Path,1104040C4,1,1,,,,,2,2,,
Florida,Miami,Anesthesiology/Military,Anesthesiology,1104040R0,1,1,,,,,,,,
Florida,Miami,Anesthesiology/Military,Anesthesiology/Military,1104040R1,,,,,,,2,0,,
Florida,Miami,Anesthesiology/Military,Dermatology,1104080A0,5,5,5,5,6,6,6,6,5,5
Florida,Miami,Anesthesiology/Military,Dermatology/PhD Research,1104080A1,1,1,1,1,1,0,1,1,,
Florida,Dermatology/DMCH,,Dermatology,1104080R1,,,1,1,,,,,,
Florida,Dermatology/DMCH,,Dermatology,1104080R2,,,,,,,2,2,,
Florida,Dermatology/DMCH,,Dermatology/Research,1104080R3,,,1,1,,,,,,
Florida,Dermatology/DMCH,,Emergency Medicine,1104110C0,18,18,19,19,14,14,14,14,14,14
Florida,Dermatology/DMCH,,Emergency Med/Funded,1104110C1,,,,,,,1,0,1,0
Florida,Dermatology/DMCH,Family Medicine,Internal Medicine,1104140C0,24,24,22,22,23,23,21,21,24,24
Florida,Dermatology/DMCH,Family Medicine,Internal Med/Funded,1104140C1,,,,,1,1,1,0,1,1
Florida,Dermatology/DMCH,Family Medicine,Internal Med/Harrington,1104140C2,12,12,12,12,12,12,12,12,11,11
Florida,Dermatology/DMCH,Family Medicine,Internal Med/Urban Health,1104140C3,2,2,4,4,3,3,4,4,2,2
Florida,Dermatology/DMCH,Family Medicine,Internal Medicine/3-yr MD Path,1104140C4,,,,,,,1,1,,
Florida,Miami,,Med-Prelim/BPEI,1104140P3,8,8,8,8,8,8,7,7,7,7
Florida,Miami,,Neurological Surgery,1104160C0,4,4,4,4,3,3,3,3,3,3
Florida,Miami,Neurology,Neurology,1104180C0,8,8,10,10,9,9,8,8,9,9
Florida,Miami,Neurology,Neurology,1104180R0,1,1,1,1,1,1,,,1,1
Florida,Miami,Neurology,Obstetrics-Gynecology,1104220C0,6,6,8,8,8,8,8,8,8,8
Florida,Miami,Neurology,Ob-Gyn/3-yr MD Path,1104220C1,2,2,,,,,,,,
Florida,Miami,Neurology,Orthopaedic Surgery,1104260C0,6,6,7,7,7,7,7,7,7,7
Florida,Orthopaedic Surgery/3-yr MD Path,,Otolaryngology,1104280C0,4,4,4,4,3,3,3,3,3,3
Florida,Orthopaedic Surgery/3-yr MD Path,,Otolaryngology/Research,1104280C1,1,1,1,1,1,1,1,1,1,1
Florida,Orthopaedic Surgery/3-yr MD Path,,Pathology,1104300C0,6,6,6,6,3,3,3,3,6,6
Florida,Orthopaedic Surgery/3-yr MD Path,,Pathology/3-yr MD Path,1104300C1,,,,,1,1,1,1,,
Florida,Orthopaedic Surgery/3-yr MD Path,Pediatrics,Pediatrics/3-yr MD Path,1104320C1,1,1,1,1,1,1,2,2,,
Florida,Orthopaedic Surgery/3-yr MD Path,Pediatrics,Phys Medicine & Rehab,1104340A0,8,8,8,8,8,8,8,8,8,8
Florida,Orthopaedic Surgery/3-yr MD Path,Pediatrics,Plastic Surgery (Integrated),1104362C0,2,2,2,2,2,2,2,2,2,2
Florida,Orthopaedic Surgery/3-yr MD Path,Pediatrics,Psychiatry,1104400C0,14,14,15,15,13,13,13,13,14,14
Florida,Orthopaedic Surgery/3-yr MD Path,Pediatrics,Psychiatry/3-Yr MD Path,1104400C2,,,,,1,1,1,1,,
Florida,Interventional Radiology (Integ),,Radiology-Diagnostic,1104420A0,9,9,8,8,9,9,9,9,9,9
Florida,Interventional Radiology (Integ),,Rad-Diag/International,1104420A2,1,1,1,1,1,1,,,1,1
Florida,Interventional Radiology (Integ),,Radiology-Diagnostic,1104420R0,,,1,1,1,1,,,,
Florida,Interventional Radiology (Integ),,Radiation Oncology,1104430A0,2,2,4,4,2,2,2,0,2,1
Florida,Interventional Radiology (Integ),,Radiation Oncology/3-yr MD Path,1104430A1,1,1,,,,,,,,
Florida,Interventional Radiology (Integ),Radiation Oncology,Rad Onc/Funded Military,1104430R1,,,1,0,,,,,,
Florida,Interventional Radiology (Integ),Radiation Oncology,General Surgery,1104440C0,7,7,7,7,6,6,7,7,7,7
Florida,Interventional Radiology (Integ),Radiation Oncology,General Surgery/3-Yr MD Path,1104440C1,,,,,1,1,,,,
Florida,Interventional Radiology (Integ),Radiation Oncology,Surgery-Preliminary,1104440P1,15,15,15,15,14,14,15,15,13,13
Florida,Interventional Radiology (Integ),Radiation Oncology,Vascular Surgery,1104451C0,1,1,,,1,1,,,1,1
Florida,Tampa,,Anesthesiology,1109040C0,12,12,12,12,8,8,,,,
Florida,Tampa,Dermatology,Emergency Medicine,1109110C0,13,,10,10,10,10,10,10,10,
Florida,Tampa,Dermatology,Family Medicine/MPM,1109120C0,8,8,8,8,8,8,8,8,8,8
Florida,Tampa,Dermatology,Family Medicine/TGH,1109120C1,8,6,8,8,,,,,,
Florida,Tampa,Dermatology,Internal Medicine,1109140C0,36,36,35,35,34,34,33,33,33,33
Florida,Tampa,Dermatology,Medicine-Preliminary,1109140P0,3,1,4,4,6,6,8,5,6,0
Florida,Med-Prelim/Dermatology,,Med-Prelim/Radiology,1109140P2,2,1,2,2,3,3,1,1,4,4
Florida,Med-Prelim/Dermatology,,Med-Prelim/Radiation Onc,1109140P3,,,2,2,1,1,,,2,2
Florida,Med-Prelim/Dermatology,,Med-Prelim/Ophthalmology,1109140P4,,,,,,,4,4,4,4
Florida,Med-Prelim/Dermatology,,Neurological Surgery,1109160C0,3,3,3,3,2,2,2,2,2,2
Florida,Med-Prelim/Dermatology,,Neurology,1109180C0,12,12,8,8,8,8,8,8,8,8
Florida,Med-Prelim/Dermatology,Neurology/Adult,Obstetrics-Gynecology,1109220C0,7,7,7,7,6,6,6,6,6,6
Florida,Med-Prelim/Dermatology,Neurology/Adult,Orthopaedic Surgery,1109260C0,4,4,4,4,4,4,4,4,4,4
Florida,Med-Prelim/Dermatology,Neurology/Adult,Otolaryngology,1109280C0,3,3,3,3,3,3,3,3,3,3
Florida,Med-Prelim/Dermatology,Neurology/Adult,Pathology,1109300C0,3,3,3,3,3,3,3,3,3,3
Florida,Med-Prelim/Dermatology,Neurology/Adult,Pediatrics,1109320C0,12,12,12,12,12,12,12,12,12,12
Florida,Phys Medicine & Rehab,,Plastic Surgery (Integrated),1109362C0,5,5,4,4,4,4,4,4,4,4
Florida,Tampa,,Psychiatry,1109400C0,10,10,10,10,10,10,10,10,10,10
Florida,Tampa,,Psychiatry/TGBHH,1109400C1,3,3,,,,,,,,
Florida,Tampa,Interventional Radiology (Integ),Radiology-Diagnostic,1109420A0,6,6,6,6,6,6,6,6,6,6
Florida,Tampa,Interventional Radiology (Integ),Radiology-Diagnostic,1109420R0,,,,,,,,,1,1
Florida,Tampa,Interventional Radiology (Integ),Radiation Oncology,1109430A0,2,2,3,3,2,2,3,2,2,2
Florida,Tampa,Interventional Radiology (Integ),General Surgery,1109440C0,7,7,7,7,7,7,7,7,6,6
Florida,Tampa,Interventional Radiology (Integ),Surgery-Preliminary,1109440P0,4,4,4,4,4,3,4,3,4,3
Florida,Vascular Surgery,,Medicine-Pediatrics,1109700C0,5,5,4,4,5,5,6,6,5,5
Florida,Wellington,,Internal Medicine,2218140C0,8,8,8,8,8,8,8,8,8,8
Florida,Miami,,Family Medicine,1538120C0,,,,,,,,,4,4
Georgia,AU-UGA Medical Partnership-GA,Athens,Internal Medicine,1744140C0,12,12,11,11,11,11,11,11,11,8
Georgia,AU-UGA Medical Partnership-GA,Athens,Medicine-Preliminary,1744140P0,1,1,1,1,1,1,1,1,1,1
Georgia,AdventHealth Redmond-GA,Rome,Internal Medicine,1867140C0,13,12,13,13,13,13,13,13,13,13
Georgia,AdventHealth Redmond-GA,Rome,Transitional,1867999P0,13,13,13,13,13,13,13,13,13,10
Georgia,Atlanta,,Family Medicine,1112120C0,,,,,,,6,6,6,6
Georgia,Atlanta,Internal Medicine,Orthopaedic Surgery,1112260C0,,,,,,,4,4,4,
Georgia,Atlanta,Internal Medicine,General Surgery,1112440C0,,,,,,,3,3,3,3
Georgia,Atlanta,Internal Medicine,Surgery-Preliminary,1112440P0,,,,,,,2,2,2,1
Georgia,Atrium Health Navicent Med Ctr-GA,Macon,Family Medicine,1120120C0,6,6,7,7,8,8,6,4,6,6
Georgia,Atrium Health Navicent Med Ctr-GA,Macon,Internal Medicine,1120140C0,7,4,10,9,10,10,7,7,9,9
Georgia,Atrium Health Navicent Med Ctr-GA,Macon,Medicine-Preliminary,1120140P0,3,3,3,0,3,3,3,1,3,1
Georgia,Atrium Health Navicent Med Ctr-GA,Macon,Obstetrics-Gynecology,1120220C0,5,5,4,4,4,4,4,4,4,4
Georgia,Atrium Health Navicent Med Ctr-GA,Macon,Pediatrics,1120320C0,8,8,4,4,5,5,3,3,6,2
Georgia,Atrium Health Navicent Med Ctr-GA,Macon,General Surgery,1120440C0,6,6,6,6,6,6,5,5,5,5
Georgia,CareConnect Health Inc-GA,Cordele,Family Medicine,2417120C0,,,4,0,,,,,,
Georgia,Moultrie,,Family Medicine,2147120C0,4,3,4,2,4,2,4,4,4,4
Georgia,Moultrie,,Psychiatry,2147400C0,3,3,3,3,3,3,3,3,3,3
Georgia,Warner Robins,,Family Medicine,2130120C0,7,2,6,4,6,6,6,6,6,6
Georgia,Atlanta,,Anesthesiology,1113040A0,,,,,,,,,4,4
Georgia,Atlanta,,Anesthesiology,1113040C0,12,12,12,12,12,12,12,12,8,8
Georgia,Atlanta,,Anesthesiology,1113040R0,4,4,,,,,,,,
Georgia,Atlanta,,Dermatology,1113080A0,6,6,7,7,6,6,6,6,7,7
Georgia,Atlanta,,Dermatology/Physician,1113080R0,,,1,1,,,,,,
Georgia,Atlanta,Emergency Medicine,Emergency Med/International,1113110C1,,,1,1,,,,,,
Georgia,Atlanta,Emergency Medicine,Emergency Med/Research,1113110C2,1,1,1,1,,,,,,
Georgia,Atlanta,Emergency Medicine,Family Medicine,1113120C0,10,10,10,10,10,10,10,10,10,10
Georgia,Atlanta,Emergency Medicine,Internal Medicine,1113140C0,46,46,44,44,49,49,44,44,43,43
Georgia,Atlanta,Emergency Medicine,Internal Med/Research,1113140C1,1,1,1,1,1,1,2,2,3,3
Georgia,Medicine-Primary,,Medicine-Preliminary,1113140P1,,,,,6,6,6,6,6,6
Georgia,Medicine-Primary,,Neurological Surgery,1113160C0,4,4,4,4,4,4,4,4,2,2
Georgia,Medicine-Primary,,Neurology,1113180A0,9,9,9,9,10,10,9,9,10,10
Georgia,Medicine-Primary,,Child Neurology,1113185C0,4,4,4,4,4,4,3,3,3,3
Georgia,Medicine-Primary,Child Neurology,Obstetrics-Gynecology,1113220C0,9,9,9,9,9,9,9,9,9,9
Georgia,Medicine-Primary,Child Neurology,Orthopaedic Surgery,1113260C0,7,7,7,7,6,6,6,6,6,6
Georgia,Medicine-Primary,Child Neurology,Otolaryngology,1113280C0,5,5,5,5,5,5,4,4,4,4
Georgia,Medicine-Primary,Child Neurology,Pathology,1113300C0,7,7,8,8,8,8,7,7,9,9
Georgia,Medicine-Primary,Child Neurology,Pathology/Research,1113300C1,1,1,,,,,1,1,,
Georgia,Pediatrics,,Pediatrics/Research,1113320C1,,,1,1,1,1,,,,
Georgia,Pediatrics,,Phys Medicine & Rehab,1113340A0,6,6,6,6,6,6,6,6,6,6
Georgia,Pediatrics,,Plastic Surgery (Integrated),1113362C0,3,3,3,3,2,2,2,2,2,2
Georgia,Pediatrics,,Public Health & Preventive Med/2yr-MPH,1113380R0,2,2,3,3,,,,,,
Georgia,Pediatrics,Available,Psychiatry,1113400C0,12,12,11,11,11,11,10,10,11,11
Georgia,Pediatrics,Available,Psychiatry/Research,1113400C1,1,1,2,2,2,2,2,2,1,1
Georgia,Pediatrics,Available,Interventional Radiology (Integ),1113416A0,5,5,5,5,4,4,4,4,4,4
Georgia,Emory Univ SOM-GA (Continued),Atlanta,Radiology-Diagnostic,1113420A0,14,14,14,14,13,13,11,11,11,11
Georgia,Emory Univ SOM-GA (Continued),Atlanta,Radiology-Diag/Research,1113420A1,2,2,2,2,2,2,2,2,2,2
Georgia,Rad-Diag/Molecular Imaging,,Rad-Diag/Physician,1113420R0,,,,,2,2,,,,
Georgia,Rad-Diag/Molecular Imaging,,Radiation Oncology,1113430A0,3,3,4,4,4,4,3,3,3,3
Georgia,Rad-Diag/Molecular Imaging,,General Surgery,1113440C0,11,11,10,10,10,10,10,10,10,10
Georgia,Rad-Diag/Molecular Imaging,,Surgery-Preliminary,1113440P0,4,4,4,4,4,4,3,3,3,3
Georgia,Rad-Diag/Molecular Imaging,,Vascular Surgery/Clinical,1113451C0,1,1,1,1,1,1,1,1,2,2
Georgia,Rad-Diag/Molecular Imaging,Vascular Surgery/Research,Thoracic Surgery,1113461C0,2,2,1,1,1,1,1,1,1,1
Georgia,Rad-Diag/Molecular Imaging,Vascular Surgery/Research,Medicine-Pediatrics,1113700C0,4,4,4,4,,,,,,
Georgia,Rad-Diag/Molecular Imaging,Vascular Surgery/Research,Medicine-Psychiatry,1113715C0,2,2,2,2,2,2,2,2,2,2
Georgia,Rad-Diag/Molecular Imaging,Vascular Surgery/Research,Pediatrics-Medical Genetics,1113765C0,1,1,,,1,1,,,,
Georgia,Transitional,,Transitional/Anesthesiology,1113999P1,,,,,,,,,4,4
Georgia,Transitional,,Transitional/Neurology,1113999P2,9,9,9,9,10,10,8,8,10,10
Georgia,Transitional,,Transitional/Radiology,1113999P3,8,8,6,6,8,8,9,9,9,9
Georgia,Transitional,,Transitional/Ophthalmology,1113999P4,7,7,6,6,,,,,,
Georgia,Transitional,,Transitional/Rad Oncology,1113999P5,,,,,1,1,2,2,,
Georgia,Rome,,Family Medicine,1992120C0,9,9,8,8,9,3,9,9,8,8
Georgia,Rome,,Family Medicine/3 Yr MD Path,1992120C1,,,1,1,,,,,,
Georgia,Savannah,,Psychiatry,2165400C0,7,7,7,7,7,7,7,7,8,8
Georgia,Dalton,Family Medicine,Internal Medicine,2222140C0,15,15,15,15,15,15,12,12,10,10
Georgia,Medical College of Georgia,Augusta,Anesthesiology,1985040C0,12,12,12,12,11,11,11,11,11,11
Georgia,Anesthesiology,,Dermatology,1985080A0,4,4,3,3,3,3,3,3,3,3
Georgia,Anesthesiology,,Dermatology,1985080R0,1,1,,,,,,,,
Georgia,Anesthesiology,,Emergency Medicine,1985110C0,6,6,4,4,4,4,4,4,6,6
Georgia,Anesthesiology,,Emergency Medicine/3-yr MD Path,1985110C1,,,2,2,2,2,2,2,,
Georgia,Anesthesiology,,Family Medicine,1985120C0,9,3,11,11,12,6,11,10,11,11
Georgia,Anesthesiology,Family Med/Waycross,Family Medicine/3-yr MD Path,1985120C2,1,1,,,,,1,1,,
Georgia,Anesthesiology,Family Med/Waycross,Internal Medicine,1985140C0,18,18,18,18,19,19,19,19,20,20
Georgia,Anesthesiology,Family Med/Waycross,Int Med/Research Clinician,1985140C1,,,1,0,,,1,0,1,0
Georgia,Anesthesiology,Family Med/Waycross,Internal Medicine/3-yr MD Path,1985140C2,2,2,2,2,1,1,1,1,,
Georgia,Anesthesiology,Family Med/Waycross,Medicine-Preliminary,1985140P0,3,3,6,4,6,6,6,6,6,6
Georgia,Med-Prelim/Ophthalmology,,Neurological Surgery,1985160C0,1,1,1,1,1,1,1,1,1,1
Georgia,Med-Prelim/Ophthalmology,,Neurology,1985180C0,8,8,6,6,5,5,6,6,6,6
Georgia,Med-Prelim/Ophthalmology,,Child Neurology,1985185C0,,,,,2,0,,,1,0
Georgia,Augusta,,Obstetrics-Gynecology,1985220C0,5,5,5,5,4,4,5,5,5,5
Georgia,Augusta,,Ob-Gyn/3-yr MD Path,1985220C1,1,1,1,1,1,1,,,,
Georgia,Augusta,Orthopaedic Surgery,Otolaryngology,1985280C0,2,2,3,3,2,2,3,3,3,3
Georgia,Augusta,Orthopaedic Surgery,Pathology,1985300C0,3,3,4,4,4,4,3,3,2,2
Georgia,Augusta,Orthopaedic Surgery,Pediatrics,1985320C0,18,18,17,12,14,11,14,14,15,15
Georgia,Augusta,Orthopaedic Surgery,Pediatrics/3-yr MD Path,1985320C1,1,1,1,1,1,1,1,1,,
Georgia,Augusta,Orthopaedic Surgery,Psychiatry,1985400C0,7,7,6,6,6,6,7,7,7,7
Georgia,Psychiatry/CAP 5 yr,,Interventional Radiology (Integ),1985416A0,1,1,1,1,1,1,1,1,1,1
Georgia,Psychiatry/CAP 5 yr,,Radiology-Diagnostic,1985420A0,5,5,5,5,6,6,5,5,5,5
Georgia,Psychiatry/CAP 5 yr,,Radiology-Diagnostic,1985420R0,3,0,,,,,,,,
Georgia,Psychiatry/CAP 5 yr,,General Surgery,1985440C0,5,5,5,5,5,5,5,5,5,5
Georgia,Psychiatry/CAP 5 yr,General Surgery/3 yr MD Path,Surg-Prelim/Non-designated,1985440P1,1,1,2,2,2,1,2,2,2,1
Georgia,Memorial Health Univ Med Ctr-GA,Savannah,Emergency Med/Augusta,1971110C0,8,8,,,,,,,,
Georgia,Family Medicine,,Family Medicine/Waycross,1971120C1,3,0,2,2,3,3,2,1,,
Georgia,Family Medicine,,Family Medicine/Augusta,1971120C2,4,2,,,,,,,,
Georgia,Family Medicine,,Internal Medicine,1971140C0,16,15,14,14,14,7,11,11,13,11
Georgia,Family Medicine,,Internal Medicine/Rural,1971140C1,,,3,0,3,0,,,,
Georgia,Family Medicine,,Obstetrics-Gynecology,1971220C0,5,5,5,5,4,4,4,4,4,4
Georgia,Family Medicine,Pediatrics,Radiology-Diagnostic,1971420A0,4,2,4,4,5,5,4,4,4,4
Georgia,Family Medicine,Pediatrics,General Surgery,1971440C0,5,5,5,5,5,5,5,5,5,5
Georgia,Family Medicine,,Family Med/Dominican Hospital,2099120C1,8,8,8,8,8,8,,,,
Georgia,Family Medicine,,Internal Medicine,2099140C0,25,25,27,27,25,25,26,26,27,23
Georgia,Family Medicine,,Int Med/Bakersfield Memorial,2099140C1,10,10,10,10,,,,,,
Georgia,Family Medicine,,Medicine-Preliminary,2099140P0,4,4,4,4,4,4,4,3,4,4
Georgia,Family Medicine,,Neurology,2099180C0,3,3,3,3,3,3,3,3,,
Georgia,Family Medicine,Obstetrics-Gynecology,Obstetrics-Gynecology/Rural,2099220C1,2,2,1,1,,,,,,
Georgia,Family Medicine,Obstetrics-Gynecology,Pediatrics,2099320C0,6,6,6,6,6,2,6,5,6,3
Georgia,Family Medicine,Obstetrics-Gynecology,Public Health & Preventive Med/2yr-MPH,2099380R0,4,1,4,0,,,,,,
Georgia,Available,,Psychiatry,2099400C0,5,5,5,5,5,5,5,5,5,5
Georgia,Available,,General Surgery,2099440C0,3,3,3,3,3,3,3,3,3,3
Georgia,Available,,Surgery-Preliminary,2099440P0,6,3,6,6,6,1,6,0,6,3
Georgia,Available,,Transitional/Bakersfield,2099999P0,10,10,,,,,,,,
Georgia,Gainesville,,Emergency Medicine,2166110C0,12,12,12,12,12,12,12,12,12,12
Georgia,Gainesville,,Family Medicine,2166120C0,12,12,12,12,12,12,12,12,12,12
Georgia,Gainesville,,Internal Medicine,2166140C0,20,20,20,20,20,20,21,21,20,20
Georgia,Gainesville,Medicine-Primary,Psychiatry,2166400C0,6,6,6,6,6,6,6,6,6,6
Georgia,Northeast Georgia Med Ctr (Continued),Gainesville,General Surgery,2166440C0,6,6,6,6,6,6,6,6,6,6
Georgia,Northeast Georgia Med Ctr (Continued),Gainesville,Surgery-Preliminary,2166440P0,4,4,4,4,,,,,,
Georgia,Lawrenceville,,Family Medicine,1796120C0,8,8,8,8,8,8,8,2,5,5
Georgia,Lawrenceville,,Internal Medicine,1796140C0,15,15,15,15,15,15,15,15,14,14
Georgia,Lawrenceville,Medicine-Preliminary,Transitional,1796999P0,7,7,7,7,7,7,7,7,10,10
Georgia,Phoebe Putney Mem Hosp-GA,Albany,Family Medicine,1020120C0,12,8,8,2,8,8,8,3,8,5
Georgia,Piedmont Athens Regional-GA,Athens,Internal Medicine,1805140C0,21,21,21,21,21,21,21,21,20,20
Georgia,Piedmont Athens Regional-GA,Athens,Transitional,1805999P0,10,5,10,2,10,7,10,6,10,7
Georgia,Piedmont Columbus Regional-GA,Columbus,Family Medicine,1118120C0,12,12,12,12,12,12,10,10,12,12
Georgia,Emergency Medicine,,Internal Medicine,1972140C0,10,7,10,8,10,10,11,11,10,1
Georgia,Emergency Medicine,,Psychiatry,1972400C0,5,5,5,5,5,3,5,5,5,4
Georgia,Emergency Medicine,,Transitional,1972999P0,13,13,13,7,13,10,13,13,13,13
Georgia,Valdosta,,Family Medicine,2292120C0,8,8,,,,,,,,
Georgia,Valdosta,,Internal Medicine,2292140C0,10,10,10,10,8,8,8,8,8,8
Georgia,Valdosta,,Transitional,2292999P0,10,5,10,8,,,,,,
Georgia,Brunswick,,Internal Medicine,2451140C0,15,15,13,13,,,,,,
Georgia,Columbus,,Internal Medicine,2326140C0,10,6,10,7,10,3,10,2,10,8
Georgia,Tift Regional Health Sys-GA,Tifton,Internal Medicine,2498140C0,8,8,,,,,,,,
Georgia,WellStar Health System-GA,Marietta,Emergency Med/Kennestone,1814110C0,12,12,12,12,12,12,13,7,14,14
Georgia,WellStar Health System-GA,Marietta,Family Medicine/Kennestone,1814120C0,8,8,8,8,8,8,8,8,8,8
Georgia,WellStar Health System-GA,Marietta,Family Medicine/Douglas,1814120C1,6,6,5,5,5,5,,,,
Georgia,WellStar Health System-GA,Marietta,Internal Med/Kennestone,1814140C0,15,15,14,14,13,13,17,17,17,17
Georgia,Internal Medicine/Cobb,,Internal Medicine/Spalding,1814140C2,10,10,10,10,9,9,,,,
Georgia,Internal Medicine/Cobb,,Med-Primary/Kennestone,1814140M0,2,2,3,3,4,4,,,,
Georgia,Internal Medicine/Cobb,,Ob-Gyn/Kennestone,1814220C0,4,4,4,4,4,4,4,4,4,4
Georgia,Internal Medicine/Cobb,,Obstetrics-Gynecology/Rural,1814220C1,1,1,,,,,,,,
Georgia,Internal Medicine/Cobb,,Ortho Surgery/Kennestone,1814260C0,4,4,4,4,4,4,,,,
Georgia,Internal Medicine/Cobb,Gen Surgery/Kennestone,Surgery-Prelim/Kennestone,1814440P0,1,0,1,0,1,1,,,,
Georgia,Internal Medicine/Cobb,Gen Surgery/Kennestone,Transitional/Kennestone,1814999P0,20,20,20,20,20,20,20,20,20,20
Hawaii,Honolulu,,Internal Medicine,1727140C0,5,5,5,5,5,5,5,5,5,5
Hawaii,Tripler Amc,,Internal Medicine,1431140C0,3,3,6,6,6,6,6,6,6,6
Hawaii,Tripler Amc,,Psychiatry,1431400C0,2,0,,,,,1,1,1,1
Hawaii,Tripler Amc,,Radiology-Diagnostic,1431420C0,2,0,1,1,1,1,1,1,1,1
Hawaii,Honolulu,,Family Medicine,3350120C0,7,7,7,7,7,7,7,7,7,7
Hawaii,Honolulu,,Family Medicine/Kauai Rural,3350120C1,4,4,,,,,,,,
Hawaii,Honolulu,,Internal Medicine,3350140C0,19,19,19,19,20,20,17,17,17,17
Hawaii,Honolulu,,Medicine-Primary,3350140M0,,,,,,,2,2,2,2
Hawaii,Honolulu,Medicine-Primary,Medicine-Preliminary,3350140P0,3,3,3,3,3,3,2,2,2,0
Hawaii,Honolulu,Medicine-Primary,Obstetrics-Gynecology,3350220C0,6,6,6,6,6,6,6,6,6,6
Hawaii,Honolulu,Medicine-Primary,Ob-Gyn/Preliminary,3350220P0,1,1,1,1,,,,,,
Hawaii,Honolulu,Medicine-Primary,Orthopaedic Surgery,3350260C0,1,1,1,1,1,1,1,1,1,1
Hawaii,Honolulu,Medicine-Primary,Ortho Surgery/Research,3350260C1,1,1,1,1,1,1,1,1,1,1
Hawaii,Honolulu,,Pediatrics,3350320C0,8,8,8,8,8,8,8,8,8,8
Hawaii,Honolulu,,Psychiatry,3350400C0,8,8,8,8,8,8,8,8,7,7
Hawaii,Waianae Coast Comp Health-HI,Waianae,Family Medicine,2450120C0,3,3,3,3,,,,,,
Idaho,Eastern Idaho Reg Med Ctr,Idaho Falls,Family Medicine,2140120C0,6,6,6,1,6,6,6,6,6,3
Idaho,Eastern Idaho Reg Med Ctr,Idaho Falls,Internal Medicine,2140140C0,10,2,10,0,10,5,10,3,10,1
Idaho,Eastern Idaho Reg Med Ctr,Idaho Falls,Psychiatry,2140400C0,4,4,4,4,4,4,4,4,,
Idaho,Full Circle Health-ID,Boise,Family Medicine/Boise,3039120C0,12,12,12,12,12,12,12,12,12,11
Idaho,Full Circle Health-ID,Boise,Family Medicine/Caldwell,3039120C1,4,2,4,4,4,4,4,4,4,4
Idaho,Full Circle Health-ID,Boise,Family Medicine/Magic Valley,3039120C2,2,1,2,1,2,2,2,1,2,2
Idaho,Family Medicine/Nampa,,Pediatrics,3039320C0,4,4,4,4,4,4,4,4,,
Idaho,Pocatello,,Family Medicine,1005120C0,8,8,8,8,8,8,8,8,7,7
Idaho,Pocatello,Family Medicine/Rexburg,Family Medicine/Rupert/Rural,1005120C2,2,2,2,1,1,1,1,1,,
Idaho,Kootenai Health-ID,Coeur D'Alene,Family Medicine,1593120C0,7,6,7,7,7,7,7,5,7,7
Idaho,Mountain States Institute-ID,Meridian,Family Medicine,2442120C0,6,5,6,6,,,,,,
Idaho,U Washington Boise-ID,Boise,Internal Medicine,1172140C0,12,12,12,12,11,11,11,11,10,10
Idaho,U Washington Boise-ID,Boise,Medicine-Preliminary,1172140P1,4,4,4,4,4,4,4,4,4,4
Idaho,U Washington Boise-ID,Boise,Psychiatry,1172400C0,4,4,4,4,4,4,4,4,4,4
Illinois,Advocate Health Care-IL,Oak Brook,Anesthesiology/AIMMC,2117040C0,6,6,6,6,6,6,6,6,,
Illinois,Advocate Health Care-IL (Continued),Oak Brook,Anesthesiology/AIMMC,2117040R0,2,2,4,4,2,2,8,8,,
Illinois,Advocate Health Care-IL (Continued),Oak Brook,Emergency Medicine/ACMC,2117110C0,14,14,14,14,14,14,14,14,14,14
Illinois,Family Medicine/ACMC,,Family Medicine/AIMMC,2117120C1,8,8,8,8,8,8,8,8,8,8
Illinois,Family Medicine/ACMC,,Family Medicine/ALGH,2117120C2,9,9,9,9,9,9,9,9,9,9
Illinois,Family Medicine/ACMC,,Internal Medicine/AIMMC,2117140C0,16,16,16,16,16,16,16,16,16,16
Illinois,Family Medicine/ACMC,,Internal Medicine/ALGH,2117140C1,19,19,19,19,19,19,19,19,18,18
Illinois,Family Medicine/ACMC,,Internal Medicine/ACMC,2117140C2,21,21,21,21,21,21,21,21,21,21
Illinois,Family Medicine/ACMC,Med-Prelim/AIMMC,Med-Prelim/ALGH,2117140P1,9,9,9,9,8,8,8,8,8,8
Illinois,Family Medicine/ACMC,Med-Prelim/AIMMC,Med-Prelim/ACMC,2117140P2,3,3,3,3,4,4,3,3,2,2
Illinois,Family Medicine/ACMC,Med-Prelim/AIMMC,Obstetrics-Gynecology/AIMMC,2117220C0,3,3,3,3,3,3,3,3,3,3
Illinois,Family Medicine/ACMC,Med-Prelim/AIMMC,Obstetrics-Gynecology/ALGH,2117220C1,5,5,4,4,4,4,4,4,4,4
Illinois,Pediatrics/ACMC,,Pediatrics/ALGH,2117320C1,20,20,19,19,13,11,14,14,14,14
Illinois,Pediatrics/ACMC,,Psychiatry/ALGH,2117400C0,4,4,4,4,4,4,4,4,4,4
Illinois,Pediatrics/ACMC,,Radiology-Diagnostic/AIMMC,2117420A0,3,3,3,3,3,3,3,3,3,3
Illinois,Pediatrics/ACMC,,General Surgery,2117440C0,7,7,7,7,7,7,7,7,7,7
Illinois,Pediatrics/ACMC,,Surgery-Preliminary,2117440P0,4,1,2,2,2,2,2,1,2,2
Illinois,Evanston,,Obstetrics-Gynecology,1168220C0,,,,,,,,,6,6
Illinois,Chicago,,Emergency Medicine,1937110C0,,,13,13,13,13,13,13,13,13
Illinois,Chicago,,Family Medicine,1937120C0,,,6,6,6,6,6,6,6,6
Illinois,Chicago,,Transitional,1937999P0,,,14,14,14,14,14,14,14,14
Illinois,Hoffman Estates,,Obstetrics-Gynecology,2340220C0,6,6,6,6,6,6,6,6,,
Illinois,Evanston,,Internal Medicine,1168140C0,,,16,16,16,16,16,16,16,16
Illinois,Evanston,Medicine-Preliminary,Radiology-Diagnostic,1168420A0,,,,,,,,,3,2
Illinois,Evanston,Medicine-Preliminary,Transitional,1168999P0,,,10,10,10,10,10,8,10,10
Illinois,Family Medicine,,Internal Medicine,1405140C0,15,15,16,16,16,16,20,20,20,20
Illinois,Family Medicine,,Medicine-Preliminary,1405140P0,7,5,7,5,7,7,5,5,5,5
Illinois,Family Medicine,,Obstetrics-Gynecology,1405220C0,,,3,3,3,3,3,3,3,1
Illinois,Family Medicine,,General Surgery,1405440C0,2,2,2,2,2,2,2,2,2,2
Illinois,Family Medicine,,Surgery-Preliminary,1405440P0,2,1,2,1,2,1,2,2,2,2
Illinois,Ascension St Mary-IL,Chicago,Family Medicine,1389120C0,,,12,8,12,6,12,12,12,12
Illinois,Carle Foundation Hosp-IL,Urbana,Family Medicine/Urbana,1226120C0,,,,,,,6,6,6,6
Illinois,Carle Foundation Hosp-IL,Urbana,Family Medicine/Normal,1226120C2,,,,,,,3,2,2,0
Illinois,Carle Foundation Hosp-IL,Urbana,Internal Medicine,1226140C0,12,12,12,12,12,12,10,10,11,11
Illinois,Carle Foundation Hosp-IL,Urbana,Int Med/ABIM Research Path,1226140C1,1,1,1,0,,,1,1,,
Illinois,Medicine-Primary,,Medicine-Preliminary,1226140P0,2,2,2,2,3,0,1,0,2,2
Illinois,Medicine-Primary,,Neurology,1226180C0,3,3,1,1,1,1,1,1,1,1
Illinois,Medicine-Primary,,Obstetrics-Gynecology,1226220C0,4,4,4,4,4,4,4,4,4,4
Illinois,Medicine-Primary,,Psychiatry,1226400C0,4,4,4,4,4,4,4,4,4,4
Illinois,Medicine-Primary,,General Surgery,1226440C0,4,4,4,4,4,4,4,3,4,4
Illinois,Cook County Health and Hosps,Chicago,Anesthesiology,1127040C0,9,9,9,9,9,9,9,9,9,9
Illinois,Cook County Health and Hosps,Chicago,Anesthesiology/1 cad,1127040R1,,,,,1,1,,,,
Illinois,Dermatology,,Dermatology,1127080R0,,,,,2,2,,,,
Illinois,Dermatology,,Emergency Medicine,1127110C0,17,17,17,17,17,17,17,17,17,17
Illinois,Dermatology,,Family Medicine,1127120C0,13,9,12,6,12,8,12,12,12,12
Illinois,Dermatology,,Internal Medicine,1127140C0,41,41,44,44,41,41,41,41,41,41
Illinois,Dermatology,Medicine-Primary,Pediatrics,1127320C0,7,7,7,7,7,7,7,7,4,4
Illinois,Dermatology,Medicine-Primary,Public Health & Prev Med/2yr-MPH,1127380R0,3,3,3,3,,,,,,
Illinois,Franciscan Health Olympia Fields-IL,Olympia Fields,Emergency Medicine,1950110C0,8,8,8,8,8,8,8,2,8,8
Illinois,Franciscan Health Olympia Fields-IL,Olympia Fields,Internal Medicine,1950140C0,16,15,16,16,16,12,16,16,16,16
Illinois,Orthopaedic Surgery,,Radiology-Diagnostic,1950420C0,4,4,4,4,4,4,3,3,3,3
Illinois,Orthopaedic Surgery,,General Surgery,1950440C0,3,3,3,3,3,3,3,3,3,3
Illinois,La Grange Mem Hosp-IL,La Grange,Family Medicine,3037120C0,7,5,7,6,7,7,7,7,7,7
Illinois,Lawndale Christian Health Ctr-IL,Chicago,Family Medicine,2237120C0,8,8,8,8,8,8,6,6,6,6
Illinois,Loyola Univ Med Ctr-IL,Maywood,Anesthesiology,1170040C0,13,13,13,13,13,13,13,13,13,13
Illinois,Loyola Univ Med Ctr-IL,Maywood,Anesthesiology,1170040R0,,,,,,,,,1,1
Illinois,Dermatology,,Emergency Medicine,1170110C0,6,6,6,6,6,6,6,6,6,6
Illinois,Dermatology,,Internal Medicine,1170140C0,34,34,34,34,34,34,34,34,34,34
Illinois,Dermatology,,Medicine-Preliminary,1170140P0,6,6,5,5,4,4,5,5,5,5
Illinois,Dermatology,,Neurological Surgery,1170160C0,2,2,1,1,2,2,1,1,2,2
Illinois,Dermatology,,Neurology,1170180C0,7,7,6,6,6,6,6,6,6,6
Illinois,Dermatology,Neurology - Neurology PGY 2,Obstetrics-Gynecology,1170220C0,5,5,5,5,5,5,5,5,5,5
Illinois,Dermatology,Neurology - Neurology PGY 2,Orthopaedic Surgery,1170260C0,5,5,5,5,5,5,5,5,5,5
Illinois,Dermatology,Neurology - Neurology PGY 2,Otolaryngology,1170280C0,3,3,3,3,3,3,3,3,3,3
Illinois,Dermatology,Neurology - Neurology PGY 2,Pathology,1170300C0,4,4,4,4,4,4,4,4,4,4
Illinois,Pediatrics,,Plastic Surgery (Integrated),1170362C0,2,2,1,1,1,1,1,1,1,1
Illinois,Pediatrics,,Psychiatry,1170400C0,6,6,6,6,6,6,6,6,6,6
Illinois,Pediatrics,,Radiology-Diagnostic,1170420A0,7,7,7,7,7,7,7,7,7,7
Illinois,Pediatrics,,Radiation Oncology,1170430A0,2,2,1,1,2,2,2,1,2,2
Illinois,Pediatrics,,General Surgery,1170440C0,7,7,7,7,7,7,6,6,6,6
Illinois,Pediatrics,Surgery-Preliminary,Vascular Surgery,1170451C0,1,1,1,1,1,1,1,1,1,1
Illinois,Pediatrics,Surgery-Preliminary,Medicine-Pediatrics,1170700C0,4,4,4,4,4,4,4,4,4,4
Illinois,Family Medicine,,Internal Medicine,1121140C0,14,14,13,13,14,14,14,14,14,14
Illinois,Family Medicine,,Transitional,1121999P0,10,10,10,10,10,10,12,9,12,12
Illinois,Family Medicine,,Transitional/Ophthalmology,1121999P1,4,4,4,4,4,2,4,4,4,3
Illinois,Wheaton,,Phys Medicine & Rehab,1103340A0,6,6,6,6,6,6,6,6,6,6
Illinois,Rockford,,Family Medicine,2163120C0,10,8,10,6,10,10,10,10,10,10
Illinois,Mt Sinai Hosp Med Ctr-IL,Chicago,Family Medicine,1144120C0,8,8,,,,,,,,
Illinois,Mt Sinai Hosp Med Ctr-IL,Chicago,Medicine-Preliminary,1144140P0,3,2,3,2,3,3,3,3,3,1
Illinois,Chicago,,Child Neurology,1842185C0,4,4,4,4,4,4,3,3,3,3
Illinois,Chicago,,Child Neurology,1842185R0,,,1,1,1,1,,,,
Illinois,Northwestern McGaw/NMH/VA-IL,Chicago,Anesthesiology/3 Yr,2247040A0,8,8,8,8,8,8,8,8,8,8
Illinois,Northwestern McGaw/NMH/VA-IL,Chicago,Anesthesiology/4 Yr,2247040C0,15,15,15,15,15,15,15,15,15,15
Illinois,Anesthesiology,,Dermatology,2247080A0,6,6,5,5,5,5,6,6,5,5
Illinois,Anesthesiology,,Emergency Medicine,2247110C0,15,15,15,15,15,15,15,15,15,15
Illinois,Anesthesiology,,Family Med/Erie-Swedish,2247120C0,,,,,,,8,8,8,8
Illinois,Anesthesiology,,Family Med/Lake Forest,2247120C1,8,8,8,8,8,8,8,8,8,8
Illinois,Anesthesiology,,Family Med/Delnor,2247120C2,8,8,8,8,8,8,8,8,8,8
Illinois,Anesthesiology,Internal Medicine,Internal Medicine/PSTP,2247140C1,4,4,4,4,5,5,4,4,4,4
Illinois,Anesthesiology,Internal Medicine,Medicine-Preliminary,2247140P0,2,2,2,2,1,1,1,1,1,1
Illinois,Anesthesiology,Internal Medicine,Med-Prelim/Neurology,2247140P1,9,9,9,9,10,10,10,10,10,10
Illinois,Anesthesiology,Internal Medicine,Neurological Surgery,2247160C0,3,3,3,3,3,3,3,3,3,3
Illinois,Neurology,,Obstetrics-Gynecology,2247220C0,12,12,12,12,12,12,12,12,12,12
Illinois,Neurology,,Orthopaedic Surgery,2247260C0,6,6,6,6,6,6,6,6,6,6
Illinois,Neurology,,Otolaryngology,2247280C0,4,4,4,4,4,4,4,4,3,3
Illinois,Neurology,,Pathology,2247300C0,5,5,8,8,7,7,5,5,5,5
Illinois,Neurology,,Pathology/Investigator Trk,2247300C1,1,1,,,,,1,1,1,1
Illinois,Neurology,Plastic Surgery (Integrated),Psychiatry,2247400C0,10,10,9,9,9,9,8,8,8,8
Illinois,Neurology,Plastic Surgery (Integrated),Psychiatry/Research,2247400C1,,,1,1,1,1,1,1,1,1
Illinois,Neurology,Plastic Surgery (Integrated),Interventional Radiology (Integ),2247416A0,2,2,2,2,2,2,2,2,2,2
Illinois,Neurology,Plastic Surgery (Integrated),Radiology-Diagnostic,2247420A0,10,10,10,10,10,10,10,10,10,10
Illinois,Neurology,Plastic Surgery (Integrated),Radiology-Diagnostic,2247420R0,,,,,,,,,1,1
Illinois,Radiation Oncology/4 yr,,Radiation Oncology,2247430R0,,,,,1,1,,,,
Illinois,Radiation Oncology/4 yr,,General Surgery,2247440C0,8,8,7,7,6,6,6,6,6,6
Illinois,Radiation Oncology/4 yr,,Surgery-Preliminary,2247440P0,2,2,3,2,4,3,4,3,4,3
Illinois,Radiation Oncology/4 yr,,Vascular Surgery,2247451C0,2,2,2,2,1,1,1,1,1,1
Illinois,Radiation Oncology/4 yr,,Thoracic Surgery,2247461C0,2,2,2,2,2,2,1,1,1,1
Illinois,Northwestern McGaw/SRAL-IL,Chicago,Phys Medicine & Rehab,2155340A0,8,8,8,8,8,8,8,8,8,8
Illinois,Phys Medicine & Rehab,,Pediatrics-PM&R,2155735C0,1,,1,1,,,,,,
Illinois,Chicago,,Emergency Medicine/Resurrection,2483110C0,13,13,,,,,,,,
Illinois,Chicago,Family Medicine/St.Mary,Family Med/Resurrection/Osteopathic,2483120C1,6,6,,,,,,,,
Illinois,Chicago,Family Medicine/St.Mary,Internal Medicine/St. Francis,2483140C0,16,16,,,,,,,,
Illinois,Chicago,Family Medicine/St.Mary,Medicine-Prelim/St. Francis,2483140P0,6,6,,,,,,,,
Illinois,Chicago,Family Medicine/St.Mary,Transitional/Resurrection,2483999P0,14,14,,,,,,,,
Illinois,Chicago,Family Medicine/St.Mary,Transitional/St. Francis,2483999P1,10,10,,,,,,,,
Illinois,Quincy Fam Prac Ctr-IL,Quincy,Family Medicine,2026120C0,6,4,6,4,6,4,6,6,6,5
Illinois,RFUMS/Chicago Medical School-IL,North Chicago,Internal Medicine,3053140C0,7,7,,,10,10,10,10,10,10
Illinois,RFUMS/Chicago Medical School-IL,North Chicago,Internal Medicine/McHenry,3053140C1,13,13,13,13,13,13,12,12,13,13
Illinois,Kankakee,,Internal Medicine,2177140C0,5,5,5,5,5,5,5,5,5,5
Illinois,Kankakee,,Psychiatry,2177400C0,3,3,3,3,3,3,3,3,3,3
Illinois,Chicago,,Anesthesiology,1147040C0,15,15,16,16,19,19,16,16,16,16
Illinois,Chicago,,Anesthesiology,1147040R0,4,4,1,1,7,7,4,4,4,4
Illinois,Chicago,,Dermatology,1147080A0,4,4,4,4,3,3,2,2,2,2
Illinois,Chicago,Dermatology,Emergency Medicine,1147110C0,12,12,12,12,12,12,12,12,12,12
Illinois,Chicago,Dermatology,Family Medicine,1147120C0,6,6,8,5,8,8,8,5,8,3
Illinois,Chicago,Dermatology,Internal Medicine,1147140C0,34,34,34,34,34,34,34,34,34,34
Illinois,Chicago,Dermatology,Neurological Surgery,1147160C0,2,2,2,2,3,3,2,2,3,3
Illinois,Chicago,Dermatology,Neurology,1147180C0,9,9,9,9,9,9,9,9,8,8
Illinois,Obstetrics-Gynecology,,Orthopaedic Surgery,1147260C0,5,5,5,5,5,5,5,5,5,5
Illinois,Obstetrics-Gynecology,,Otolaryngology,1147280C0,3,3,3,3,2,2,2,2,2,2
Illinois,Obstetrics-Gynecology,,Pathology,1147300C0,4,4,4,4,4,4,5,5,4,4
Illinois,Obstetrics-Gynecology,,Pediatrics,1147320C0,11,11,11,11,11,11,11,11,11,10
Illinois,Obstetrics-Gynecology,Phys Medicine & Rehab,Plastic Surgery (Integrated),1147362C0,2,2,2,2,2,2,2,2,2,2
Illinois,Obstetrics-Gynecology,Phys Medicine & Rehab,Psychiatry,1147400C0,8,8,8,8,8,8,8,8,8,8
Illinois,Obstetrics-Gynecology,Phys Medicine & Rehab,Interventional Radiology (Integ),1147416C0,5,5,4,4,4,4,4,4,4,4
Illinois,Obstetrics-Gynecology,Phys Medicine & Rehab,Interventional Radiology (Integ),1147416R0,1,1,,,,,,,,
Illinois,Obstetrics-Gynecology,Phys Medicine & Rehab,Radiology-Diagnostic,1147420A0,5,5,5,5,5,5,5,5,5,5
Illinois,Radiation Oncology,,Radiation Oncology,1147430C1,1,1,1,1,1,1,,,1,1
Illinois,Radiation Oncology,,General Surgery,1147440C0,9,9,9,9,9,9,9,9,9,9
Illinois,Radiation Oncology,,Surgery-Preliminary,1147440P0,10,2,12,3,12,1,,,12,1
Illinois,Radiation Oncology,,Medicine-Pediatrics,1147700C0,4,4,4,4,4,4,4,4,4,4
Illinois,Aurora,,Family Medicine,1323120C0,4,4,4,2,4,3,4,1,4,4
Illinois,SIU Decatur-IL,Decatur,Family Medicine,2016120C0,5,4,5,1,5,3,5,1,5,5
Illinois,SIU SOM & Affil Hosps-IL,Springfield,Dermatology,2922080C0,3,3,3,3,3,3,3,3,3,3
Illinois,SIU SOM & Affil Hosps-IL,Springfield,Emergency Medicine,2922110C0,8,8,8,8,8,8,8,8,8,7
Illinois,Family Medicine,,Family Medicine/Alton,2922120C1,6,6,6,6,6,4,6,6,6,6
Illinois,Family Medicine,,Internal Medicine,2922140C0,17,17,16,16,16,16,16,16,16,16
Illinois,Family Medicine,,Medicine-Preliminary,2922140P0,,,,,,,,,2,2
Illinois,Family Medicine,,Neurological Surgery,2922160C0,1,1,1,1,1,1,1,1,1,1
Illinois,Family Medicine,,Neurology,2922180C0,4,4,4,4,4,4,4,4,4,4
Illinois,Family Medicine,Obstetrics-Gynecology,Orthopaedic Surgery,2922260C0,3,3,3,3,3,3,3,3,3,3
Illinois,Family Medicine,Obstetrics-Gynecology,Otolaryngology,2922280C0,2,2,2,2,2,2,2,2,2,2
Illinois,Family Medicine,Obstetrics-Gynecology,Pediatrics,2922320C0,9,8,8,8,8,8,8,8,8,8
Illinois,Family Medicine,Obstetrics-Gynecology,Plastic Surgery (Integrated),2922362C0,2,2,2,2,2,2,2,2,2,2
Illinois,Psychiatry,,Psychiatry/Child Psych,2922400C2,1,1,2,2,2,2,,,2,2
Illinois,Psychiatry,,Radiology-Diagnostic,2922420C0,4,4,4,4,4,4,4,4,4,4
Illinois,Psychiatry,,General Surgery,2922440C0,4,4,4,4,4,4,4,4,5,5
Illinois,Psychiatry,,Vascular Surgery,2922451C0,1,1,1,1,1,1,1,1,1,1
Illinois,Psychiatry,,Medicine-Psychiatry,2922715C0,2,2,2,2,2,2,2,2,2,2
Illinois,Chicago,,Phys Medicine & Rehab,1339340A0,5,5,5,5,5,5,5,5,5,5
Illinois,Chicago,,Phys Medicine & Rehab,1339340R0,,,1,1,,,,,,
Illinois,Chicago,,Emergency Medicine,1159110C0,5,5,5,5,5,5,3,0,5,5
Illinois,Chicago,,Family Medicine,1159120C1,6,6,6,6,6,6,5,5,4,4
Illinois,Chicago,,Internal Medicine,1159140C0,10,10,10,10,10,10,10,10,10,10
Illinois,Chicago,,Anesthesiology,1150040C0,13,13,13,13,13,13,13,13,14,14
Illinois,Chicago,,Anesthesiology,1150040R0,1,0,1,0,,,,,1,1
Illinois,Chicago,,Dermatology,1150080A0,4,4,4,4,4,4,4,4,4,4
Illinois,Chicago,,Emergency Medicine,1150110C0,15,15,15,15,15,15,15,15,15,15
Illinois,Chicago,Family Medicine/UIH,Family Med/Gibson City,1150120C2,,,,,1,1,1,0,1,0
Illinois,Chicago,Family Medicine/UIH,Internal Medicine/UIH,1150140C1,34,34,34,34,34,34,32,32,35,35
Illinois,Chicago,Family Medicine/UIH,Internal Medicine/PSTP,1150140C2,,,1,1,,,,,,
Illinois,Chicago,Family Medicine/UIH,Internal Medicine/Geriatics,1150140C3,1,1,1,1,,,,,,
Illinois,Chicago,Family Medicine/UIH,Med-Prelim/UIH,1150140P0,12,12,10,10,12,12,14,11,10,10
Illinois,Neurological Surgery,,Neurology,1150180C0,8,8,8,8,6,6,6,6,5,5
Illinois,Neurological Surgery,,Obstetrics-Gynecology,1150220C0,7,7,7,7,7,7,7,7,7,7
Illinois,Neurological Surgery,,Orthopaedic Surgery,1150260C0,7,7,7,7,7,7,6,6,6,6
Illinois,Neurological Surgery,,Otolaryngology,1150280C0,3,3,3,3,3,3,3,3,3,3
Illinois,Neurological Surgery,Pathology,Pediatrics,1150320C0,12,12,12,11,12,12,12,12,10,10
Illinois,Neurological Surgery,Pathology,Pediatrics/Internationally Funded,1150320C1,,,,,,,,,1,1
Illinois,Neurological Surgery,Pathology,Peds-Prelim/Child Neurology,1150320P0,,,,,,,,,1,1
Illinois,Neurological Surgery,Pathology,Plastic Surgery (Integrated),1150362C0,2,2,2,2,2,2,2,2,,
Illinois,Neurological Surgery,Pathology,Occupational & Environmental Med,1150382A0,,,1,1,,,,,,
Illinois,U Illinois COM-Chicago (Continued),Chicago,Occupational & Environmental Med,1150382R0,2,1,2,0,,,,,,
Illinois,U Illinois COM-Chicago (Continued),Chicago,Psychiatry,1150400C0,8,8,9,9,10,10,10,10,8,8
Illinois,Psychiatry/Research,,Interventional Radiology (Integ),1150416A0,2,2,2,2,2,2,2,2,2,2
Illinois,Psychiatry/Research,,Radiology-Diagnostic,1150420A0,4,4,4,4,4,4,4,4,4,4
Illinois,Psychiatry/Research,,General Surgery/Clinical,1150440C0,7,7,5,5,7,7,7,7,7,7
Illinois,Psychiatry/Research,,General Surgery/Academic,1150440C1,2,2,2,2,,,,,,
Illinois,Psychiatry/Research,,Surgery-Preliminary,1150440P1,11,10,9,4,9,2,9,2,11,0
Illinois,Psychiatry/Research,Medicine-Pediatrics,Emergency Med/Internal Med,1150705C0,3,3,3,3,3,3,3,3,3,3
Illinois,Psychiatry/Research,Medicine-Pediatrics,Psychiatry/Family Medicine,1150720C0,2,2,2,2,,,,,,
Illinois,Family Medicine,,Psychiatry,2267400C0,5,5,5,5,5,5,5,5,4,4
Illinois,Peoria,,Anesthesiology,1175040C0,8,8,8,8,8,8,,,,
Illinois,Peoria,Emergency Medicine,Family Medicine,1175120C0,6,1,6,0,6,1,6,6,,
Illinois,Peoria,Emergency Medicine,Internal Medicine,1175140C0,14,14,14,14,12,12,12,12,12,12
Illinois,Peoria,Emergency Medicine,Neurological Surgery,1175160C0,1,1,2,2,1,1,2,1,2,2
Illinois,Peoria,Emergency Medicine,Neurology,1175180C0,4,4,5,5,5,5,4,4,4,4
Illinois,Obstetrics-Gynecology,,Pediatrics,1175320C0,13,7,13,12,12,6,12,11,12,12
Illinois,Obstetrics-Gynecology,,Interventional Radiology (Integ),1175416C0,1,0,,,,,,,,
Illinois,Obstetrics-Gynecology,,Radiology-Diagnostic,1175420C0,5,5,6,6,6,6,6,6,4,4
Illinois,Obstetrics-Gynecology,,General Surgery,1175440C0,5,5,5,5,4,4,4,4,4,4
Illinois,Obstetrics-Gynecology,,Medicine-Pediatrics,1175700C0,8,8,8,7,8,8,8,8,9,9
Illinois,U Illinois COM-Rockford,Rockford,Family Medicine,2268120C0,9,9,9,6,8,8,8,8,8,8
Illinois,U Illinois COM-Rockford,Rockford,Family Med/Dixon Rural,2268120C1,2,0,2,1,2,2,2,0,2,2
Illinois,Chicago,,General Surgery,1287440C0,3,3,3,3,3,3,3,3,3,3
Illinois,Chicago,,Surgery-Preliminary,1287440P0,4,0,4,2,2,0,2,0,2,0
Illinois,Chicago,,Anesthesiology,1160040A0,7,7,7,7,7,7,5,5,8,8
Illinois,Chicago,,Anesthesiology/UCM Prelim,1160040C0,13,13,13,13,13,13,13,13,12,12
Illinois,Chicago,,Anesthesiology,1160040R0,,,,,1,1,,,,
Illinois,Chicago,Dermatology,Emergency Medicine,1160110C0,18,18,18,18,18,18,19,19,18,18
Illinois,Chicago,Dermatology,Family Medicine/NorthShore,1160120C0,6,6,6,6,6,6,6,6,6,6
Illinois,Univ of Chicago Med Ctr-IL (Continued),Chicago,Internal Medicine,1160140C0,29,29,29,29,29,29,29,29,33,33
Illinois,Univ of Chicago Med Ctr-IL (Continued),Chicago,Int Med/MD Scientist,1160140C1,5,5,5,5,5,5,5,5,1,1
Illinois,Internal Medicine/NorthShore,,Medicine-Preliminary,1160140P0,1,1,1,1,4,4,4,4,5,5
Illinois,Internal Medicine/NorthShore,,Med-Prelim/NorthShore,1160140P2,10,10,12,12,16,16,14,14,13,13
Illinois,Internal Medicine/NorthShore,,Med-Prelim/Neurology-NShore,1160140P3,8,8,6,6,4,4,6,6,5,5
Illinois,Internal Medicine/NorthShore,,Med-Prelim/Neurology,1160140P5,2,2,2,2,2,2,2,2,1,1
Illinois,Internal Medicine/NorthShore,,Med-Prelim/Anesthesia-NShore,1160140P7,4,4,4,4,2,2,2,2,,
Illinois,Internal Medicine/NorthShore,Neurological Surgery,Neurology,1160180A0,10,10,10,10,8,8,8,8,8,8
Illinois,Internal Medicine/NorthShore,Neurological Surgery,Neurology,1160180R1,,,2,2,2,2,,,,
Illinois,Internal Medicine/NorthShore,Neurological Surgery,Child Neurology,1160185C0,2,2,2,2,2,2,2,2,2,2
Illinois,Internal Medicine/NorthShore,Neurological Surgery,Obstetrics-Gynecology,1160220C0,8,8,8,8,8,8,7,7,7,7
Illinois,Orthopaedic Surgery,,Otolaryngology,1160280C0,3,3,3,3,3,3,3,3,3,3
Illinois,Orthopaedic Surgery,,Pathology/General,1160300C0,7,7,4,4,9,9,5,5,7,7
Illinois,Orthopaedic Surgery,,Pathology/Physician Scientist,1160300C1,2,2,,,,,,,1,1
Illinois,Orthopaedic Surgery,,Pathology/NorthShore,1160300C2,2,2,4,4,3,3,3,3,3,3
Illinois,Orthopaedic Surgery,,Pediatrics,1160320C0,21,21,21,21,20,20,20,20,20,20
Illinois,Orthopaedic Surgery,Pediatrics/Med Education,Pediatrics/Health Services,1160320C4,1,1,,,1,1,1,1,,
Illinois,Orthopaedic Surgery,Pediatrics/Med Education,Pediatrics/PSTP,1160320C5,2,2,2,0,,,,,,
Illinois,Orthopaedic Surgery,Pediatrics/Med Education,Plastic Surgery (Integrated),1160362C0,4,4,3,3,3,3,3,3,3,3
Illinois,Orthopaedic Surgery,Pediatrics/Med Education,Psychiatry,1160400C0,7,7,7,7,6,6,7,7,7,7
Illinois,Orthopaedic Surgery,Pediatrics/Med Education,Psychiatry/Evanston,1160400C1,4,4,4,4,,,,,,
Illinois,Interventional Radiology (Integ),,Radiology-Diagnostic,1160420A0,8,8,8,8,8,8,7,7,6,6
Illinois,Interventional Radiology (Integ),,Radiology-Diagnostic,1160420R0,,,,,1,1,2,2,,
Illinois,Interventional Radiology (Integ),,Radiation Oncology,1160430A0,3,3,3,3,3,3,3,1,2,2
Illinois,Interventional Radiology (Integ),,Radiation Oncology,1160430R0,,,,,1,1,2,1,,
Illinois,Interventional Radiology (Integ),,General Surgery,1160440C0,7,7,7,7,7,7,7,7,7,7
Illinois,Interventional Radiology (Integ),Surgery-Preliminary,Medicine-Pediatrics,1160700C0,4,4,4,4,4,4,4,4,4,4
Illinois,Oak Park,,Family Medicine,1173120C0,,,,,10,6,10,5,10,2
Indiana,Ascension St Vincent Hosp-IN,Indianapolis,Anesthesiology,1189040A0,4,4,4,4,,,,,,
Indiana,Ascension St Vincent Hosp-IN,Indianapolis,Anesthesiology,1189040R0,,,4,4,,,,,,
Indiana,Ascension St Vincent Hosp-IN,Indianapolis,Family Medicine,1189120C0,8,6,8,7,8,2,8,8,8,8
Indiana,Family Medicine/Milwaukee,,Internal Medicine,1189140C0,16,16,16,16,16,16,16,16,16,16
Indiana,Family Medicine/Milwaukee,,Internal Medicine/Evansville,1189140C1,13,13,13,11,,,,,,
Indiana,Family Medicine/Milwaukee,,Internal Medicine/Wisconsin,1189140C2,12,12,12,12,,,,,,
Indiana,Family Medicine/Milwaukee,,Medicine-Preliminary,1189140P0,,,,,,,,,4,4
Indiana,Indianapolis,,Neurological Surgery,1189160C0,1,1,2,2,,,,,,
Indiana,Indianapolis,,Obstetrics-Gynecology,1189220C0,5,5,5,5,5,5,5,5,5,5
Indiana,Indianapolis,Obstetrics-GynecologyMilwaukee,Pediatrics,1189320C0,6,6,6,6,6,5,6,6,6,6
Indiana,Indianapolis,Obstetrics-GynecologyMilwaukee,General Surgery,1189440C0,3,3,3,3,3,3,3,3,3,3
Indiana,Indianapolis,Obstetrics-GynecologyMilwaukee,Transitional,1189999P0,18,18,18,18,18,18,18,18,18,18
Indiana,Community Health Network-IN,Indianapolis,Family Medicine,3027120C0,9,9,9,9,10,5,10,10,10,10
Indiana,Community Health Network-IN,Indianapolis,Family Med/South Hospital,3027120C1,4,4,4,4,4,4,4,4,4,4
Indiana,Community Health Network-IN,Indianapolis,Psychiatry,3027400C0,6,6,6,6,6,6,6,6,4,4
Indiana,Deaconess Hospital-IN,Evansville,Family Medicine,3029120C0,8,7,8,8,8,1,8,8,8,8
Indiana,Franciscan Health-IN,Indianapolis,Family Medicine,2963120C0,9,9,9,9,9,9,9,9,9,9
Indiana,Ft Wayne Med Ed Prog-IN,Fort Wayne,Family Medicine,1178120C0,8,8,8,5,8,8,8,6,8,8
Indiana,Indiana Univ Health Ball Memorial,Muncie,Family Medicine,1192120C0,,,,,,,,,8,8
Indiana,Indiana Univ Health Ball Memorial,Muncie,Internal Medicine,1192140C0,,,,,,,,,8,8
Indiana,Indiana Univ Health Ball Memorial,Muncie,Transitional,1192999P0,,,,,,,,,11,11
Indiana,Indiana University SOM,Indianapolis,Anesthesiology,1187040A0,26,26,26,26,26,26,24,24,22,22
Indiana,Indiana University SOM,Indianapolis,Anesthesiology,1187040C0,4,4,4,4,4,4,4,4,4,4
Indiana,Indiana University SOM,Indianapolis,Anesthesiology,1187040R1,,,,,2,2,3,3,1,1
Indiana,Indiana University SOM,Indianapolis,Anesthesiology,1187040R2,1,1,,,,,,,,
Indiana,Indiana University SOM,Indianapolis,Dermatology,1187080A0,4,4,4,4,2,2,2,2,3,3
Indiana,Dermatology,,Dermatology,1187080R0,,,1,1,,,,,,
Indiana,Dermatology,,Emergency Med/Indianapolis,1187110C0,21,21,21,21,21,21,21,21,21,21
Indiana,Dermatology,,Emergency Medicine/Bloomington,1187110C1,6,6,,,,,,,,
Indiana,Dermatology,,Family Med/Indianapolis,1187120C0,13,13,13,13,13,13,13,13,13,13
Indiana,Dermatology,Family Medicine/Arnett,Family Medicine/Jasper,1187120C3,5,2,5,3,5,3,5,4,5,5
Indiana,Dermatology,Family Medicine/Arnett,Family Med/Ball Memorial/Osteopathic,1187120C4,8,6,8,8,8,8,8,8,,
Indiana,Dermatology,Family Medicine/Arnett,Internal Med/Indianapolis,1187140C0,36,36,35,35,36,36,35,35,35,35
Indiana,Dermatology,Family Medicine/Arnett,Internal Med/SW Indiana,1187140C1,13,13,6,6,16,16,16,16,16,16
Indiana,Dermatology,Family Medicine/Arnett,Internal Med/Ball Memorial,1187140C2,10,10,10,10,10,10,8,8,,
Indiana,Internal Medicine/Bloomington,,Internal Med/Geriatrics Integ,1187140C4,1,0,,,,,,,,
Indiana,Indianapolis,,Med-Prelim/SW Indiana,1187140P0,,,4,2,,,8,8,8,8
Indiana,Indianapolis,,Neurological Surgery,1187160C0,3,3,2,2,2,2,3,3,3,3
Indiana,Indianapolis,Neurological Surg/Military,Neurology,1187180C0,10,10,10,10,10,10,10,10,10,10
Indiana,Indianapolis,Neurological Surg/Military,Child Neurology,1187185C0,2,2,2,2,2,0,2,2,2,2
Indiana,Indianapolis,Neurological Surg/Military,Neurodevelopmental Disabilities,1187186C0,2,0,2,1,2,2,2,2,2,2
Indiana,Indianapolis,Neurological Surg/Military,Obstetrics-Gynecology,1187220C0,10,10,10,10,10,10,10,10,10,10
Indiana,Indianapolis,Neurological Surg/Military,Orthopaedic Surgery,1187260C0,5,5,5,5,5,5,5,5,5,5
Indiana,Ortho Surgery/Research,,Otolaryngology-Clinical,1187280C0,4,4,4,4,4,4,4,4,4,4
Indiana,Ortho Surgery/Research,,Pathology,1187300C0,5,5,6,6,5,5,7,7,4,4
Indiana,Ortho Surgery/Research,,Pediatrics,1187320C0,31,23,31,31,24,24,23,23,24,24
Indiana,Ortho Surgery/Research,,Pediatrics/Research,1187320C1,,,,,1,1,2,2,1,1
Indiana,Ortho Surgery/Research,Phys Medicine & Rehab,Plastic Surgery (Integrated),1187362C0,2,2,2,2,2,2,2,2,2,2
Indiana,Ortho Surgery/Research,Phys Medicine & Rehab,Psychiatry/Indianapolis,1187400C0,6,6,7,7,6,6,8,8,10,10
Indiana,Ortho Surgery/Research,Phys Medicine & Rehab,Psychiatry/Vincennes,1187400C1,5,5,6,6,6,6,6,6,6,6
Indiana,Ortho Surgery/Research,Phys Medicine & Rehab,Psychiatry/Merrillville,1187400C2,6,6,6,6,6,6,4,4,4,4
Indiana,Ortho Surgery/Research,Phys Medicine & Rehab,Psychiatry/CAP-Indianapolis,1187400C3,2,2,2,2,2,2,2,2,,
Indiana,Interventional Radiology (Integ),,Radiology-Diagnostic,1187420A0,13,13,9,9,9,9,9,9,9,9
Indiana,Interventional Radiology (Integ),,Radiology-Diagnostic,1187420C0,2,2,2,2,2,2,2,2,2,2
Indiana,Interventional Radiology (Integ),,Radiation Oncology,1187430A0,1,0,1,1,1,1,2,0,1,1
Indiana,Interventional Radiology (Integ),,Radiation Oncology,1187430C0,,,1,1,1,1,,,,
Indiana,Interventional Radiology (Integ),,General Surgery,1187440C0,5,5,10,10,10,10,10,10,10,10
Indiana,Interventional Radiology (Integ),General Surgery/2 yr Research,Surgery-Preliminary,1187440P0,4,2,4,4,4,1,6,4,6,4
Indiana,Interventional Radiology (Integ),General Surgery/2 yr Research,Vascular Surgery,1187451C0,1,1,1,1,1,1,1,1,1,1
Indiana,Interventional Radiology (Integ),General Surgery/2 yr Research,Thoracic Surgery,1187461C0,1,1,1,1,1,1,1,1,1,1
Indiana,Interventional Radiology (Integ),General Surgery/2 yr Research,Medicine-Pediatrics,1187700C0,14,14,14,14,14,14,14,14,14,14
Indiana,Interventional Radiology (Integ),General Surgery/2 yr Research,Pediatrics-Emergency Med,1187725C0,2,2,2,2,2,2,2,2,2,2
Indiana,Peds/Psych/Child Psych,,Pediatrics-Medical Genetics,1187765C0,1,0,1,1,1,0,1,0,1,0
Indiana,Peds/Psych/Child Psych,,Transitional/Methodist,1187999P0,15,15,15,15,15,15,15,15,15,15
Indiana,Peds/Psych/Child Psych,,Transitional/Ball Memorial,1187999P1,11,11,11,10,11,11,11,11,,
Indiana,Marion,,Family Medicine,2401120C0,6,6,6,6,6,6,,,,
Indiana,Parkview Health-IN,Fort Wayne,Family Medicine,2306120C0,8,8,,,,,,,,
Indiana,Parkview Health-IN,Fort Wayne,Internal Medicine,2306140C0,15,15,14,14,15,15,15,15,15,15
Indiana,Obstetrics-Gynecology,,Phys Medicine & Rehab,2306340A0,,,2,2,2,2,,,,
Indiana,Obstetrics-Gynecology,,Phys Medicine & Rehab,2306340C0,2,2,,,,,,,,
Indiana,Obstetrics-Gynecology,,Phys Medicine & Rehab,2306340R0,,,,,2,2,,,,
Indiana,Obstetrics-Gynecology,,Psychiatry,2306400C0,4,4,,,,,,,,
Indiana,Obstetrics-Gynecology,,General Surgery,2306440C0,4,4,4,4,4,4,4,4,4,4
Indiana,Fort Wayne,,Transitional,2306999P0,10,10,11,1,12,11,12,8,,
Indiana,Fort Wayne,,Transitional/PM&R,2306999P1,,,1,1,,,,,,
Indiana,Mishawaka,,Family Medicine,1194120C0,9,7,9,8,9,9,9,9,9,9
Indiana,Terre Haute,,Family Medicine,3007120C0,7,7,7,7,7,4,7,7,7,6
Iowa,Family Medicine,,Transitional,1199999P0,4,4,4,4,4,4,4,4,4,4
Iowa,Des Moines,,Emergency Medicine,1201110C0,6,6,6,6,6,6,,,,
Iowa,Des Moines,Family Medicine/Lutheran-DSM,Family Med/Allen-Waterloo,1201120C1,3,1,3,2,3,3,3,3,3,2
Iowa,Des Moines,Family Medicine/Lutheran-DSM,Internal Medicine/IA Methodist,1201140C0,11,11,11,11,10,10,9,9,10,10
Iowa,Des Moines,Family Medicine/Lutheran-DSM,Med-Prelim/IA Methodist,1201140P0,,,1,1,2,2,2,2,2,2
Iowa,Des Moines,Family Medicine/Lutheran-DSM,Pediatrics/Blank Childrens,1201320C0,7,5,7,7,7,7,7,7,7,7
Iowa,Des Moines,Family Medicine/Lutheran-DSM,General Surgery/IA Methodist,1201440C0,4,4,4,4,4,4,4,4,4,4
Iowa,Surg-Prelim/IA Methodist,,Transitional/IA Methodist,1201999P0,4,4,4,4,4,4,4,4,4,4
Iowa,Davenport,,Family Medicine,2969120C0,6,6,6,6,6,6,6,6,6,6
Iowa,Des Moines,,Family Medicine,1346120C0,8,2,8,4,8,8,8,5,8,8
Iowa,Des Moines,,Family Medicine/Rural,1346120C1,,,2,0,2,1,2,1,2,1
Iowa,Des Moines,Internal Medicine,Medicine-Primary,1346140M0,3,,3,3,3,3,3,3,,
Iowa,Des Moines,Internal Medicine,Psychiatry,1346400C0,4,4,4,4,4,4,4,4,4,4
Iowa,Des Moines,Internal Medicine,Psychiatry/Rural,1346400C1,2,2,2,2,,,,,,
Iowa,Des Moines,Internal Medicine,General Surgery,1346440C1,4,4,4,4,4,4,4,4,4,4
Iowa,MercyOne North Iowa Med Ctr,Mason City,Family Medicine,2015120C0,6,6,6,2,6,4,6,4,6,4
Iowa,MercyOne North Iowa Med Ctr,Mason City,Family Medicine/Waterloo,2015120C1,5,4,5,5,5,5,5,3,4,4
Iowa,MercyOne North Iowa Med Ctr,Mason City,Internal Medicine,2015140C0,6,6,5,5,6,6,6,6,6,6
Iowa,Siouxland Med Ed Fdn-IA,Sioux City,Family Medicine,3022120C0,,,,,,,6,2,6,0
Iowa,U Iowa Health Care Med Ctr,Iowa City,Anesthesiology,1203040C0,15,15,15,15,15,15,15,15,15,15
Iowa,U Iowa Health Care Med Ctr,Iowa City,Dermatology,1203080A0,7,7,7,7,7,7,5,5,5,5
Iowa,U Iowa Health Care Med Ctr,Iowa City,Emergency Medicine,1203110C0,10,10,10,10,10,10,10,10,10,10
Iowa,U Iowa Health Care Med Ctr,Iowa City,Family Medicine/Iowa City,1203120C0,8,8,8,8,8,8,8,8,8,8
Iowa,Family Medicine/Sioux City,,Internal Medicine,1203140C0,23,23,23,23,23,23,23,23,23,23
Iowa,Family Medicine/Sioux City,,Medicine-Preliminary,1203140P0,3,3,3,1,3,3,3,3,3,3
Iowa,Family Medicine/Sioux City,,Med-Prelim/Ophthalmology,1203140P2,6,6,6,6,6,6,5,5,5,5
Iowa,Family Medicine/Sioux City,,Neurological Surgery,1203160C0,3,3,2,2,2,2,2,2,2,2
Iowa,Family Medicine/Sioux City,,Neurology,1203180C0,9,9,9,9,8,8,8,8,8,8
Iowa,Family Medicine/Sioux City,Child Neurology,Obstetrics-Gynecology,1203220C0,4,4,4,4,4,4,4,4,4,4
Iowa,Family Medicine/Sioux City,Child Neurology,Obstetrics-Gynecology/Rural,1203220C1,2,2,2,2,2,2,2,2,2,2
Iowa,Family Medicine/Sioux City,Child Neurology,Orthopaedic Surgery,1203260C0,7,7,7,7,7,7,7,7,6,6
Iowa,Family Medicine/Sioux City,Child Neurology,Otolaryngology,1203280C0,3,3,3,3,3,3,3,3,3,3
Iowa,Otolaryngology/Research,,Pathology,1203300C0,7,7,7,7,3,3,6,6,6,6
Iowa,Otolaryngology/Research,,Pediatrics,1203320C0,15,14,15,15,15,15,15,15,15,15
Iowa,Otolaryngology/Research,,Plastic Surgery (Integrated),1203362C0,1,1,1,1,1,1,1,1,,
Iowa,Otolaryngology/Research,,Psychiatry,1203400C0,12,12,11,11,9,9,9,9,9,9
Iowa,Otolaryngology/Research,,Interventional Radiology (Integ),1203416C0,1,1,1,1,1,1,1,1,1,1
Iowa,Otolaryngology/Research,Radiology-Diagnostic,Radiology-Diagnostic,1203420C0,8,8,8,5,4,4,4,4,4,4
Iowa,Otolaryngology/Research,Radiology-Diagnostic,Radiation Oncology,1203430A0,2,2,2,2,,,2,2,3,3
Iowa,Otolaryngology/Research,Radiology-Diagnostic,General Surgery,1203440C0,7,7,7,7,7,7,7,7,7,7
Iowa,Otolaryngology/Research,Radiology-Diagnostic,Surgery-Preliminary,1203440P3,3,1,2,2,2,1,2,1,2,2
Iowa,Otolaryngology/Research,Radiology-Diagnostic,Vascular Surgery,1203451C0,1,1,1,1,1,1,1,1,1,1
Iowa,Thoracic Surgery,,Medicine-Psychiatry,1203715C0,2,2,2,2,2,2,2,2,2,2
Iowa,Thoracic Surgery,,Psychiatry-Family Med,1203720C0,4,4,4,4,2,2,2,2,2,2
Iowa,Thoracic Surgery,,Pediatrics-Medical Genetics,1203765C0,1,0,1,1,,,,,,
Iowa,Iowa City,,Dermatology,1203080R0,,,,,1,1,,,,
Iowa,Des Moines,,Psychiatry,2184400C0,4,3,5,5,4,4,4,4,4,4
Kansas,HCA Healthcare Kansas City-KS,Overland Park,Family Med/Research Med Ctr,2984120C0,8,6,8,6,8,4,8,7,8,7
Kansas,Family Medicine/Lee Summit Ctr,,Internal Med/Overland Park,2984140C0,12,,12,11,12,6,12,5,12,
Kansas,Family Medicine/Lee Summit Ctr,,Internal Med/Centerpoint,2984140C1,20,20,20,20,,,,,,
Kansas,Family Medicine/Lee Summit Ctr,,Ob-Gyn/Overland Park,2984220C0,5,5,5,5,5,5,5,5,5,5
Kansas,Overland Park,,General Surgery/Menorah,2984440C0,5,5,5,5,5,5,5,5,5,4
Kansas,Overland Park,,General Surgery/Independence,2984440C1,3,3,,,,,,,,
Kansas,Kansas City,,Anesthesiology,1208040C0,12,12,10,10,9,9,10,10,11,11
Kansas,Kansas City,,Anesthesiology/Community,1208040C1,2,2,,,,,,,,
Kansas,Kansas City,,Anesthesiology,1208040R0,3,3,3,3,2,2,,,2,2
Kansas,Kansas City,Anesthesiology/Community,Dermatology,1208080A0,5,5,5,5,5,5,5,5,5,5
Kansas,Kansas City,Anesthesiology/Community,Emergency Medicine,1208110C0,13,13,13,13,11,11,10,6,10,10
Kansas,Kansas City,Anesthesiology/Community,Family Medicine,1208120C0,9,9,9,9,9,9,9,9,9,9
Kansas,Kansas City,Anesthesiology/Community,Family Med/KU-CHCSEK Rural,1208120C3,2,2,2,1,2,0,2,2,2,2
Kansas,Kansas City,Anesthesiology/Community,Family Medicine/Olathe,1208120C4,4,3,4,2,,,,,,
Kansas,Internal Medicine,,Internal Medicine/Olathe,1208140C2,12,12,12,12,,,,,,
Kansas,Internal Medicine,,Medicine-Preliminary,1208140P0,6,5,1,1,4,4,2,2,8,8
Kansas,Internal Medicine,,Med-Prelim/PM&R,1208140P1,3,3,2,2,2,2,2,2,1,1
Kansas,Internal Medicine,,Med-Prelim/Radiology,1208140P3,5,5,5,5,2,2,4,4,2,2
Kansas,Internal Medicine,Med-Prelim/Dermatology,Med-Prelim/Radiation Onc,1208140P6,2,2,1,1,1,1,1,1,1,1
Kansas,Internal Medicine,Med-Prelim/Dermatology,Med-Prelim/Ophthalmology,1208140P7,4,4,3,3,3,3,3,3,,
Kansas,Internal Medicine,Med-Prelim/Dermatology,Med-Prelim/Int Radiology,1208140P8,1,1,1,1,1,1,1,1,1,1
Kansas,Internal Medicine,Med-Prelim/Dermatology,Neurological Surgery,1208160C0,2,2,2,2,2,2,2,2,2,2
Kansas,Internal Medicine,Med-Prelim/Dermatology,Neurology,1208180C0,6,6,7,7,5,5,8,8,5,5
Kansas,Neurology/Community Track,,Neurology,1208180R0,,,1,1,,,1,1,,
Kansas,Neurology/Community Track,,Obstetrics-Gynecology,1208220C0,6,6,6,6,5,5,5,5,4,4
Kansas,Neurology/Community Track,,Orthopaedic Surgery,1208260C0,4,4,4,4,4,4,4,4,5,5
Kansas,Neurology/Community Track,,Otolaryngology,1208280C0,4,4,4,4,4,4,4,4,4,4
Kansas,Neurology/Community Track,,Pathology,1208300C0,4,4,4,4,4,4,4,4,4,3
Kansas,Neurology/Community Track,Pathology/Military,Phys Medicine & Rehab,1208340A0,4,4,4,4,4,4,4,4,4,4
Kansas,Neurology/Community Track,Pathology/Military,Plastic Surgery (Integrated),1208362C0,2,2,2,2,2,2,2,2,2,2
Kansas,Neurology/Community Track,Pathology/Military,Psychiatry,1208400C0,6,6,6,6,8,8,9,9,6,6
Kansas,Neurology/Community Track,Pathology/Military,Psychiatry/Child & Adolescent,1208400C1,2,2,,,,,,,,
Kansas,Interventional Radiology (Integ),,Radiology-Diagnostic,1208420A0,7,,7,7,5,5,5,5,6,
Kansas,Interventional Radiology (Integ),,Radiology-Diagnostic,1208420R0,,,,,,,,,1,1
Kansas,Interventional Radiology (Integ),,Radiation Oncology,1208430A0,2,2,1,1,2,2,1,1,2,2
Kansas,Interventional Radiology (Integ),,Radiation Oncology/Military,1208430R0,,,1,0,,,,,,
Kansas,Interventional Radiology (Integ),,General Surgery,1208440C0,6,6,6,6,5,5,5,5,5,5
Kansas,U Kansas SOM-Wichita,Wichita,Anesthesiology,3054040C0,5,5,6,6,6,6,5,5,5,5
Kansas,U Kansas SOM-Wichita,Wichita,Emergency Medicine,3054110C0,6,6,,,,,,,,
Kansas,Family Med/Via Christi,,Family Med/Smoky Hill,3054120C1,5,5,5,5,5,5,6,6,5,5
Kansas,Family Med/Via Christi,,Family Med/Wesley,3054120C2,9,9,9,9,9,9,9,9,9,8
Kansas,Family Med/Via Christi,,Internal Medicine,3054140C0,13,13,12,12,12,12,12,12,12,12
Kansas,Family Med/Via Christi,,Medicine-Preliminary,3054140P0,3,3,5,5,5,5,5,5,6,6
Kansas,Family Med/Via Christi,,Obstetrics-Gynecology,3054220C0,6,6,6,6,5,5,5,5,5,5
Kansas,U Kansas SOM-Wichita (Continued),Wichita,Pediatrics,3054320C0,8,8,8,8,5,5,5,3,5,5
Kansas,U Kansas SOM-Wichita (Continued),Wichita,Psychiatry,3054400C0,6,6,6,6,6,6,6,6,6,6
Kansas,Radiology-Diagnostic,,General Surgery,3054440C0,7,7,7,7,7,7,7,7,7,7
Kansas,Radiology-Diagnostic,,Surgery-Preliminary,3054440P0,1,0,1,0,1,1,1,1,1,1
Kansas,Radiology-Diagnostic,,Medicine-Pediatrics,3054700C0,3,3,3,3,3,3,3,3,3,3
Kentucky,Appalachian OPTIC-KY,Pikeville,Family Med/Lake Cumberland,2134120C1,,,,,,,,,6,5
Kentucky,Appalachian OPTIC-KY,Pikeville,Internal Medicine,2134140C0,,,,,,,,,7,3
Kentucky,Appalachian Regional Healthcare-KY,Lexington,Internal Medicine,2227140C0,6,1,7,7,10,10,7,7,4,4
Kentucky,Baptist Health Deaconess-KY,Madisonville,Family Medicine,2912120C0,6,6,6,6,6,3,6,6,5,5
Kentucky,Lake Cumberland Regional Hosp-KY,Somerset,Family Medicine,2373120C0,6,5,6,6,6,5,6,4,,
Kentucky,Lake Cumberland Regional Hosp-KY,Somerset,Internal Medicine,2373140C0,7,4,7,6,7,7,7,6,,
Kentucky,Lewis County Primary Care Ctr-KY,Vanceburg,Family Medicine,2400120C0,4,4,4,1,4,4,,,,
Kentucky,Ashland,,Internal Medicine,2464140C0,3,3,,,,,,,,
Kentucky,Bowling Green,,Internal Medicine,2460140C0,9,9,,,,,,,,
Kentucky,Bowling Green,,Obstetrics-Gynecology,2460220C0,3,3,,,,,,,,
Kentucky,Bowling Green,,General Surgery,2460440C0,2,2,,,,,,,,
Kentucky,Bowling Green,,Transitional,2460999P0,12,12,,,,,,,,
Kentucky,Hazard,,Family Medicine,2461120C0,4,4,,,,,,,,
Kentucky,Lexington,,Anesthesiology,1848040C0,18,18,18,18,16,16,16,16,16,16
Kentucky,Lexington,,Emergency Medicine,1848110C0,13,13,13,13,13,13,13,13,12,12
Kentucky,Lexington,,Family Medicine,1848120C0,6,6,6,6,6,4,6,6,6,4
Kentucky,Lexington,,Internal Medicine,1848140C0,20,20,21,21,23,23,21,21,18,18
Kentucky,Lexington,Internal Med/Nephrology,Medicine-Primary,1848140M0,6,6,4,4,4,3,6,6,6,6
Kentucky,Lexington,Internal Med/Nephrology,Medicine-Preliminary,1848140P0,3,3,3,3,4,4,4,3,4,3
Kentucky,Lexington,Internal Med/Nephrology,Neurological Surgery,1848160C0,2,2,2,2,2,2,2,2,2,2
Kentucky,Lexington,Internal Med/Nephrology,Neurology,1848180C0,8,8,8,8,7,7,7,7,7,7
Kentucky,Lexington,Internal Med/Nephrology,Child Neurology,1848185C0,3,3,3,3,2,2,2,2,2,2
Kentucky,Obstetrics-Gynecology,,Orthopaedic Surgery,1848260C0,5,5,5,5,5,5,5,5,5,5
Kentucky,Obstetrics-Gynecology,,Otolaryngology,1848280C0,4,4,4,4,4,4,4,4,4,4
Kentucky,Obstetrics-Gynecology,,Pathology,1848300C0,4,4,4,4,4,4,4,4,4,4
Kentucky,Obstetrics-Gynecology,,Pediatrics,1848320C0,11,11,12,12,12,12,12,12,12,12
Kentucky,Obstetrics-Gynecology,Phys Medicine & Rehab,Plastic Surgery (Integrated),1848362C0,2,2,2,2,2,2,2,2,2,2
Kentucky,Obstetrics-Gynecology,Phys Medicine & Rehab,Psychiatry,1848400C0,4,4,4,4,4,4,4,4,4,4
Kentucky,Obstetrics-Gynecology,Phys Medicine & Rehab,Psychiatry/Adult Child Integ,1848400C2,2,2,2,2,2,2,2,2,2,2
Kentucky,Obstetrics-Gynecology,Phys Medicine & Rehab,Interventional Radiology (Integ),1848416A0,2,2,2,1,,,,,,
Kentucky,Obstetrics-Gynecology,Phys Medicine & Rehab,Interventional Radiology (Integ),1848416R0,,,2,0,,,,,,
Kentucky,Radiology-Diagnostic,,Radiation Oncology,1848430A0,1,1,2,2,2,0,2,0,,
Kentucky,Radiology-Diagnostic,,Radiation Oncology,1848430R0,,,1,1,,,,,,
Kentucky,Radiology-Diagnostic,,General Surgery,1848440C0,8,8,8,8,8,8,8,8,8,8
Kentucky,Radiology-Diagnostic,,Surgery-Preliminary,1848440P0,15,4,15,1,17,3,17,0,17,2
Kentucky,Radiology-Diagnostic,,Thoracic Surgery/General,1848461C0,1,1,1,1,1,1,1,1,1,1
Kentucky,Radiology-Diagnostic,Thoracic Surgery/Cardiac,Medicine-Pediatrics,1848700C0,8,8,8,8,6,6,6,6,6,6
Kentucky,Radiology-Diagnostic,Thoracic Surgery/Cardiac,Medicine-Psychiatry,1848715C0,2,2,2,2,2,2,2,2,2,2
Kentucky,Radiology-Diagnostic,Thoracic Surgery/Cardiac,Peds/Psych/Child Psych,1848730C0,3,3,2,2,2,2,2,2,2,2
Kentucky,U Kentucky COM-Morehead,Morehead,Family Medicine/Osteopathic,2462120C0,4,4,,,,,,,,
Kentucky,U Kentucky COM-Pikeville,Pikeville,Internal Medicine,2463140C0,4,4,,,,,,,,
Kentucky,U Kentucky Med Ctr,Lexington,Family Med/East Kentucky,1848120C1,,,4,3,4,3,4,2,4,4
Kentucky,U Kentucky Med Ctr,Lexington,Family Med/Rural-Morehead,1848120C3,,,4,3,4,2,4,4,4,4
Kentucky,U Kentucky Med Ctr,Lexington,Int Med/Bowling Green,1848140C1,,,7,7,7,7,7,7,7,2
Kentucky,Child Neurology,,Ob-Gyn/Bowling Green,1848220C1,,,3,3,3,3,3,3,3,3
Kentucky,Child Neurology,,Phys Medicine & Rehab,1848340R0,,,,,1,1,,,,
Kentucky,Child Neurology,,Radiology-Diagnostic,1848420R0,,,,,1,1,,,,
Kentucky,Lexington,,General Surgery/Bowling Green,1848440C1,,,2,1,2,2,2,2,2,2
Kentucky,Lexington,,Transitional/Bowling Green,1848999P0,,,12,12,12,8,12,12,12,12
Kentucky,Louisville,,Anesthesiology,1217040C0,12,12,12,12,11,11,11,11,11,11
Kentucky,Louisville,,Anesthesiology,1217040R0,,,1,1,,,,,,
Kentucky,Louisville,,Dermatology,1217080A0,2,2,2,2,2,2,2,2,2,2
Kentucky,Louisville,Emergency Medicine,Family Medicine,1217120C0,8,8,8,8,8,8,8,8,8,8
Kentucky,Louisville,Emergency Medicine,Family Med/Glasgow,1217120C1,4,4,4,4,4,1,4,4,4,4
Kentucky,Louisville,Emergency Medicine,Family Med/Owensboro/Osteopathic,1217120C2,6,3,6,4,6,5,6,4,6,3
Kentucky,Louisville,Emergency Medicine,Internal Medicine,1217140C0,24,24,24,24,24,24,24,24,24,24
Kentucky,Louisville,Emergency Medicine,Medicine-Preliminary,1217140P0,12,9,12,10,12,12,12,11,12,12
Kentucky,Med-Prelim/Ophthalmology,,Neurological Surgery,1217160C0,2,2,2,2,2,2,2,2,2,2
Kentucky,Med-Prelim/Ophthalmology,,Neurology,1217180A0,1,1,,,1,1,2,2,,
Kentucky,Med-Prelim/Ophthalmology,,Neurology,1217180C0,6,6,6,6,6,6,6,6,4,4
Kentucky,Med-Prelim/Ophthalmology,,Child Neurology,1217185A0,1,0,,,,,,,,
Kentucky,Med-Prelim/Ophthalmology,Child Neurology,Child Neurology,1217185R0,,,,,1,1,,,,
Kentucky,Med-Prelim/Ophthalmology,Child Neurology,Obstetrics-Gynecology,1217220C0,6,6,6,6,6,6,6,6,6,6
Kentucky,Med-Prelim/Ophthalmology,Child Neurology,Orthopaedic Surgery,1217260C0,5,5,5,5,5,5,5,5,5,5
Kentucky,Med-Prelim/Ophthalmology,Child Neurology,Otolaryngology,1217280C0,3,3,3,3,3,3,3,3,3,3
Kentucky,Med-Prelim/Ophthalmology,Child Neurology,Pathology,1217300C0,4,4,4,4,3,3,3,3,3,3
Kentucky,Pediatrics,,Phys Medicine & Rehab,1217340A0,,,,,4,4,4,4,4,4
Kentucky,Pediatrics,,Phys Medicine & Rehab,1217340C0,4,4,4,4,,,,,,
Kentucky,Pediatrics,,Plastic Surgery (Integrated),1217362C0,2,2,2,2,2,2,2,2,2,2
Kentucky,Pediatrics,,Psychiatry,1217400C0,12,12,12,12,9,9,9,9,9,9
Kentucky,Pediatrics,,Radiology-Diagnostic,1217420A0,7,7,7,7,5,5,6,6,6,6
Kentucky,Pediatrics,Radiology-Diagnostic,Radiation Oncology,1217430A0,2,2,,,2,2,1,0,1,1
Kentucky,Pediatrics,Radiology-Diagnostic,General Surgery,1217440C0,9,9,9,9,9,9,9,9,9,9
Kentucky,Pediatrics,Radiology-Diagnostic,Surg-Prelim/Non-Designated,1217440P1,4,1,4,0,3,0,2,0,2,1
Kentucky,Pediatrics,Radiology-Diagnostic,Medicine-Pediatrics,1217700C0,5,5,5,5,5,5,5,5,5,5
Louisiana,Baton Rouge Gen Med Ctr-LA,Baton Rouge,Family Medicine,1139120C0,8,8,8,8,8,4,8,8,8,8
Louisiana,Baton Rouge Gen Med Ctr-LA,Baton Rouge,Internal Medicine,1139140C0,13,13,12,12,12,12,12,12,12,12
Louisiana,DePaul Community Health Ctr-LA,New Orleans,Family Medicine,2402120C0,4,1,4,2,,,,,,
Louisiana,East Jefferson Gen Hosp-LA,Metairie,Family Medicine,1404120C0,6,,6,1,6,1,6,6,6,
Louisiana,LSU SOM-Baton Rouge-LA,Baton Rouge,Emergency Medicine,1221110C0,12,12,12,12,12,12,12,12,12,12
Louisiana,LSU SOM-Baton Rouge-LA,Baton Rouge,Internal Medicine,1221140C0,12,12,12,12,12,12,12,12,12,9
Louisiana,Medicine-Preliminary,,Obstetrics-Gynecology,1221220C0,4,4,4,4,4,4,4,4,4,4
Louisiana,Medicine-Preliminary,,Psychiatry,1221400C0,7,7,6,6,8,8,8,8,,
Louisiana,Medicine-Preliminary,,Psychiatry/Child,1221400C1,1,1,2,2,,,,,,
Louisiana,New Orleans,,Anesthesiology,1224040C0,7,7,7,7,7,7,7,7,7,7
Louisiana,New Orleans,,Dermatology,1224080A0,5,5,6,6,6,6,5,5,6,6
Louisiana,New Orleans,,Emergency Medicine,1224110C0,12,12,12,12,12,10,12,12,12,12
Louisiana,New Orleans,,Family Medicine,1224120C0,6,5,6,6,6,6,6,6,6,2
Louisiana,New Orleans,,Family Med/Rural-Bogalusa,1224120C1,7,7,7,7,7,5,7,4,6,6
Louisiana,New Orleans,Internal Medicine,Medicine-Preliminary,1224140P0,4,4,4,4,3,3,4,4,5,5
Louisiana,New Orleans,Internal Medicine,Neurological Surgery,1224160C0,2,2,1,1,2,2,1,1,2,2
Louisiana,New Orleans,Internal Medicine,Neurology,1224180C0,4,4,4,4,4,4,4,4,4,4
Louisiana,New Orleans,Internal Medicine,Child Neurology,1224185C0,1,1,1,1,1,1,1,1,1,1
Louisiana,Child Neurology,,Obstetrics-Gynecology,1224220C0,6,6,6,6,6,6,6,6,6,6
Louisiana,Child Neurology,,Orthopaedic Surgery,1224260C0,5,5,5,5,5,5,4,4,4,4
Louisiana,Child Neurology,,Otolaryngology,1224280C0,4,4,4,4,4,4,4,4,4,4
Louisiana,Child Neurology,,Pathology,1224300C0,3,3,3,3,3,3,3,3,3,3
Louisiana,Child Neurology,,Pediatrics,1224320C0,15,15,15,15,16,16,14,14,14,14
Louisiana,Child Neurology,Phys Medicine & Rehab,Plastic Surgery (Integrated),1224362C0,2,2,2,2,2,2,2,2,2,2
Louisiana,Child Neurology,Phys Medicine & Rehab,Psychiatry,1224400C0,12,12,12,12,12,12,11,11,12,12
Louisiana,Child Neurology,Phys Medicine & Rehab,Psychiatry-LSU-OLOL,1224400C1,,,,,,,,,8,8
Louisiana,Child Neurology,Phys Medicine & Rehab,Interventional Radiology (Integ),1224416A0,,,,,2,2,2,2,2,2
Louisiana,Child Neurology,Phys Medicine & Rehab,Interventional Radiology (Integ),1224416C0,2,2,2,2,,,,,,
Louisiana,Radiology-Diagnostic,,General Surgery,1224440C0,11,11,11,11,11,11,11,11,11,11
Louisiana,Radiology-Diagnostic,,Surgery-Preliminary,1224440P3,10,5,9,5,11,5,8,4,8,2
Louisiana,Radiology-Diagnostic,,Vascular Surgery,1224451C0,2,2,2,2,2,2,2,2,2,2
Louisiana,Radiology-Diagnostic,,Medicine-Pediatrics,1224700C0,4,4,4,4,4,4,6,6,6,6
Louisiana,Radiology-Diagnostic,Emergency Med/Internal Med,Pediatrics-Emergency Med,1224725C0,1,,1,1,1,1,2,2,2,
Louisiana,LSUHSC University Hosps & Clinics-LA,Lafayette,Family Medicine,1225120C0,10,6,9,9,8,7,9,7,8,8
Louisiana,Internal Medicine,,Medicine-Preliminary,1225140P0,2,2,2,2,,,1,1,2,2
Louisiana,Lake Charles,,Family Medicine,1278120C0,7,2,7,7,7,4,7,6,7,3
Louisiana,Shreveport,,Anesthesiology,1232040C0,8,8,8,8,8,8,8,8,8,8
Louisiana,Shreveport,,Emergency Medicine,1232110C0,9,9,9,9,9,7,9,9,9,8
Louisiana,Shreveport,,Family Medicine,1232120C0,6,6,6,6,6,6,6,6,6,6
Louisiana,Shreveport,,Family Med/N Caddo,1232120C1,3,3,3,3,3,3,3,2,3,3
Louisiana,Shreveport,Family Med/Monroe,Family Medicine/Rural,1232120C4,2,2,2,2,,,,,,
Louisiana,Shreveport,Family Med/Monroe,Internal Medicine,1232140C0,26,26,26,26,27,27,26,26,26,26
Louisiana,Shreveport,Family Med/Monroe,Medicine-Preliminary,1232140P0,2,2,2,2,2,2,1,1,2,1
Louisiana,Shreveport,Family Med/Monroe,Med-Prelim/Ophthalmology,1232140P1,4,4,4,4,4,4,4,4,4,4
Louisiana,Shreveport,Family Med/Monroe,Neurological Surgery,1232160C0,3,3,3,3,2,2,2,2,2,2
Louisiana,Neurology,,Neurology,1232180R0,,,,,,,1,0,,
Louisiana,Neurology,,Obstetrics-Gynecology,1232220C0,7,7,7,7,7,7,7,7,7,7
Louisiana,Neurology,,Orthopaedic Surgery,1232260C0,4,4,4,4,4,4,4,4,3,3
Louisiana,Neurology,,Otolaryngology,1232280C0,3,3,3,3,3,3,3,3,3,3
Louisiana,Neurology,Pathology,Pediatrics,1232320C0,9,9,7,7,9,9,8,8,8,8
Louisiana,Neurology,Pathology,Psychiatry,1232400C0,8,8,6,6,7,7,7,7,5,5
Louisiana,Neurology,Pathology,Psychiatry/Child/Adult Psych,1232400C1,2,2,2,2,2,2,2,2,,
Louisiana,Neurology,Pathology,Interventional Radiology (Integ),1232416C0,1,1,,,1,1,1,1,1,1
Louisiana,Neurology,Pathology,Radiology-Diagnostic,1232420C0,4,4,4,4,4,4,5,5,4,4
Louisiana,General Surgery,,Surgery-Preliminary,1232440P1,4,2,5,4,4,1,4,1,4,1
Louisiana,General Surgery,,Medicine-Pediatrics,1232700C0,5,5,5,5,5,5,5,5,5,5
Louisiana,General Surgery,,Emergency Med-Family Med,1232795C0,2,2,2,2,2,2,2,2,2,2
Louisiana,Houma,,Internal Medicine,1415140C0,8,8,8,7,,,,,,
Louisiana,Hammond,,Internal Medicine,2409140C0,8,3,8,2,8,4,,,,
Louisiana,Ochsner Clinic Foundation-LA,New Orleans,Anesthesiology,1966040C0,15,15,13,13,13,13,11,11,11,11
Louisiana,Ochsner Clinic Foundation-LA,New Orleans,Anesthesiology,1966040R1,,,,,3,3,,,,
Louisiana,Emergency Medicine,,Family Medicine,1966120C1,8,8,8,5,6,5,,,,
Louisiana,Emergency Medicine,,Internal Medicine,1966140C0,18,18,18,18,17,17,17,17,17,17
Louisiana,Emergency Medicine,,Medicine-Primary,1966140M0,2,1,2,2,2,1,2,1,2,2
Louisiana,Emergency Medicine,,Medicine-Preliminary,1966140P0,,,,,2,1,1,1,1,1
Louisiana,Emergency Medicine,,Neurology,1966180C0,6,6,6,6,3,3,3,3,3,3
Louisiana,Emergency Medicine,Neurology,Obstetrics-Gynecology,1966220C0,6,6,6,6,6,6,6,6,6,6
Louisiana,Emergency Medicine,Neurology,Orthopaedic Surgery,1966260C0,3,3,3,3,3,3,3,3,3,3
Louisiana,Emergency Medicine,Neurology,Pediatrics,1966320C0,10,10,10,10,10,10,,,,
Louisiana,Emergency Medicine,Neurology,Interventional Radiology (Integ),1966416C0,1,1,1,1,1,1,,,,
Louisiana,Interventional Radiology (Integ),,Radiology-Diagnostic,1966420C0,8,8,6,6,6,6,5,5,5,5
Louisiana,Interventional Radiology (Integ),,Radiology-Diagnostic,1966420R0,,,,,,,1,1,,
Louisiana,Interventional Radiology (Integ),,Radiology-Diagnostic,1966420R1,2,2,,,,,,,,
Louisiana,Interventional Radiology (Integ),,General Surgery,1966440C0,8,8,8,8,7,7,7,7,7,7
Louisiana,Interventional Radiology (Integ),,Surgery-Preliminary,1966440P0,1,1,,,,,,,1,1
Louisiana,Lafayette,,General Surgery,2390440C0,3,3,3,3,3,3,,,,
Louisiana,Baton Rouge,,Pediatrics,1421320C0,12,10,12,12,12,9,12,12,12,12
Louisiana,St Francis Med Ctr-LA,Monroe,Family Medicine,2352120C0,8,8,,,,,,,,
Louisiana,St Francis Med Ctr-LA,Monroe,Internal Medicine,2352140C0,12,12,15,15,15,15,15,15,,
Louisiana,Tulane Univ SOM-LA,New Orleans,Anesthesiology,3073040C0,10,10,6,6,6,6,6,6,6,6
Louisiana,Tulane Univ SOM-LA,New Orleans,Anesthesiology,3073040R0,2,0,2,1,,,,,,
Louisiana,Tulane Univ SOM-LA,New Orleans,Dermatology,3073080A0,4,4,5,5,4,4,4,4,4,4
Louisiana,Internal Medicine,,Int Med-Primary Care,3073140C1,,,,,1,1,,,1,1
Louisiana,Internal Medicine,,Internal Medicine/Research,3073140C2,1,1,1,1,1,1,,,1,1
Louisiana,Internal Medicine,,Medicine-Preliminary,3073140P0,7,7,8,8,8,8,7,7,10,10
Louisiana,Internal Medicine,,Med-Prelim/Radiology,3073140P4,2,2,3,3,2,2,,,,
Louisiana,Internal Medicine,,Neurological Surgery,3073160C0,2,2,2,2,1,1,2,2,1,1
Louisiana,Internal Medicine,Neurology,Obstetrics-Gynecology,3073220C0,6,6,6,6,6,6,6,6,6,6
Louisiana,Internal Medicine,Neurology,Orthopaedic Surgery,3073260C0,4,4,4,4,4,4,4,4,4,4
Louisiana,Internal Medicine,Neurology,Otolaryngology,3073280C0,3,3,3,3,3,3,3,3,3,3
Louisiana,Internal Medicine,Neurology,Pathology,3073300C0,4,4,3,3,3,3,3,3,3,3
Louisiana,Pediatrics,,Pediatrics/Research,3073320C1,1,1,1,1,1,1,1,1,1,1
Louisiana,Pediatrics,,Psychiatry,3073400C0,7,7,8,8,7,7,7,7,7,7
Louisiana,Pediatrics,,Psychiatry/Child Psych,3073400C2,1,1,,,,,,,,
Louisiana,Pediatrics,,Radiology-Diagnostic,3073420A1,5,4,5,5,5,5,,,,
Louisiana,Pediatrics,,Radiology-Diagnostic,3073420C0,,,,,,,5,5,5,5
Louisiana,Pediatrics,General Surgery,Surg-Prelim/Non-Designated,3073440P1,5,5,6,2,4,0,4,1,4,1
Louisiana,Pediatrics,General Surgery,Medicine-Pediatrics,3073700C0,6,6,5,5,6,6,6,6,6,6
Louisiana,Pediatrics,General Surgery,Medicine-Psychiatry,3073715C0,2,2,1,1,2,2,2,2,2,2
Louisiana,Pediatrics,General Surgery,Peds/Psych/Child Psych,3073730C0,2,2,2,2,2,2,2,2,2,2
Louisiana,Willis-Knighton Health System-LA,Shreveport,Family Medicine/Rural,2313120C0,2,0,,,,,,,,
Louisiana,Willis-Knighton Health System-LA,Shreveport,Internal Medicine,2313140C0,10,10,10,10,10,10,9,9,10,10
Louisiana,Willis-Knighton Health System-LA,Shreveport,Psychiatry,2313400C0,5,5,5,5,6,6,,,,
Louisiana,Willis-Knighton Health System-LA,Shreveport,General Surgery,2313440C0,3,3,3,3,3,3,3,3,3,3
Maine,Central Maine Med Ctr,Lewiston,Family Medicine,2327120C0,7,7,7,4,7,6,7,2,7,7
Maine,Eastern Maine Med Ctr,Bangor,Family Medicine,2520120C0,9,9,10,5,11,10,10,4,10,10
Maine,Eastern Maine Med Ctr,Bangor,Psychiatry,2520400C0,4,4,4,4,4,4,,,,
Maine,Maine Med Ctr,Portland,Anesthesiology,1236040C0,8,8,8,8,8,8,8,8,8,8
Maine,Maine Med Ctr,Portland,Anesthesiology,1236040R0,,,,,,,,,1,1
Maine,Maine Med Ctr,Portland,Emergency Medicine,1236110C0,10,10,10,10,10,10,10,10,10,10
Maine,Maine Med Ctr,Portland,Family Medicine,1236120C0,8,8,8,7,7,7,7,7,7,7
Maine,Internal Medicine,,Internal Medicine/Geriatrics,1236140C1,1,1,1,1,1,1,1,1,1,0
Maine,Internal Medicine,,Medicine-Primary/Rural,1236140M0,1,1,1,1,1,1,1,1,1,1
Maine,Internal Medicine,,Neurological Surgery,1236160C0,1,1,,,,,,,,
Maine,Internal Medicine,,Neurology,1236180A0,,,,,1,1,,,,
Maine,Internal Medicine,Neurology,Obstetrics-Gynecology,1236220C0,5,,5,5,5,5,4,4,4,
Maine,Internal Medicine,Neurology,Pediatrics,1236320C0,8,8,8,8,8,8,8,8,6,6
Maine,Internal Medicine,Neurology,Psychiatry,1236400C0,4,4,4,4,4,4,4,4,4,4
Maine,Internal Medicine,Neurology,Psychiatry/Comb General-Child,1236400C1,1,1,1,1,1,1,1,1,1,1
Maine,Internal Medicine,Neurology,Psychiatry/Rural,1236400C2,2,2,2,2,2,2,2,2,2,2
Maine,Interventional Radiology (Integ),,Radiology-Diagnostic,1236420C0,5,5,5,5,4,4,3,3,3,3
Maine,Interventional Radiology (Integ),,General Surgery,1236440C0,5,5,5,5,6,6,4,4,4,4
Maine,Interventional Radiology (Integ),,General Surgery/Rural,1236440C1,1,1,1,1,,,,,,
Maine,Interventional Radiology (Integ),,Surgery-Preliminary,1236440P0,,,,,,,1,0,1,0
Maine,Interventional Radiology (Integ),,Vascular Surgery,1236451C0,1,1,1,1,1,1,1,1,1,1
Maine,Maine-Dartmouth Family Med,Augusta,Family Medicine,2956120C0,11,9,10,10,10,10,10,10,10,10
Maryland,Anne Arundel Med Ctr-MD,Annapolis,Internal Medicine,1942140C0,14,14,15,15,15,15,15,15,15,15
Maryland,Anne Arundel Med Ctr-MD,Annapolis,Obstetrics-Gynecology,1942220C0,4,4,4,4,4,4,4,4,4,4
Maryland,Anne Arundel Med Ctr-MD,Annapolis,General Surgery,1942440C0,4,4,4,4,3,3,3,3,3,3
Maryland,Silver Springs,,Family Medicine,2432120C0,4,4,,,,,,,,
Maryland,Baltimore,,Internal Medicine,1241140C0,13,13,13,13,13,13,10,10,,
Maryland,Baltimore,,Medicine-Primary,1241140M0,,,,,,,,,13,13
Maryland,Johns Hopkins Bloomberg SPH-MD,Baltimore,Public Health & Prev Med/2yr-MPH,3184380R0,,,2,2,,,,,,
Maryland,Available,,Public Health & Prev Med/HRSA PCCP,3184380R2,,,2,2,,,,,,
Maryland,Baltimore,Anesthesiology,Anesthesiology/Critical Care,1242040A1,,,,,2,2,2,2,1,1
Maryland,Baltimore,Anesthesiology,Anesthesiology/Research,1242040A2,,,,,2,2,1,1,2,2
Maryland,Baltimore,Anesthesiology,Anesthesiology,1242040C0,15,15,13,13,,,,,,
Maryland,Baltimore,Anesthesiology,Anesthesiology/Critical Care,1242040C1,2,2,1,1,,,,,,
Maryland,Anesthesiology/Research,,Anesthesiology,1242040R0,2,2,3,3,3,3,3,3,2,1
Maryland,Anesthesiology/Research,,Dermatology,1242080A0,6,6,7,7,6,6,6,6,6,6
Maryland,Anesthesiology/Research,,Dermatology/Research,1242080A1,1,1,1,1,1,1,1,1,1,1
Maryland,Anesthesiology/Research,,Emergency Medicine,1242110C0,12,12,12,12,12,12,12,12,11,11
Maryland,Anesthesiology/Research,,Internal Medicine,1242140C0,44,44,43,43,39,39,40,40,41,41
Maryland,Anesthesiology/Research,Internal Medicine/PSTP,Medicine-Primary,1242140M0,2,2,4,4,4,4,4,4,4,4
Maryland,Anesthesiology/Research,Internal Medicine/PSTP,Medicine-Preliminary,1242140P0,,,,,,,1,1,1,1
Maryland,Anesthesiology/Research,Internal Medicine/PSTP,Neurological Surgery,1242160C0,4,4,5,5,4,4,4,4,4,4
Maryland,Anesthesiology/Research,Internal Medicine/PSTP,Neurology,1242180A0,10,10,10,10,10,10,10,10,10,10
Maryland,Anesthesiology/Research,Internal Medicine/PSTP,Neurology,1242180R0,,,,,,,1,1,,
Maryland,Child Neurology,,Neurodevelopmental Disabilities,1242186A0,1,0,1,1,1,1,1,1,2,2
Maryland,Child Neurology,,Neurodevelopmental Disabilities,1242186C0,1,1,1,0,1,1,1,1,,
Maryland,Child Neurology,,Neurodevelopmental Disabilities,1242186R0,,,,,,,2,2,1,1
Maryland,Child Neurology,,Obstetrics-Gynecology,1242220C0,9,9,9,9,9,9,9,9,9,9
Maryland,Child Neurology,Orthopaedic Surgery,Orthopaedic Surgery/T32 Research,1242260C1,,,,,1,1,1,1,,
Maryland,Child Neurology,Orthopaedic Surgery,Otolaryngology,1242280C0,2,2,2,2,2,2,2,2,2,2
Maryland,Child Neurology,Orthopaedic Surgery,Otolaryngology/T32 Research,1242280C1,,,2,2,2,2,2,2,2,2
Maryland,Child Neurology,Orthopaedic Surgery,Otolaryngology/R25,1242280C2,2,2,,,,,,,,
Maryland,Child Neurology,Orthopaedic Surgery,Pathology-AP/CP or AP Only,1242300C0,10,10,8,8,6,6,6,6,12,12
Maryland,Pathology/CP Only,,Pathology-AP/NP,1242300C2,,,1,1,1,1,1,1,1,1
Maryland,Pathology/CP Only,,Pediatrics,1242320C0,22,22,21,20,18,18,19,19,19,19
Maryland,Pathology/CP Only,,Pediatrics/Research,1242320C1,2,2,2,2,2,0,2,1,2,1
Maryland,Pathology/CP Only,,Peds/Health Equity-Urban Health,1242320C2,,,1,1,2,2,2,2,2,2
Maryland,Pathology/CP Only,,Pediatrics/Global Health,1242320C3,,,,,2,2,2,2,2,2
Maryland,Pathology/CP Only,Peds-Prelim/NDD,Phys Medicine & Rehab,1242340A0,8,8,8,8,8,8,8,8,8,8
Maryland,Pathology/CP Only,Peds-Prelim/NDD,Plastic Surgery (Integrated),1242362C0,4,4,4,4,4,4,4,4,4,4
Maryland,Pathology/CP Only,Peds-Prelim/NDD,Psychiatry,1242400C0,10,10,10,10,10,10,10,10,10,10
Maryland,Pathology/CP Only,Peds-Prelim/NDD,Psychiatry/Peds,1242400C1,1,0,1,1,1,1,1,1,1,0
Maryland,Pathology/CP Only,Peds-Prelim/NDD,Interventional Radiology (Integ),1242416A0,4,4,4,4,4,4,3,3,3,3
Maryland,Radiology-Diagnostic,,Radiation Oncology,1242430A0,4,4,4,4,4,4,4,4,4,4
Maryland,Radiology-Diagnostic,,General Surgery,1242440C0,6,6,6,6,6,6,6,6,6,6
Maryland,Baltimore,,Surgery-Preliminary,1242440P0,8,8,8,8,7,7,8,8,7,7
Maryland,Baltimore,,Surg-Prelim/Designated,1242440P1,4,0,4,4,5,0,5,3,5,4
Maryland,Baltimore,Medicine-Pediatrics,Pediatrics-Anesthesiology,1242726C0,2,2,2,2,2,2,2,2,1,1
Maryland,Baltimore,Medicine-Pediatrics,Pediatrics-Medical Genetics,1242765C0,1,1,1,1,1,1,1,1,1,0
Maryland,Baltimore,Medicine-Pediatrics,Medicine-Medical Genetics,1242766C0,,,,,,,,,1,0
Maryland,Baltimore,Medicine-Pediatrics,Radiology-Nuclear Medicine,1242770A0,,,1,1,1,1,1,1,1,1
Maryland,Baltimore,Medicine-Pediatrics,Emergency Med-Anesthesiology,1242796C0,2,2,1,1,2,1,1,0,2,2
Maryland,Johns Hopkins/Bayview-MD,Baltimore,Internal Medicine,1237140C0,16,16,9,9,9,9,9,9,14,14
Maryland,Johns Hopkins/Bayview-MD,Baltimore,Medicine-Primary,1237140M0,2,2,8,8,7,7,7,7,2,2
Maryland,Johns Hopkins/Bayview-MD,Baltimore,Medicine-Preliminary,1237140P0,,,,,1,1,1,1,1,1
Maryland,Baltimore,,Family Medicine,1240120C0,8,8,8,8,7,7,7,7,8,8
Maryland,Baltimore,,Psychiatry,1240400C0,4,4,4,4,,,,,,
Maryland,Baltimore,General Surgery,Surgery-Preliminary,1240440P0,2,2,2,2,4,3,4,2,,
Maryland,Baltimore,General Surgery,Family Med-Preventive Med,1240752C0,,,1,1,1,1,1,1,1,1
Maryland,MedStar Union Memorial Hosp-MD,Baltimore,Internal Medicine,1251140C0,40,,44,44,44,44,43,43,44,
Maryland,MedStar Union Memorial Hosp-MD,Baltimore,Medicine-Preliminary,1251140P0,7,5,6,6,6,6,9,9,7,7
Maryland,MedStar Union Memorial Hosp-MD,Baltimore,Med-Prelim/Neurology-JHU,1251140P3,4,4,5,5,4,4,4,4,3,3
Maryland,MedStar Union Memorial Hosp-MD,Baltimore,Med-Prelim/Radiology-GT,1251140P4,1,1,1,1,,,1,1,,
Maryland,MedStar Union Memorial Hosp-MD,Baltimore,Med-Prelim/Anesthesiology-JHU,1251140P5,,,,,6,6,2,2,6,6
Maryland,Orthopaedic Surgery,,General Surgery,1251440C0,,,,,,,,,3,3
Maryland,Orthopaedic Surgery,,Surgery-Preliminary,1251440P0,,,,,,,,,6,2
Maryland,Hagerstown,Family Medicine,Psychiatry,2274400C0,5,5,5,5,,,,,,
Maryland,Hagerstown,Family Medicine,General Surgery,2274440C0,3,3,,,,,,,,
Maryland,Neurological Surgery,,Pathology,2006300C0,3,3,3,3,3,3,3,3,3,3
Maryland,Baltimore,,Internal Medicine,1249140C0,16,16,16,16,16,16,16,16,16,16
Maryland,Baltimore,Medicine-Preliminary,Med-Prelim/Anesthesiology,1249140P1,,,3,0,3,3,2,2,2,2
Maryland,Sinai Hospital of Baltimore-MD,Baltimore,Med-Prelim/KEI,1249140P2,,,,,,,3,3,3,3
Maryland,Sinai Hospital of Baltimore-MD,Baltimore,Obstetrics-Gynecology,1249220C0,4,4,4,4,4,4,3,3,4,4
Maryland,Orthopaedic Surgery,,Pediatrics,1249320C0,10,10,10,10,9,9,8,8,8,8
Maryland,Orthopaedic Surgery,,Phys Medicine & Rehab,1249340A0,4,4,4,4,4,4,4,4,4,4
Maryland,Orthopaedic Surgery,,General Surgery,1249440C0,4,4,4,4,4,4,4,4,4,4
Maryland,Baltimore,,Internal Medicine,1247140C0,12,12,13,13,12,12,12,12,12,12
Maryland,Baltimore,,Medicine-Primary,1247140M0,,,,,2,2,2,2,2,2
Maryland,Baltimore,,Medicine-Preliminary,1247140P0,3,3,4,4,4,4,4,4,4,3
Maryland,Baltimore,,General Surgery,1247440C0,3,3,3,3,3,3,3,3,3,3
Maryland,Baltimore,,Surgery-Preliminary,1247440P0,4,3,4,4,4,2,4,2,4,4
Maryland,Salisbury,,Anesthesiology,2316040C0,4,4,4,4,4,4,,,,
Maryland,Salisbury,,Family Medicine,2316120C0,4,1,4,4,,,,,,
Maryland,Salisbury,,Internal Medicine,2316140C0,15,15,15,15,10,10,10,10,10,10
Maryland,Salisbury,Obstetrics-Gynecology,Psychiatry,2316400C0,3,3,,,,,,,,
Maryland,Salisbury,Obstetrics-Gynecology,General Surgery,2316440C0,4,4,4,4,4,4,3,3,,
Maryland,Salisbury,Obstetrics-Gynecology,Surgery-Preliminary,2316440P0,2,0,2,1,2,1,1,0,,
Maryland,Salisbury,Obstetrics-Gynecology,Transitional,2316999P0,6,6,6,4,,,,,,
Maryland,U Maryland Capital Region Health,Largo,Family Medicine,1905120C0,4,4,4,4,4,4,4,4,4,4
Maryland,U Maryland Capital Region Health,Largo,Internal Medicine,1905140C0,20,20,19,19,14,14,14,14,12,12
Maryland,U Maryland Capital Region Health,Largo,Medicine-Preliminary,1905140P0,,,,,,,2,2,6,6
Maryland,U Maryland Med Ctr,Baltimore,Anesthesiology,1252040A0,8,8,8,8,8,8,8,8,8,8
Maryland,U Maryland Med Ctr,Baltimore,Anesthesiology,1252040C0,8,8,8,8,8,8,8,8,8,8
Maryland,U Maryland Med Ctr,Baltimore,Dermatology,1252080A0,3,3,3,3,3,3,2,2,3,3
Maryland,Emergency Medicine,,Emergency Med/Military,1252110C2,,,,,2,0,,,,
Maryland,Emergency Medicine,,Family Medicine,1252120C0,10,10,10,10,10,5,10,10,10,10
Maryland,Emergency Medicine,,Internal Medicine,1252140C0,29,29,29,29,28,28,29,29,28,28
Maryland,Emergency Medicine,,Internal Med/Research Pathway,1252140C1,,,,,2,2,2,2,2,2
Maryland,Emergency Medicine,,Internal Med/Intl Scholars,1252140C2,5,5,5,5,3,3,3,3,3,3
Maryland,Emergency Medicine,Medicine-Preliminary,Med-Prelim/Intl Scholars,1252140P2,,,,,1,1,1,1,1,1
Maryland,Emergency Medicine,Medicine-Preliminary,Neurological Surgery,1252160C0,2,2,2,2,2,2,2,2,2,2
Maryland,Emergency Medicine,Medicine-Preliminary,Neurology,1252180C0,7,7,7,7,7,7,7,7,7,7
Maryland,Emergency Medicine,Medicine-Preliminary,Neurology,1252180R0,,,,,,,1,1,,
Maryland,Emergency Medicine,Medicine-Preliminary,Obstetrics-Gynecology,1252220C0,8,8,8,8,8,8,7,7,8,8
Maryland,Orthopaedic Surgery,,Otolaryngology,1252280C0,3,3,3,3,3,3,3,3,3,3
Maryland,Orthopaedic Surgery,,Pathology,1252300C0,4,4,3,3,4,4,5,5,4,4
Maryland,Orthopaedic Surgery,,Pediatrics,1252320C0,15,15,14,14,14,11,14,14,14,11
Maryland,Baltimore,,Peds-Prelim/Child Neurology/NDD,1252320P0,,,1,1,1,1,1,1,1,1
Maryland,Baltimore,,Public Health & Preventive Med/2yr-MPH,1252380A0,1,1,,,,,,,,
Maryland,Baltimore,Available,Public Health & Preventive Med/2yr-MPH,1252380R0,2,2,2,2,,,,,,
Maryland,Available,,Public Health & Preventive Med/Maternal,1252380R1,,,2,0,,,,,,
Maryland,Available,,Psychiatry/Sheppard Pratt,1252400C0,16,16,16,16,16,16,17,17,16,16
Maryland,Available,,Psychiatry/Physician Scientist,1252400C1,,,,,,,,,1,1
Maryland,Available,,Interventional Radiology (Integ),1252416A0,2,2,2,2,2,2,2,2,2,2
Maryland,Available,Radiology-Diagnostic,Radiology-Diagnostic/SACM,1252420R0,,,,,,,1,1,,
Maryland,Available,Radiology-Diagnostic,Radiation Oncology,1252430A0,3,3,3,3,3,3,2,2,3,3
Maryland,Available,Radiology-Diagnostic,Radiation Oncology,1252430R1,,,1,1,,,1,0,,
Maryland,Available,Radiology-Diagnostic,General Surgery,1252440C0,6,6,6,6,6,6,6,6,6,6
Maryland,Available,Radiology-Diagnostic,Surgery-Preliminary,1252440P0,3,3,5,5,5,5,4,4,5,5
Maryland,Surg-Prelim/SACM,,Surg-Prelim/Int Radiology,1252440P4,1,1,1,1,1,1,2,2,1,1
Maryland,Surg-Prelim/SACM,,Vascular Surgery,1252451C0,1,1,,,,,,,,
Maryland,Surg-Prelim/SACM,,Thoracic Surgery,1252461C0,1,1,1,1,1,1,1,1,1,1
Maryland,Surg-Prelim/SACM,,Medicine-Pediatrics,1252700C0,4,4,4,4,4,4,4,4,4,4
Maryland,Surg-Prelim/SACM,Emergency Med/Internal Med,Pediatrics-Emergency Med,1252725C0,2,1,2,2,2,2,2,2,2,2
Maryland,U Maryland Med Ctr Midtown Campus,Baltimore,Internal Medicine,1244140C0,7,7,9,9,9,9,9,9,9,9
Maryland,Transitional,,Transitional/Ophthalmology,1244999P1,4,4,4,4,4,4,4,4,4,3
Maryland,Baltimore,,Medicine-Preliminary,1245140P0,15,15,12,12,12,12,12,12,12,12
Massachusetts,B I Deaconess Med Ctr-MA,Boston,Anesthesiology,1256040A0,6,6,6,6,6,6,6,6,6,6
Massachusetts,Anesthesiology,,Anesthesiology/Clin Scientist,1256040C1,2,2,2,2,2,2,,,,
Massachusetts,Anesthesiology,,Emergency Medicine,1256110C0,13,13,13,13,13,13,13,13,13,13
Massachusetts,Anesthesiology,,Internal Medicine,1256140C0,48,48,48,48,50,50,48,48,49,49
Massachusetts,Anesthesiology,,Medicine-Primary,1256140M0,4,4,4,4,4,4,4,4,2,2
Massachusetts,Anesthesiology,,Medicine-Preliminary,1256140P0,8,8,8,8,8,8,8,8,8,8
Massachusetts,Anesthesiology,Med-Prelim/Neurology,Neurological Surgery,1256160C0,2,2,1,1,1,1,1,1,1,1
Massachusetts,Anesthesiology,Med-Prelim/Neurology,Neurology,1256180A0,,,,,,,,,4,4
Massachusetts,Anesthesiology,Med-Prelim/Neurology,Neurology,1256180C0,9,9,8,8,8,8,8,8,4,4
Massachusetts,Anesthesiology,Med-Prelim/Neurology,Obstetrics-Gynecology,1256220C0,7,7,7,7,6,6,6,6,6,6
Massachusetts,Otolaryngology,,Pathology,1256300C0,9,9,6,6,9,9,7,7,10,10
Massachusetts,Otolaryngology,,Plastic Surgery (Integrated),1256362C0,2,2,2,2,2,2,1,1,1,1
Massachusetts,Otolaryngology,,Psychiatry,1256400C0,7,7,7,7,8,8,8,8,9,9
Massachusetts,Boston,,Psychiatry/Research,1256400C1,2,2,2,2,1,1,1,1,1,1
Massachusetts,Boston,,Psychiatry/Community,1256400C2,1,1,1,1,1,1,1,1,,
Massachusetts,Boston,Interventional Radiology (Integ),Radiology-Diagnostic,1256420A0,9,9,9,9,9,9,8,8,8,8
Massachusetts,Boston,Interventional Radiology (Integ),Radiology-Diagnostic,1256420R0,,,,,1,1,,,,
Massachusetts,Boston,Interventional Radiology (Integ),General Surgery,1256440C0,9,9,9,9,9,9,9,9,9,9
Massachusetts,Boston,Interventional Radiology (Integ),Surgery-Preliminary,1256440P0,5,5,5,5,5,5,5,5,5,5
Massachusetts,Boston,Interventional Radiology (Integ),Vascular Surgery,1256451C0,1,1,1,1,1,1,1,1,1,1
Massachusetts,Greenfield,,Family Medicine,2303120C0,6,6,5,5,4,4,4,4,4,4
Massachusetts,Pittsfield,,Internal Medicine,1281140C0,13,13,13,13,13,13,13,13,13,13
Massachusetts,Pittsfield,,Internal Medicine/PCP Focus,1281140C1,2,2,,,,,,,,
Massachusetts,Pittsfield,,Medicine-Preliminary,1281140P0,5,5,5,5,5,5,5,5,5,5
Massachusetts,Pittsfield,,Psychiatry,1281400C0,5,5,5,5,5,5,4,4,4,4
Massachusetts,Pittsfield,General Surgery,Surgery-Preliminary,1281440P1,2,1,2,1,2,2,2,2,2,2
Massachusetts,Child Neurology,,Child Neurology,1259185C0,6,,6,6,6,6,6,6,5,
Massachusetts,Child Neurology,,Child Neurology,1259185R0,1,1,,,1,1,1,1,1,1
Massachusetts,Child Neurology,,Neurodevelopmental Disabilities,1259186A0,1,1,1,1,1,1,1,1,1,1
Massachusetts,Child Neurology,,Neurodevelopmental Disabilities,1259186R0,1,1,,,,,,,,
Massachusetts,Child Neurology,,Pediatrics/Childrens Hosp,1259320C0,33,33,35,35,34,34,34,34,35,35
Massachusetts,Child Neurology,Pediatrics/LEAD-BMC,Pediatrics-Preliminary,1259320P2,1,1,,,,,,,,
Massachusetts,Child Neurology,Pediatrics/LEAD-BMC,Pediatrics-Anesthesiology,1259726C0,2,2,1,1,2,2,2,2,1,1
Massachusetts,Child Neurology,Pediatrics/LEAD-BMC,Peds/Psych/Child Psych,1259730C0,2,2,2,2,2,2,2,2,,
Massachusetts,Child Neurology,Pediatrics/LEAD-BMC,Pediatrics-Medical Genetics,1259765C0,2,2,2,2,2,2,2,2,2,2
Massachusetts,Boston Med Ctr-Brighton-MA,Boston,Anesthesiology,1266040A0,2,2,2,2,2,2,2,2,2,2
Massachusetts,Boston Med Ctr-Brighton-MA,Boston,Anesthesiology,1266040C0,6,6,6,6,6,6,6,6,6,6
Massachusetts,Boston Med Ctr-Brighton-MA,Boston,Anesthesiology,1266040R0,2,2,1,1,1,1,3,3,1,1
Massachusetts,Boston Med Ctr-Brighton-MA,Boston,Internal Medicine,1266140C0,16,16,16,16,16,16,16,16,15,15
Massachusetts,Internal Medicine/BMC South,,Medicine-Preliminary,1266140P0,8,3,8,2,8,3,8,4,8,4
Massachusetts,Internal Medicine/BMC South,,Psychiatry,1266400C0,6,6,6,6,6,6,5,5,5,5
Massachusetts,Internal Medicine/BMC South,,General Surgery,1266440C0,3,3,3,3,3,3,3,3,3,3
Massachusetts,Internal Medicine/BMC South,,Surgery-Preliminary,1266440P0,4,0,5,0,5,1,4,0,4,1
Massachusetts,Boston,,Anesthesiology,1257040A0,,,,,4,4,4,4,4,4
Massachusetts,Boston,,Anesthesiology,1257040C0,12,12,12,12,8,8,8,8,7,7
Massachusetts,Boston,,Anesthesiology,1257040R0,,,,,,,2,2,,
Massachusetts,Boston,Dermatology,Emergency Medicine,1257110C0,14,14,14,14,14,14,14,14,14,14
Massachusetts,Boston,Dermatology,Family Medicine,1257120C0,12,12,12,12,12,12,12,12,12,8
Massachusetts,Boston,Dermatology,Internal Medicine,1257140C0,41,41,42,42,42,42,41,41,41,41
Massachusetts,Boston,Dermatology,Int Med/ABIM Research Pathway,1257140C1,,,,,1,1,,,,
Massachusetts,Boston,Dermatology,Medicine-Primary,1257140M0,5,5,4,4,3,3,5,5,5,5
Massachusetts,Med-Prelim/Ophthalmology,,Neurology,1257180C0,7,7,7,7,7,7,7,7,7,7
Massachusetts,Med-Prelim/Ophthalmology,,Child Neurology,1257185C0,1,1,1,1,1,1,,,1,1
Massachusetts,Med-Prelim/Ophthalmology,,Child Neurology,1257185R0,1,1,2,0,1,0,2,1,1,0
Massachusetts,Med-Prelim/Ophthalmology,,Obstetrics-Gynecology,1257220C0,5,5,5,5,5,5,5,5,5,5
Massachusetts,Med-Prelim/Ophthalmology,Orthopaedic Surgery,Ortho Surgery/Research,1257260C1,1,1,1,1,1,1,1,1,1,1
Massachusetts,Med-Prelim/Ophthalmology,Orthopaedic Surgery,Otolaryngology,1257280C0,4,4,4,4,4,4,4,4,4,4
Massachusetts,Med-Prelim/Ophthalmology,Orthopaedic Surgery,Pathology,1257300C0,4,4,4,4,3,3,4,4,2,2
Massachusetts,Med-Prelim/Ophthalmology,Orthopaedic Surgery,Pub Hlth & Prev Med/Maternal Health,1257380R0,1,1,,,,,,,,
Massachusetts,Med-Prelim/Ophthalmology,Orthopaedic Surgery,Pub Hlth & Prev Med/Immigrant & Refugee,1257380R1,1,1,1,1,,,,,,
Massachusetts,Psychiatry,,Interventional Radiology (Integ),1257416A0,1,1,1,1,1,1,1,1,1,1
Massachusetts,Psychiatry,,Radiology-Diagnostic,1257420A0,9,9,9,9,9,9,9,9,9,9
Massachusetts,Psychiatry,,General Surgery,1257440C0,5,5,5,5,5,5,5,5,5,5
Massachusetts,Psychiatry,,Surgery-Preliminary,1257440P0,4,2,4,0,5,2,3,0,4,4
Massachusetts,Psychiatry,,Surg-Prelim/Int Radiology,1257440P2,1,1,1,1,,,1,1,,
Massachusetts,Brigham & Womens Hosp-MA,Boston,Neurology/BWH-MGH,1265180A0,,,,,,,19,19,19,19
Massachusetts,Brigham & Womens Hosp-MA,Boston,Neurology/BWH-MGH,1265180R0,,,,,,,1,1,,
Massachusetts,Obstetrics-Gynecology/BWH-MGH,,Pathology/AP only or AP/CP,1265300C0,,,,,,,18,18,9,9
Massachusetts,Obstetrics-Gynecology/BWH-MGH,,Pathology/CP only,1265300C1,,,,,,,4,4,2,2
Massachusetts,Obstetrics-Gynecology/BWH-MGH,,Plastic Surgery (Integrated),1265362C0,,,,,,,3,3,3,3
Massachusetts,Cambridge,,Family Medicine/Tufts,1268120C0,8,8,8,8,8,8,8,8,8,8
Massachusetts,Cambridge,,Medicine-Primary,1268140M0,9,9,8,8,8,8,8,8,8,8
Massachusetts,Cambridge,,Psychiatry,1268400C0,8,8,8,8,8,8,8,8,8,8
Massachusetts,Cambridge,,Transitional,1268999P0,7,7,7,7,7,7,7,7,7,7
Massachusetts,Lawrence,,Family Medicine,1283120C0,12,12,12,12,12,12,12,11,12,12
Massachusetts,Boston,Otolaryngology,Otolaryngology/Research,1180280C1,,,,,,,1,1,1,1
Massachusetts,Harvard South Shore-MA,Boston,Psychiatry,3120400C0,8,8,8,8,8,8,8,8,8,8
Massachusetts,Harvard Spaulding Rehab Hosp-MA,Charlestown,Phys Medicine & Rehab,1260340A0,,,,,,,8,8,8,8
Massachusetts,Anesthesiology,,Internal Medicine,3130140C0,13,13,13,13,12,12,12,12,12,12
Massachusetts,Anesthesiology,,Med-Prelim/Neurology-Tufts,3130140P1,6,6,6,6,6,6,6,6,6,6
Massachusetts,Anesthesiology,,Plastic Surgery (Integrated),3130362C0,2,2,2,2,2,2,1,1,1,1
Massachusetts,Anesthesiology,,Psychiatry,3130400C0,4,4,4,4,,,,,,
Massachusetts,Anesthesiology,,Radiology-Diagnostic,3130420A0,6,6,6,6,6,6,4,4,4,4
Massachusetts,Anesthesiology,General Surgery,Surgery-Preliminary,3130440P1,2,0,2,1,,,,,,
Massachusetts,Lemuel Shattuck Hosp-MA,Jamaica Plain,Transitional,3112999P0,8,8,8,8,8,8,8,8,6,6
Massachusetts,Lowell,,Family Medicine,2478120C0,6,6,,,,,,,,
Massachusetts,Boston,,Anesthesiology,1265040A0,6,6,5,5,5,5,8,8,7,7
Massachusetts,Boston,,Anesthesiology,1265040C0,21,21,22,22,20,20,17,17,16,16
Massachusetts,Boston,,Anesthesiology/Research,1265040C1,1,1,,,2,2,2,2,2,2
Massachusetts,Boston,,Anesthesiology,1265040R0,1,1,2,2,3,3,2,2,1,1
Massachusetts,Boston,Internal Medicine,Internal Medicine/PSTP,1265140C1,8,8,,,,,,,,
Massachusetts,Boston,Internal Medicine,Medicine-Primary/DGM,1265140M0,8,8,8,8,8,8,8,8,8,8
Massachusetts,Boston,Internal Medicine,Medicine-Primary/HVMA,1265140M1,4,4,4,4,4,4,4,4,4,4
Massachusetts,Boston,Internal Medicine,Medicine-Preliminary,1265140P0,7,7,7,7,7,7,9,9,11,11
Massachusetts,Med-Prelim/Neurology,,Neurological Surgery,1265160C0,,,3,3,3,3,3,3,3,3
Massachusetts,Med-Prelim/Neurology,,Psychiatry,1265400C0,11,11,11,11,11,11,11,11,10,10
Massachusetts,Med-Prelim/Neurology,,Psychiatry/Research,1265400C1,3,3,3,3,3,3,3,3,2,2
Massachusetts,Med-Prelim/Neurology,,Psychiatry/Child,1265400C2,2,2,2,2,2,2,2,2,2,2
Massachusetts,Med-Prelim/Neurology,,Interventional Radiology (Integ),1265416C0,2,2,2,2,2,2,2,2,2,2
Massachusetts,Med-Prelim/Neurology,Radiology-Diagnostic,General Surgery,1265440C0,9,9,9,9,9,9,9,9,9,9
Massachusetts,Med-Prelim/Neurology,Radiology-Diagnostic,Surgery-Preliminary,1265440P0,5,2,5,3,5,2,5,1,5,3
Massachusetts,Med-Prelim/Neurology,Radiology-Diagnostic,Thoracic Surgery/Non-cardiac,1265461C0,,,1,1,1,1,1,1,1,1
Massachusetts,Med-Prelim/Neurology,Radiology-Diagnostic,Thoracic Surgery/Cardiac,1265461C1,,,1,1,1,1,1,1,1,1
Massachusetts,Med-Prelim/Neurology,Radiology-Diagnostic,Med-Peds/Harvard BWH/CHB,1265700C0,4,4,4,4,4,4,4,4,4,4
Massachusetts,MGB-Massachusetts Gen Hosp,Boston,Anesthesiology,1261040C0,27,27,26,26,24,24,25,25,24,24
Massachusetts,MGB-Massachusetts Gen Hosp,Boston,Anesthesiology/Research,1261040C1,,,1,1,3,3,1,1,2,2
Massachusetts,Anesthesiology/IS,,Internal Medicine,1261140C0,44,44,42,42,42,42,42,42,54,54
Massachusetts,Anesthesiology/IS,,Internal Medicine/PSTP,1261140C2,8,8,12,12,12,12,12,12,,
Massachusetts,Anesthesiology/IS,,Medicine-Primary,1261140M0,7,7,7,7,7,7,7,7,7,7
Massachusetts,Anesthesiology/IS,,Medicine-Preliminary,1261140P0,7,7,9,9,7,7,9,9,8,8
Massachusetts,Anesthesiology/IS,,Med-Prelim/Neurology,1261140P1,8,8,6,6,8,8,6,6,7,7
Massachusetts,Anesthesiology/IS,Neurological Surgery,Child Neurology,1261185C0,2,2,2,2,2,2,2,2,2,2
Massachusetts,Anesthesiology/IS,Neurological Surgery,Child Neurology,1261185R0,1,1,,,,,,,,
Massachusetts,Anesthesiology/IS,Neurological Surgery,Pediatrics,1261320C0,14,14,13,13,14,14,13,13,14,14
Massachusetts,Anesthesiology/IS,Neurological Surgery,Pediatrics-Preliminary,1261320P0,1,1,3,3,2,2,3,3,2,2
Massachusetts,Peds/Adult/Child Psychiatry,,Psychiatry,1261400C1,14,14,14,14,14,14,14,14,14,14
Massachusetts,Peds/Adult/Child Psychiatry,,Psychiatry/Community,1261400C4,2,2,2,2,2,2,,,,
Massachusetts,Peds/Adult/Child Psychiatry,,Interventional Radiology (Integ),1261416C0,3,3,3,3,3,3,3,3,3,3
Massachusetts,Peds/Adult/Child Psychiatry,,Interventional Radiology (Integ),1261416R0,1,1,,,,,,,,
Massachusetts,Peds/Adult/Child Psychiatry,,Radiology-Diagnostic,1261420A0,8,8,8,8,8,8,8,8,8,8
Massachusetts,Peds/Adult/Child Psychiatry,General Surgery,Surgery-Preliminary,1261440P0,4,4,6,6,4,3,4,4,4,2
Massachusetts,Peds/Adult/Child Psychiatry,General Surgery,Vascular Surgery,1261451C0,2,2,2,2,2,2,2,2,2,2
Massachusetts,Peds/Adult/Child Psychiatry,General Surgery,Med-Peds/Harvard MGH,1261700C2,4,4,4,4,4,4,4,4,4,4
Massachusetts,Mass General Brigham-MA,Boston,Dermatology,2395080A0,8,8,8,8,8,8,,,,
Massachusetts,Mass General Brigham-MA,Boston,Emergency Medicine,2395110C0,15,15,15,15,15,15,,,,
Massachusetts,Mass General Brigham-MA,Boston,Internal Medicine/Salem,2395140C0,8,8,7,7,8,8,,,,
Massachusetts,Mass General Brigham-MA,Boston,Med-Prelim/Salem,2395140P0,2,2,1,1,3,3,,,,
Massachusetts,Mass General Brigham-MA,Boston,Neurology,2395180A0,19,19,19,19,19,19,,,,
Massachusetts,Obstetrics-Gynecology/BWH-MGH,,Orthopaedic Surgery,2395260C0,12,12,12,12,12,12,,,,
Massachusetts,Obstetrics-Gynecology/BWH-MGH,,Otolaryngology/MEE,2395280C0,4,4,4,4,4,4,,,,
Massachusetts,Obstetrics-Gynecology/BWH-MGH,,Otolaryngology/MEE-Research,2395280C1,1,1,1,1,1,1,,,,
Massachusetts,Obstetrics-Gynecology/BWH-MGH,,Pathology-AP only or AP/CP,2395300C0,16,16,14,14,17,17,,,,
Massachusetts,Obstetrics-Gynecology/BWH-MGH,Pathology-CP only,Pathology-AP/NP,2395300C2,1,,2,2,1,0,,,,
Massachusetts,Obstetrics-Gynecology/BWH-MGH,Pathology-CP only,Phys Medicine & Rehab/SRH,2395340A0,8,8,8,8,8,8,,,,
Massachusetts,Obstetrics-Gynecology/BWH-MGH,Pathology-CP only,Plastic Surgery (Integrated),2395362C0,4,4,4,4,3,3,,,,
Massachusetts,Obstetrics-Gynecology/BWH-MGH,Pathology-CP only,Radiation Oncology,2395430A0,7,7,7,7,7,7,,,,
Massachusetts,Obstetrics-Gynecology/BWH-MGH,Pathology-CP only,Dermatology/Internal Med,2395785C0,2,2,2,2,2,2,,,,
Massachusetts,Boston,,Dermatology/Harvard Combined,1261080A0,,,,,,,8,8,8,8
Massachusetts,Boston,,Emergency Med/BWH-Harvard,1261110C0,,,,,,,15,15,15,15
Massachusetts,Boston,Ortho Surgery/Harvard Combined,Pathology/CP only,1261300C0,,,,,,,,,2,2
Massachusetts,Boston,Ortho Surgery/Harvard Combined,Pathology/AP only or AP/CP,1261300C1,,,,,,,,,9,9
Massachusetts,Boston,Ortho Surgery/Harvard Combined,Radiation Oncology/BWH-Harvard,1261430A0,,,,,,,7,7,6,6
Massachusetts,Boston,Ortho Surgery/Harvard Combined,Medicine-Dermatology/BWH,1261785C0,,,,,,,2,2,1,1
Massachusetts,MetroWest Med Ctr-Framingham-MA,Framingham,Internal Medicine,1812140C0,8,8,8,8,8,8,8,8,8,8
Massachusetts,MetroWest Med Ctr-Framingham-MA,Framingham,Transitional,1812999P0,12,11,12,9,12,11,12,9,12,10
Massachusetts,Mt Auburn Hospital-MA,Cambridge,Internal Medicine,1269140C0,11,11,10,10,14,14,14,14,13,13
Massachusetts,Mt Auburn Hospital-MA,Cambridge,Medicine-Primary,1269140M0,3,3,4,4,,,,,1,1
Massachusetts,Mt Auburn Hospital-MA,Cambridge,Medicine-Preliminary,1269140P0,8,8,8,5,8,8,8,8,8,8
Massachusetts,Newton,,Transitional,1280999P0,,,,,,,10,10,10,10
Massachusetts,Salem,,Internal Medicine,1284140C0,,,,,,,8,8,7,7
Massachusetts,Salem,,Medicine-Preliminary,1284140P0,,,,,,,2,2,4,4
Massachusetts,Salem,,Med-Prelim/Neurology-MGH,1284140P1,,,,,,,2,2,,
Massachusetts,Worcester,,Internal Medicine,1290140C0,25,25,25,25,25,25,24,24,24,24
Massachusetts,Worcester,,Medicine-Preliminary,1290140P0,,,1,1,2,2,3,3,4,4
Massachusetts,Worcester,,Radiology-Diagnostic,1290420A0,4,4,4,3,4,4,4,4,4,4
Massachusetts,Boston,,Internal Medicine,1258140C0,,,,,8,8,7,7,7,7
Massachusetts,Boston,,Medicine-Preliminary,1258140P0,,,,,2,1,1,1,1,1
Massachusetts,Boston,,Transitional,1258999P0,,,,,7,5,7,7,7,7
Massachusetts,Boston,,Anesthesiology,1263040A0,,,,,,,,,10,10
Massachusetts,Boston,,Anesthesiology,1263040C0,12,12,12,12,10,10,10,10,,
Massachusetts,Boston,,Anesthesiology,1263040R3,,,2,2,,,,,,
Massachusetts,Boston,,Dermatology,1263080A0,5,5,5,5,5,5,4,4,4,4
Massachusetts,Boston,Internal Medicine,Neurological Surgery,1263160C0,1,1,2,2,1,1,2,2,1,1
Massachusetts,Boston,Internal Medicine,Neurology,1263180A0,7,7,7,7,7,7,7,7,6,6
Massachusetts,Boston,Internal Medicine,Obstetrics-Gynecology,1263220C0,6,6,6,6,6,6,5,5,5,5
Massachusetts,Boston,Internal Medicine,Ob-Gyn/Preliminary,1263220P0,,,,,,,,,1,1
Massachusetts,Orthopaedic Surgery,,Otolaryngology,1263280C0,2,2,3,3,2,2,3,3,2,2
Massachusetts,Orthopaedic Surgery,,Pathology,1263300C0,3,3,3,3,3,3,3,3,3,3
Massachusetts,Orthopaedic Surgery,,Phys Medicine & Rehab,1263340A0,3,3,3,3,3,3,3,3,3,3
Massachusetts,Orthopaedic Surgery,,Psychiatry,1263400C0,8,8,8,8,8,8,8,8,7,7
Massachusetts,Orthopaedic Surgery,,Radiology-Diagnostic,1263420A0,6,6,6,6,6,6,5,5,5,5
Massachusetts,Orthopaedic Surgery,Radiology-Diagnostic,Radiation Oncology,1263430A0,2,2,,,2,0,2,2,2,0
Massachusetts,Tufts Medical Center-MA (Continued),Boston,General Surgery,1263440C0,5,5,4,4,4,4,4,4,4,4
Massachusetts,Tufts Medical Center-MA (Continued),Boston,Surgery-Preliminary,1263440P0,3,3,3,1,3,3,3,0,3,0
Massachusetts,Springfield,,Anesthesiology-4 yr,1286040C0,6,6,9,9,9,9,8,8,8,8
Massachusetts,Springfield,,Anesthesiology,1286040R0,3,3,1,1,1,1,1,1,,
Massachusetts,Springfield,Emergency Medicine,Internal Medicine,1286140C0,15,15,16,16,16,16,16,16,16,16
Massachusetts,Springfield,Emergency Medicine,Medicine-Primary,1286140M0,3,3,2,2,2,2,2,2,2,2
Massachusetts,Springfield,Emergency Medicine,Obstetrics-Gynecology,1286220C0,6,6,6,6,6,6,6,6,6,6
Massachusetts,Springfield,Emergency Medicine,Pathology,1286300C0,4,4,3,3,3,3,3,3,4,4
Massachusetts,Springfield,Emergency Medicine,Pediatrics,1286320C0,9,7,9,9,9,8,9,6,9,9
Massachusetts,Peds-Prelim/Boston Childrens NDD,,Psychiatry,1286400C0,4,4,4,4,4,4,4,4,4,4
Massachusetts,Peds-Prelim/Boston Childrens NDD,,Radiology-Diagnostic,1286420A0,5,5,4,4,4,4,4,4,4,4
Massachusetts,Peds-Prelim/Boston Childrens NDD,,General Surgery,1286440C0,7,7,7,7,7,7,7,7,7,7
Massachusetts,Peds-Prelim/Boston Childrens NDD,,Surgery-Preliminary,1286440P0,,,,,,,4,0,,
Massachusetts,UMass Chan Medical School-MA,Worcester,Anesthesiology,3050040A1,,,,,,,,,1,1
Massachusetts,UMass Chan Medical School-MA,Worcester,Anesthesiology,3050040C0,11,11,11,11,8,8,8,8,8,8
Massachusetts,Anesthesiology,,Dermatology,3050080A0,4,4,4,4,4,4,4,4,4,4
Massachusetts,Anesthesiology,,Dermatology,3050080R0,,,,,,,,,1,1
Massachusetts,Anesthesiology,,Emergency Medicine,3050110C0,14,14,14,14,14,14,14,12,14,14
Massachusetts,Anesthesiology,,Fam Med/Hahnemann FHC,3050120C0,5,5,4,4,4,4,4,4,4,4
Massachusetts,Anesthesiology,,Fam Med/Queen St FHC,3050120C1,4,4,4,4,4,4,4,4,4,4
Massachusetts,Anesthesiology,Family Med/Barre FHC,Family Med/Fitchburg,3050120C3,5,5,5,5,5,5,5,5,5,5
Massachusetts,Anesthesiology,Family Med/Barre FHC,Internal Medicine,3050140C0,33,33,33,33,33,33,33,33,29,29
Massachusetts,Anesthesiology,Family Med/Barre FHC,Internal Medicine/PSTP,3050140C3,1,1,,,,,,,,
Massachusetts,Anesthesiology,Family Med/Barre FHC,Medicine-Primary,3050140M0,4,4,4,4,4,4,4,4,4,4
Massachusetts,Anesthesiology,Family Med/Barre FHC,Medicine-Preliminary,3050140P0,7,7,7,7,8,8,3,3,4,4
Massachusetts,Med-Prelim/Neurology,,Neurological Surgery,3050160C0,1,1,1,1,1,1,1,1,1,1
Massachusetts,Med-Prelim/Neurology,,Neurology,3050180A0,9,9,9,9,8,8,8,8,8,8
Massachusetts,Med-Prelim/Neurology,,Neurology,3050180R0,,,,,1,1,,,,
Massachusetts,Med-Prelim/Neurology,,Obstetrics-Gynecology,3050220C0,6,6,6,6,6,6,5,5,5,5
Massachusetts,Med-Prelim/Neurology,Orthopaedic Surgery,Ortho Surgery/Research,3050260C1,1,1,1,1,1,1,1,1,1,1
Massachusetts,Med-Prelim/Neurology,Orthopaedic Surgery,Otolaryngology,3050280C0,2,2,2,2,1,1,1,1,,
Massachusetts,Med-Prelim/Neurology,Orthopaedic Surgery,Pathology,3050300C0,4,4,4,4,5,5,4,4,4,4
Massachusetts,Med-Prelim/Neurology,Orthopaedic Surgery,Pediatrics,3050320C0,9,9,9,9,8,8,8,8,8,8
Massachusetts,Med-Prelim/Neurology,Orthopaedic Surgery,Plastic Surgery (Integrated),3050362C0,2,2,2,2,2,2,2,2,2,2
Massachusetts,Public Health & Prev Med/2yr-MPH,Available,Psychiatry,3050400C0,5,5,5,5,4,4,6,6,4,4
Massachusetts,Public Health & Prev Med/2yr-MPH,Available,Psychiatry/Child Psych,3050400C1,2,2,2,2,2,2,2,2,2,2
Massachusetts,Interventional Radiology (Integ),,Radiology-Diagnostic,3050420A0,7,7,7,7,6,6,6,6,4,4
Massachusetts,Interventional Radiology (Integ),,General Surgery,3050440C0,8,8,8,8,8,8,8,8,8,8
Massachusetts,Worcester,,Surgery-Preliminary,3050440P0,3,3,4,4,4,4,4,4,4,4
Massachusetts,Worcester,,Vascular Surgery,3050451C0,2,2,2,2,2,2,2,2,2,2
Massachusetts,Worcester,Medicine-Pediatrics,Psychiatry-Neurology,3050755C1,1,1,1,1,1,1,,,1,1
Michigan,Transitional,,Transitional/Radiology,1303999P1,,,,,,,,,3,2
Michigan,Detroit,,Family Medicine,1920120C0,6,6,6,6,6,6,6,6,6,6
Michigan,Detroit,Internal Medicine,Pediatrics,1920320C0,6,5,8,3,7,7,6,6,8,6
Michigan,Detroit,Internal Medicine,Psychiatry,1920400C0,5,5,8,8,6,6,6,6,9,9
Michigan,Emergency Medicine,,Emergency Medicine/MIDOCS,1320110C2,1,1,2,2,1,1,,,,
Michigan,Emergency Medicine,,Family Medicine,1320120C0,6,6,6,3,6,4,6,2,6,6
Michigan,Emergency Medicine,,Family Medicine/MIDOCS,1320120C1,3,1,3,2,3,0,2,2,2,2
Michigan,Emergency Medicine,,Internal Medicine,1320140C0,14,14,14,14,12,12,12,12,8,8
Michigan,Emergency Medicine,Internal Medicine/MIDOCS,Obstetrics-Gynecology,1320220C0,4,4,4,4,4,4,4,4,4,4
Michigan,Emergency Medicine,Internal Medicine/MIDOCS,Pediatrics,1320320C0,4,4,4,2,5,2,4,3,4,4
Michigan,Emergency Medicine,Internal Medicine/MIDOCS,Psychiatry,1320400C0,7,7,6,6,6,6,6,6,4,4
Michigan,Emergency Medicine,Internal Medicine/MIDOCS,Psychiatry/MIDOCS,1320400C1,1,1,2,2,2,2,2,2,2,1
Michigan,Emergency Medicine,Internal Medicine/MIDOCS,General Surgery,1320440C0,4,4,4,4,4,4,4,4,4,4
Michigan,Childrens Hosp of Michigan,Detroit,Pediatrics,1843320C0,26,26,27,27,27,27,27,27,24,24
Michigan,Childrens Hosp of Michigan,Detroit,Peds-Prelim/Child Neurology,1843320P0,3,3,2,2,2,2,2,1,2,2
Michigan,Corewell Health Lakeland-MI,Saint Joseph,Emergency Medicine,1951110C0,9,9,9,9,9,9,9,9,9,5
Michigan,Corewell Health Lakeland-MI,Saint Joseph,Family Medicine,1951120C0,6,6,6,4,6,3,5,5,5,5
Michigan,Corewell Health Lakeland-MI,Saint Joseph,Internal Medicine,1951140C0,9,9,9,6,9,6,8,8,7,7
Michigan,Corewell Health-Grand Rapids/MSU-MI,Grand Rapids,Emergency Medicine,2077110C0,10,10,10,10,10,10,11,4,10,10
Michigan,Corewell Health-Grand Rapids/MSU-MI,Grand Rapids,Family Medicine,2077120C1,6,4,6,5,6,3,6,6,6,6
Michigan,Corewell Health-Grand Rapids/MSU-MI,Grand Rapids,Internal Medicine,2077140C0,17,17,16,16,15,15,15,15,15,15
Michigan,Corewell Health-Grand Rapids/MSU-MI,Grand Rapids,Neurological Surgery,2077160C0,1,1,1,1,1,1,1,1,1,1
Michigan,Grand Rapids,,Child Neurology,2077185C0,2,2,2,2,2,2,2,1,2,2
Michigan,Grand Rapids,,Obstetrics-Gynecology,2077220C0,8,8,8,8,8,8,8,8,8,8
Michigan,Grand Rapids,Orthopaedic Surgery,Pediatrics,2077320C0,20,20,20,20,20,20,20,19,20,20
Michigan,Grand Rapids,Orthopaedic Surgery,Plastic Surgery (Integrated),2077362C0,3,3,3,3,3,3,3,3,3,3
Michigan,Grand Rapids,Orthopaedic Surgery,Interventional Radiology (Integ),2077416C0,3,3,3,3,3,3,3,3,3,3
Michigan,Grand Rapids,Orthopaedic Surgery,Radiology-Diagnostic,2077420C0,3,3,3,3,3,3,3,3,3,3
Michigan,Grand Rapids,Orthopaedic Surgery,General Surgery,2077440C0,7,7,7,7,7,7,7,7,7,7
Michigan,General Surgery/Rural,,Surgery-Preliminary,2077440P0,3,1,3,1,2,0,3,1,3,0
Michigan,General Surgery/Rural,,Vascular Surgery,2077451C0,2,2,1,1,1,1,1,1,1,1
Michigan,General Surgery/Rural,,Medicine-Pediatrics,2077700C0,4,4,4,4,4,4,4,4,4,4
Michigan,General Surgery/Rural,,Transitional,2077999P0,6,6,6,6,6,6,6,6,6,6
Michigan,Southfield,,Anesthesiology/Royal Oak,1978040C0,6,6,6,6,6,6,6,6,6,6
Michigan,Southfield,,Dermatology/Trenton,1978080C0,2,2,2,2,2,2,2,2,2,2
Michigan,Southfield,,Derm/Farm Hills/Osteopathic,1978080C2,2,2,2,2,2,2,2,2,2,0
Michigan,Southfield,Emergency Med/Royal Oak,Emergency Med/Farmington Hills,1978110C1,8,8,8,8,8,8,8,6,7,5
Michigan,Southfield,Emergency Med/Royal Oak,Emer Med/Trenton & Dearborn,1978110C2,8,8,8,8,8,5,8,3,8,8
Michigan,Southfield,Emergency Med/Royal Oak,Family Medicine/Troy,1978120C0,8,8,8,6,8,8,8,8,8,8
Michigan,Southfield,Emergency Med/Royal Oak,Family Med/Grosse Pointe,1978120C1,8,4,8,7,8,8,8,8,6,6
Michigan,Southfield,Emergency Med/Royal Oak,Fam Med/Farm Hills/Osteopathic,1978120C2,5,3,5,5,5,5,5,5,5,5
Michigan,Family Medicine/Wayne,,Internal Medicine/Royal Oak,1978140C0,24,24,24,24,24,24,24,24,24,24
Michigan,Family Medicine/Wayne,,Internal Medicine/Dearborn,1978140C1,10,10,10,10,10,10,10,10,10,10
Michigan,Family Medicine/Wayne,,Internal Medicine/Trenton,1978140C2,5,5,5,5,5,5,5,5,5,3
Michigan,Family Medicine/Wayne,,Internal Med/Farmington Hills,1978140C3,10,10,10,10,10,6,10,10,8,8
Michigan,Family Medicine/Wayne,,Med-Prelim/Dearborn,1978140P1,2,2,3,3,3,3,3,3,3,3
Michigan,Family Medicine/Wayne,Neuro Surg/Royal Oak & Dearborn,Neurology/Farm Hills & Royal Oak,1978180C0,4,4,4,4,4,4,4,4,4,4
Michigan,Family Medicine/Wayne,Neuro Surg/Royal Oak & Dearborn,Obstetrics-Gynecology/Royal Oak,1978220C0,6,6,6,6,6,6,6,6,6,6
Michigan,Family Medicine/Wayne,Neuro Surg/Royal Oak & Dearborn,Obstetrics-Gynecology/Dearborn,1978220C1,4,4,4,4,4,4,4,4,4,4
Michigan,Family Medicine/Wayne,Neuro Surg/Royal Oak & Dearborn,Obstetrics-Gynecology/Trenton,1978220C2,2,2,2,2,2,2,2,2,2,2
Michigan,Obstetrics-Gynecology/Farm Hills,,Ortho Surgery/Royal Oak & Taylor,1978260C0,6,,6,6,6,6,6,6,8,
Michigan,Obstetrics-Gynecology/Farm Hills,,Ortho Surg/Farm Hills & Dearborn,1978260C1,4,4,4,4,4,4,4,4,4,4
Michigan,Obstetrics-Gynecology/Farm Hills,,Otolaryngology/Farmington Hills,1978280C0,2,2,2,2,2,2,1,1,1,1
Michigan,Obstetrics-Gynecology/Farm Hills,,Pathology/Royal Oak,1978300C0,3,3,3,3,3,3,3,3,3,3
Michigan,Obstetrics-Gynecology/Farm Hills,,Pediatrics/Royal Oak,1978320C0,12,12,12,12,8,8,9,9,8,8
Michigan,Obstetrics-Gynecology/Farm Hills,Phys Med & Rehab/Royal Oak,Phys Medicine & Rehab/Taylor,1978340C1,5,5,5,5,5,5,5,5,5,5
Michigan,Obstetrics-Gynecology/Farm Hills,Phys Med & Rehab/Royal Oak,Psychiatry/Dearborn & Behavioral,1978400C0,6,6,6,6,6,6,6,6,6,6
Michigan,Obstetrics-Gynecology/Farm Hills,Phys Med & Rehab/Royal Oak,Intervent Rad (Integ)/Royal Oak,1978416C0,3,3,2,2,2,2,2,2,2,2
Michigan,Obstetrics-Gynecology/Farm Hills,Phys Med & Rehab/Royal Oak,Radiology-Diagnostic/Royal Oak,1978420C0,8,8,8,8,8,8,8,8,8,8
Michigan,Obstetrics-Gynecology/Farm Hills,Phys Med & Rehab/Royal Oak,Radiology-Diagnostic/Dearborn,1978420C1,5,5,5,5,5,5,5,5,4,4
Michigan,Radiology-Diagnostic/Farm Hills,,Radiology-Diagnostic/Farm Hills,1978420R1,,,,,,,1,1,,
Michigan,Radiology-Diagnostic/Farm Hills,,Radiation Oncology/Royal Oak,1978430C0,3,3,3,3,3,3,3,1,3,3
Michigan,Radiology-Diagnostic/Farm Hills,,Radiation Oncology/Royal Oak,1978430R0,,,,,2,2,,,,
Michigan,Radiology-Diagnostic/Farm Hills,,General Surgery/Royal Oak,1978440C0,6,6,6,6,6,6,6,6,6,6
Michigan,Radiology-Diagnostic/Farm Hills,,Gen Surg/Dearborn & Trenton,1978440C1,4,4,4,4,4,4,4,4,4,4
Michigan,Radiology-Diagnostic/Farm Hills,General Surgery/Farmington Hills,Surg-Prelim/Royal Oak,1978440P0,2,0,2,2,2,0,2,0,2,2
Michigan,Corewell Health-MI (Continued),Southfield,Medicine-Pediatrics/Royal Oak,1978700C0,4,4,4,4,4,4,4,3,4,4
Michigan,Corewell Health-MI (Continued),Southfield,Trans/Ophthal/Royal Oak,1978999P1,3,3,3,3,3,3,3,3,3,3
Michigan,Flint,,Dermatology,2471080C0,2,2,,,,,,,,
Michigan,Flint,,Dermatology,2471080R0,2,2,,,,,,,,
Michigan,Detroit,,Anesthesiology,1295040C0,12,12,13,13,12,12,12,12,12,12
Michigan,Detroit,,Anesthesiology/Military,1295040C1,,,,,,,,,1,0
Michigan,Detroit,,Emergency Med/Receiving Hosp,1295110C0,14,14,14,14,14,14,14,14,14,14
Michigan,Detroit,Emergency Med/Sinai-Grace,Family Medicine,1295120C0,4,4,4,4,5,5,5,5,5,5
Michigan,Detroit,Emergency Med/Sinai-Grace,Int Med/Det/Harper/VA,1295140C0,39,39,39,39,39,39,37,37,36,36
Michigan,Detroit,Emergency Med/Sinai-Grace,Internal Med/Sinai-Grace,1295140C1,24,24,24,24,24,24,20,20,20,20
Michigan,Detroit,Emergency Med/Sinai-Grace,Internal Medicine/HVSH,1295140C2,8,4,8,5,8,8,8,4,8,6
Michigan,Detroit,Emergency Med/Sinai-Grace,Neurology,1295180C0,10,10,10,10,10,10,9,9,9,9
Michigan,Child Neurology,,Child Neurology,1295185R0,,,,,1,0,1,0,1,0
Michigan,Child Neurology,,Obstetrics-Gynecology,1295220C0,9,9,10,10,10,10,10,10,10,10
Michigan,Child Neurology,,Orthopaedic Surgery,1295260C0,4,4,4,4,4,4,4,4,4,4
Michigan,Child Neurology,,Otolaryngology/Huron Valley,1295280C1,2,2,2,2,2,2,2,1,2,2
Michigan,Child Neurology,Pathology,Phys Medicine & Rehab,1295340A0,4,4,4,4,4,4,4,4,4,4
Michigan,Child Neurology,Pathology,Psychiatry,1295400C0,9,9,9,9,8,8,8,8,9,9
Michigan,Child Neurology,Pathology,Psychiatry/Child Psych,1295400C2,2,2,2,2,2,2,2,2,2,2
Michigan,Child Neurology,Pathology,Radiology-Diagnostic,1295420A0,6,6,6,6,6,6,10,10,9,9
Michigan,Child Neurology,Pathology,Radiology-Diag/15-Mth Ped Path,1295420A2,1,1,,,,,,,,
Michigan,Radiology-Diag/15-Mth Ped Path,,Radiation Oncology,1295430A0,1,1,1,1,1,0,2,2,2,2
Michigan,Radiology-Diag/15-Mth Ped Path,,General Surgery,1295440C0,6,6,6,6,7,7,8,8,7,7
Michigan,Radiology-Diag/15-Mth Ped Path,,General Surgery/Sinai-Grace,1295440C1,3,3,3,3,3,3,3,3,3,3
Michigan,Radiology-Diag/15-Mth Ped Path,,Surgery-Preliminary,1295440P0,10,0,10,0,10,1,10,0,10,2
Michigan,Radiology-Diag/15-Mth Ped Path,,Medicine-Pediatrics,1295700C0,6,6,7,6,6,6,5,5,5,5
Michigan,Radiology-Diag/15-Mth Ped Path,Pediatrics-Medical Genetics,Transitional,1295999P0,16,16,16,16,18,18,22,22,22,13
Michigan,Garden City Hospital-MI,Garden City,Emergency Medicine,2106110C0,,,,,6,6,5,3,6,2
Michigan,Family Medicine,,Internal Medicine,2106140C0,15,3,11,4,11,11,11,6,8,8
Michigan,Family Medicine,,Neurology,2106180C0,2,2,2,2,2,2,2,2,2,1
Michigan,Family Medicine,,Obstetrics-Gynecology,2106220C0,,,,,,,,,3,3
Michigan,Family Medicine,,Orthopaedic Surgery,2106260C0,2,2,2,2,2,2,2,2,2,2
Michigan,Henry Ford Genesys Hospital-MI,Grand Blanc,Emergency Medicine,1308110C0,6,1,6,2,7,0,6,1,6,4
Michigan,Henry Ford Genesys Hospital-MI,Grand Blanc,Family Medicine,1308120C0,10,10,10,7,10,8,10,7,13,13
Michigan,Henry Ford Genesys Hospital-MI,Grand Blanc,Internal Medicine,1308140C0,13,11,13,13,13,13,13,9,13,13
Michigan,Obstetrics-Gynecology,,Orthopaedic Surgery,1308260C0,3,3,3,3,3,3,3,3,3,3
Michigan,Obstetrics-Gynecology,,General Surgery,1308440C0,4,4,4,4,3,3,4,4,3,3
Michigan,Detroit,Anesthesiology,Dermatology,1300080A0,7,7,7,7,7,7,7,7,7,7
Michigan,Detroit,Anesthesiology,Dermatology,1300080R0,,,,,1,1,,,,
Michigan,Detroit,Anesthesiology,Emergency Medicine,1300110C0,15,15,15,15,15,15,15,10,15,15
Michigan,Detroit,Anesthesiology,Family Medicine,1300120C0,8,7,8,8,8,8,8,8,8,8
Michigan,Detroit,Anesthesiology,Family Medicine/CHASS,1300120C3,2,2,,,,,,,,
Michigan,Internal Medicine,,Neurological Surgery,1300160C0,3,3,2,2,2,2,2,2,2,2
Michigan,Internal Medicine,,Neurology,1300180C0,8,8,8,8,8,8,6,6,6,6
Michigan,Internal Medicine,,Obstetrics-Gynecology,1300220C0,5,5,5,5,5,5,5,5,5,5
Michigan,Internal Medicine,,Orthopaedic Surgery,1300260C0,6,6,6,6,6,6,6,6,6,6
Michigan,Internal Medicine,Otolaryngology,Pathology,1300300C0,4,4,4,4,4,4,4,4,4,4
Michigan,Internal Medicine,Otolaryngology,Psychiatry,1300400C0,6,6,6,6,6,6,6,6,6,6
Michigan,Internal Medicine,Otolaryngology,Interventional Radiology (Integ),1300416C0,2,2,1,1,1,1,1,1,1,1
Michigan,Internal Medicine,Otolaryngology,Radiology-Diagnostic,1300420C0,9,9,9,9,8,8,8,8,8,8
Michigan,Internal Medicine,Otolaryngology,Radiation Oncology,1300430A0,2,2,2,2,1,1,1,1,2,0
Michigan,General Surgery,,Surgery-Preliminary,1300440P0,4,4,4,3,2,1,2,2,2,1
Michigan,General Surgery,,Emergency Med/Internal Med,1300705C0,2,2,2,2,2,2,2,2,2,2
Michigan,General Surgery,,Transitional,1300999P0,17,17,17,17,17,17,17,17,15,15
Michigan,Jackson,,Emergency Medicine,1741110C0,10,9,10,10,10,6,8,3,8,0
Michigan,Jackson,,Family Medicine,1741120C0,8,8,6,6,6,6,6,6,6,6
Michigan,Jackson,,Internal Medicine,1741140C0,8,8,8,8,8,8,8,8,8,8
Michigan,Jackson,,Psychiatry,1741400C0,4,4,4,4,4,4,4,4,4,4
Michigan,Jackson,,General Surgery,1741440C0,4,4,4,4,4,4,4,4,4,4
Michigan,Henry Ford Macomb Hospital-MI,Clinton Township,Emergency Medicine,1924110C0,8,4,8,5,8,8,8,0,8,8
Michigan,Henry Ford Macomb Hospital-MI,Clinton Township,Family Medicine,1924120C0,4,4,4,2,4,4,4,4,4,4
Michigan,Internal Medicine,,Obstetrics-Gynecology,1924220C0,3,3,3,3,3,3,3,3,3,3
Michigan,Internal Medicine,,Orthopaedic Surgery,1924260C0,2,2,2,2,2,2,2,2,2,2
Michigan,Internal Medicine,,Otolaryngology,1924280C0,1,1,1,1,1,1,1,1,1,1
Michigan,Internal Medicine,,General Surgery,1924440C0,4,4,4,4,4,4,4,4,4,3
Michigan,Southfield,,Emergency Medicine,1303110C0,10,10,10,10,10,10,10,5,10,4
Michigan,Southfield,,Family Medicine,1303120C0,9,6,9,3,9,9,8,8,9,9
Michigan,Southfield,,Internal Medicine,1303140C0,13,13,13,13,13,13,13,13,17,17
Michigan,Southfield,,Neurological Surgery,1303160C0,2,2,2,2,2,2,2,1,2,2
Michigan,Southfield,Obstetrics-Gynecology,Orthopaedic Surgery,1303260C0,3,3,3,3,3,3,3,3,3,3
Michigan,Southfield,Obstetrics-Gynecology,Radiology-Diagnostic,1303420A0,4,4,3,3,3,3,3,3,3,3
Michigan,Southfield,Obstetrics-Gynecology,General Surgery,1303440C0,3,3,3,3,3,3,3,3,3,3
Michigan,Southfield,Obstetrics-Gynecology,Surgery-Preliminary,1303440P0,6,6,6,6,6,4,6,6,6,6
Michigan,Southfield,Obstetrics-Gynecology,Vascular Surgery,1303451C0,1,1,1,1,1,1,1,1,,
Michigan,Henry Ford St John Hosp-MI,Detroit,Anesthesiology,1915040C0,8,8,8,8,,,,,,
Michigan,Henry Ford St John Hosp-MI,Detroit,Anesthesiology,1915040R0,,,8,8,,,,,,
Michigan,Henry Ford St John Hosp-MI,Detroit,Emergency Medicine,1915110C0,12,12,12,12,12,11,12,5,12,12
Michigan,Family Medicine,,Internal Medicine,1915140C0,22,22,21,21,21,21,21,21,21,21
Michigan,Family Medicine,,Medicine-Preliminary,1915140P0,,,,,,,,,4,0
Michigan,Family Medicine,,Obstetrics-Gynecology,1915220C0,4,4,4,4,4,4,4,4,4,4
Michigan,Family Medicine,,Pathology,1915300C0,2,2,2,2,2,2,2,2,2,2
Michigan,Family Medicine,Pediatrics,General Surgery,1915440C0,5,5,5,5,5,5,5,5,5,5
Michigan,Family Medicine,Pediatrics,Surgery-Preliminary,1915440P0,2,0,2,1,2,0,2,1,2,0
Michigan,Emergency Medicine,,Family Medicine/Osteopathic,1930120C0,6,3,6,4,6,6,6,6,5,2
Michigan,Emergency Medicine,,Internal Medicine,1930140C0,13,10,13,13,13,13,12,12,12,12
Michigan,Emergency Medicine,,Neurology,1930180C0,2,2,2,2,2,2,4,4,3,1
Michigan,Emergency Medicine,,Obstetrics-Gynecology,1930220C0,3,3,3,3,3,3,3,3,3,3
Michigan,Emergency Medicine,,Orthopaedic Surgery,1930260C0,2,2,2,2,2,2,2,2,2,2
Michigan,Emergency Medicine,Otolaryngology,General Surgery,1930440C0,4,4,4,4,4,4,4,4,4,4
Michigan,Henry Ford Wyandotte Hosp-MI,Wyandotte,Emergency Medicine,2043110C0,9,9,9,7,8,7,9,5,9,6
Michigan,Obstetrics-Gynecology,,General Surgery,2043440C0,3,3,3,3,3,3,3,3,3,3
Michigan,Flint,,Internal Medicine,1307140C0,15,15,15,15,15,15,15,15,15,11
Michigan,Flint,Obstetrics-Gynecology,Pediatrics,1307320C0,7,7,7,7,7,7,7,7,7,7
Michigan,Flint,Obstetrics-Gynecology,Medicine-Pediatrics,1307700C0,3,3,3,3,3,3,3,3,3,3
Michigan,Flint,Obstetrics-Gynecology,Transitional,1307999P0,,,5,1,,,6,4,6,2
Michigan,MSUCOM Statewide Campus Sys-MI,East Lansing,Osteo Neuromusculo Med,2123275C0,4,4,4,4,4,3,4,4,4,4
Michigan,Mary Free Bed Hospital-MI,Grand Rapids,Phys Medicine & Rehab,1944340A0,4,4,4,4,4,4,4,4,4,4
Michigan,McLaren Health Care Corp-MI,Grand Blanc,Anesthesiology/Lansing,1866040C0,4,4,4,4,4,4,4,4,4,4
Michigan,McLaren Health Care Corp-MI,Grand Blanc,Anesthesiology/Oakland,1866040C1,3,3,3,3,3,3,3,3,3,3
Michigan,McLaren Health Care Corp-MI,Grand Blanc,Anesthesiology/Flint,1866040C2,6,6,6,6,6,6,6,6,,
Michigan,McLaren Health Care Corp-MI,Grand Blanc,Anesthesiology/Flint,1866040R0,,,,,,,3,3,,
Michigan,Anesthesiology/Oakland,,Emergency Medicine/Macomb,1866110C0,6,4,6,6,6,6,6,2,6,5
Michigan,Anesthesiology/Oakland,,Emergency Medicine/Oakland,1866110C1,6,6,6,2,6,1,6,2,6,6
Michigan,Anesthesiology/Oakland,,Emergency Medicine/Lansing,1866110C2,6,2,,,,,,,,
Michigan,Anesthesiology/Oakland,,Emergency Medicine/Flint,1866110C3,8,3,,,,,,,,
Michigan,Anesthesiology/Oakland,,Family Medicine/Flint,1866120C0,6,6,6,6,6,6,6,6,6,6
Michigan,Anesthesiology/Oakland,Family Medicine/Macomb,Family Medicine/Oakland,1866120C2,4,1,4,2,4,4,4,1,4,3
Michigan,Anesthesiology/Oakland,Family Medicine/Macomb,Family Medicine/Lansing,1866120C3,4,1,4,2,4,1,4,4,4,4
Michigan,Anesthesiology/Oakland,Family Medicine/Macomb,Family Medicine/Bay,1866120C4,4,1,4,3,4,2,5,2,4,0
Michigan,Anesthesiology/Oakland,Family Medicine/Macomb,Family Medicine/St Lukes,1866120C5,,,,,,,,,6,3
Michigan,Family Medicine/Petoskey,,Family Medicine/Port Huron,1866120C7,4,0,4,1,,,,,,
Michigan,Family Medicine/Petoskey,,Family Medicine/Petoskey/Tribal Health,1866120C8,2,1,,,,,,,,
Michigan,Family Medicine/Petoskey,,Internal Medicine/Flint,1866140C0,12,12,12,12,12,12,12,12,12,12
Michigan,Family Medicine/Petoskey,,Internal Medicine/Lansing,1866140C1,10,9,10,10,10,1,10,10,10,8
Michigan,Family Medicine/Petoskey,,Internal Medicine/Macomb,1866140C2,10,10,10,10,10,10,10,10,8,8
Michigan,Family Medicine/Petoskey,Internal Medicine/Oakland,Internal Medicine/Port Huron,1866140C4,6,5,6,6,,,,,,
Michigan,Family Medicine/Petoskey,Internal Medicine/Oakland,Internal Medicine/Bay City,1866140C5,6,5,6,6,,,,,,
Michigan,Family Medicine/Petoskey,Internal Medicine/Oakland,Obstetrics-Gynecology/Lansing,1866220C0,3,3,3,3,3,3,3,3,3,3
Michigan,Family Medicine/Petoskey,Internal Medicine/Oakland,Obstetrics-Gynecology/Macomb,1866220C1,3,3,3,3,2,2,2,2,2,2
Michigan,Family Medicine/Petoskey,Internal Medicine/Oakland,Orthopaedic Surgery/Flint,1866260C0,4,4,4,4,4,4,3,3,3,3
Michigan,Orthopaedic Surgery/Oakland,,Orthopaedic Surgery/Macomb,1866260C2,3,3,3,3,3,3,3,3,3,3
Michigan,Orthopaedic Surgery/Oakland,,Orthopaedic Surgery/Lansing,1866260C3,4,4,4,4,4,4,4,4,4,4
Michigan,Orthopaedic Surgery/Oakland,,Otolaryngology/Oakland,1866280C0,2,2,2,2,2,2,2,2,2,2
Michigan,Orthopaedic Surgery/Oakland,,Radiology-Diagnostic/Oakland,1866420C0,3,1,3,3,3,3,3,3,3,3
Michigan,Orthopaedic Surgery/Oakland,General Surgery/Lansing,General Surgery/Macomb,1866440C1,5,,5,5,5,5,5,4,5,
Michigan,Orthopaedic Surgery/Oakland,General Surgery/Lansing,Transitional/Oakland,1866999P0,4,4,4,4,4,4,4,4,4,2
Michigan,Orthopaedic Surgery/Oakland,General Surgery/Lansing,Transitional/Port Huron,1866999P1,5,3,,,,,,,,
Michigan,Michigan St Univ CHM-East Lansing,Lansing,Family Medicine,2436120C0,3,1,4,2,4,1,4,1,4,1
Michigan,Michigan St Univ CHM-East Lansing,Lansing,Psychiatry,2436400C0,5,5,5,5,5,5,5,5,5,5
Michigan,Michigan St Univ CHM-East Lansing,Lansing,Psychiatry/Rural,2436400C1,1,1,2,2,2,2,2,1,2,2
Michigan,Munson Med Ctr-MI,Traverse City,Family Medicine,1349120C0,6,4,6,6,6,6,6,6,6,4
Michigan,MyMichigan Med Ctr Midland-MI,Midland,Family Medicine/Midland,1961120C0,6,1,6,3,6,6,6,1,6,6
Michigan,MyMichigan Med Ctr Midland-MI,Midland,Family Med/MIDOCS Rural-Alpena,1961120C1,2,1,2,2,2,2,2,1,2,0
Michigan,Oakland Integrated Healthcare,Pontiac,Family Medicine,2404120C0,6,5,6,6,6,2,,,,
Michigan,Oakland Physicians Med Ctr-MI,Pontiac,Psychiatry,1318400C0,,,,,,,,,2,2
Michigan,Pine Rest Christian Mental Hlth,Grand Rapids,Psychiatry,1634400C0,11,11,8,8,10,10,10,10,10,10
Michigan,Psychiatry/Rural,,Psychiatry/Child & Adolescent,1634400C2,,,2,2,,,,,,
Michigan,Monroe,,Emergency Medicine,1530110C0,,,,,,,,,8,3
Michigan,Monroe,Family Medicine,Transitional,1530999P0,,,,,,,,,6,6
Michigan,Trinity Health Ann Arbor Hosp-MI,Ann Arbor,Internal Medicine,1292140C0,16,16,16,16,17,17,16,16,16,16
Michigan,Obstetrics-Gynecology,,General Surgery,1292440C0,5,5,5,5,5,5,5,5,5,5
Michigan,Obstetrics-Gynecology,,Transitional,1292999P0,7,7,7,7,7,7,9,9,12,12
Michigan,Obstetrics-Gynecology,,Transitional/PM&R,1292999P1,3,3,3,3,3,3,3,3,,
Michigan,Obstetrics-Gynecology,,Transitional/Dermatology,1292999P2,2,2,2,2,2,2,,,,
Michigan,Grand Rapids,,Family Medicine,1995120C0,10,5,10,3,10,10,10,9,10,10
Michigan,Grand Rapids,,Internal Medicine,1995140C0,8,8,7,7,7,7,7,5,7,7
Michigan,Grand Rapids,,Neurology,1995180C0,4,4,4,3,4,4,4,4,4,4
Michigan,Grand Rapids,,Transitional,1995999P0,6,6,6,5,6,6,6,6,6,4
Michigan,Howell,,Dermatology,1400080A0,4,4,4,4,5,5,4,4,4,4
Michigan,Howell,,Family Medicine,1400120C0,7,7,7,7,7,7,6,5,6,6
Michigan,Livonia,,Emergency Medicine,1418110C0,8,5,8,5,8,5,6,0,6,4
Michigan,Livonia,,Family Medicine,1418120C0,6,2,6,4,7,6,8,4,8,2
Michigan,Livonia,,Internal Medicine,1418140C0,15,15,15,15,15,15,15,15,15,15
Michigan,Livonia,,Psychiatry,1418400C0,8,8,6,6,7,7,7,7,7,7
Michigan,Livonia,,Transitional,1418999P0,12,12,12,12,12,12,14,14,16,16
Michigan,Muskegon,,Emergency Medicine,2102110C0,7,7,7,7,7,7,7,5,7,7
Michigan,Muskegon,,Family Medicine,2102120C0,6,1,6,3,6,3,5,1,6,6
Michigan,Muskegon,,Internal Medicine,2102140C0,7,7,7,6,6,6,6,6,6,6
Michigan,Muskegon,Obstetrics-Gynecology,Osteo Neuromusculo Med,2102275C0,2,0,,,2,0,2,1,,
Michigan,Trinity Health Oakland-MI,Pontiac,Internal Medicine,1319140C0,17,17,17,17,18,18,18,18,18,18
Michigan,Obstetrics-Gynecology,,Radiology-Diagnostic,1319420C0,3,3,3,3,3,3,3,3,3,3
Michigan,Obstetrics-Gynecology,,General Surgery,1319440C0,2,1,2,2,2,2,2,2,2,1
Michigan,Obstetrics-Gynecology,,Surgery-Preliminary,1319440P0,2,1,2,0,2,0,,,2,0
Michigan,Obstetrics-Gynecology,,Surg-Prelim/Anesthesiology-WSU,1319440P1,2,0,2,0,2,0,2,0,2,0
Michigan,Obstetrics-Gynecology,,Transitional,1319999P0,2,2,2,2,2,2,2,2,2,2
Michigan,Lansing,,Emergency Medicine,1315110C0,10,10,10,10,10,10,8,5,8,8
Michigan,Lansing,,Family Medicine,1315120C0,10,7,10,9,10,10,10,10,9,9
Michigan,Lansing,Internal Medicine,Neurology,1315180C0,5,,5,5,5,5,5,5,5,
Michigan,Lansing,Internal Medicine,Obstetrics-Gynecology,1315220C0,4,4,4,4,4,4,4,4,4,4
Michigan,Lansing,Internal Medicine,Pediatrics,1315320C0,8,8,8,8,8,8,8,8,7,7
Michigan,Lansing,Internal Medicine,Phys Medicine & Rehab,1315340C0,4,4,4,4,4,4,4,4,4,4
Michigan,Lansing,Internal Medicine,General Surgery,1315440C0,5,5,5,5,5,5,5,5,5,5
Michigan,U Michigan Health-West,Wyoming,Emergency Medicine,2170110C0,6,6,6,6,6,6,6,2,6,4
Michigan,U Michigan Health-West,Wyoming,Family Medicine/Osteopathic,2170120C0,5,5,5,5,5,5,5,5,5,1
Michigan,U Michigan Health-West,Wyoming,Internal Medicine,2170140C0,6,6,6,3,6,4,6,6,6,6
Michigan,Obstetrics-Gynecology,,Orthopaedic Surgery,2170260C0,2,2,2,2,2,2,2,2,2,2
Michigan,Obstetrics-Gynecology,,General Surgery/Osteopathic,2170440C0,3,3,2,1,2,2,2,1,2,2
Michigan,Ann Arbor,Anesthesiology,Dermatology,1293080A0,9,9,8,8,7,7,9,9,8,8
Michigan,Ann Arbor,Anesthesiology,Emergency Medicine,1293110C0,16,15,16,16,16,16,16,16,16,16
Michigan,Ann Arbor,Anesthesiology,Family Med/Ypsilanti,1293120C0,,,,,,,5,5,5,5
Michigan,Ann Arbor,Anesthesiology,Family Med/Ann Arbor,1293120C1,12,12,12,12,12,12,7,5,7,7
Michigan,Ann Arbor,Anesthesiology,Family Med/Spanish Ann Arbor,1293120C3,1,1,1,1,1,1,1,1,1,1
Michigan,Internal Medicine,,Internal Medicine/PSTP,1293140C1,1,0,1,1,,,4,4,4,4
Michigan,Internal Medicine,,Internal Medicine/PSTP-Hem Onc,1293140C3,1,1,1,1,1,1,,,,
Michigan,Ann Arbor,,Med-Prelim/Ophthalmology,1293140P2,7,7,7,7,7,7,7,7,7,7
Michigan,Ann Arbor,,Neurological Surgery,1293160C0,3,3,3,1,2,2,2,2,3,3
Michigan,Ann Arbor,Neurology,Child Neurology,1293185C0,4,4,4,4,4,4,4,4,4,4
Michigan,Ann Arbor,Neurology,Child Neurology,1293185R0,,,,,,,1,0,,
Michigan,Ann Arbor,Neurology,Obstetrics-Gynecology,1293220C0,6,6,6,6,6,6,6,6,6,6
Michigan,Ann Arbor,Neurology,Orthopaedic Surgery,1293260C0,8,8,8,8,8,8,7,7,7,7
Michigan,Ann Arbor,Neurology,Otolaryngology,1293280C0,4,4,4,4,4,4,4,4,4,4
Michigan,Otolaryngology/Research,,Pathology,1293300C0,8,8,6,6,5,5,6,6,6,6
Michigan,Otolaryngology/Research,,Pathology/PSTP,1293300C1,,,2,2,,,2,2,1,1
Michigan,Otolaryngology/Research,,Pathology-AP/NP,1293300C2,,,1,1,1,1,,,,
Michigan,Otolaryngology/Research,,Pediatrics,1293320C0,21,21,20,20,19,19,21,21,20,20
Michigan,Otolaryngology/Research,Pediatrics/PPSTP,Phys Medicine & Rehab,1293340A0,6,6,6,6,6,6,6,6,6,6
Michigan,Otolaryngology/Research,Pediatrics/PPSTP,Phys Medicine & Rehab,1293340R0,1,1,,,,,,,,
Michigan,Otolaryngology/Research,Pediatrics/PPSTP,Plastic Surgery (Integrated),1293362C0,4,4,4,4,4,4,4,4,4,4
Michigan,Otolaryngology/Research,Pediatrics/PPSTP,Psychiatry,1293400C0,12,12,12,12,12,12,12,12,12,12
Michigan,Otolaryngology/Research,Pediatrics/PPSTP,Interventional Radiology (Integ),1293416C0,3,3,3,3,3,3,3,3,3,3
Michigan,Radiology-Diagnostic,,Radiation Oncology,1293430A0,3,3,2,2,3,3,3,3,3,3
Michigan,Radiology-Diagnostic,,General Surgery,1293440C0,7,7,7,7,7,7,7,7,7,7
Michigan,Radiology-Diagnostic,,Surgery-Preliminary,1293440P0,3,3,4,3,4,2,4,4,4,2
Michigan,Radiology-Diagnostic,,Vascular Surgery,1293451C0,1,1,1,1,1,1,1,1,1,1
Michigan,Radiology-Diagnostic,,Thoracic Surgery,1293461C0,2,2,2,2,2,2,2,2,2,2
Michigan,Radiology-Diagnostic,Medicine-Pediatrics,Pediatrics-Medical Genetics,1293765C0,2,2,2,2,2,2,2,2,2,2
Michigan,U P Health System-Marquette-MI,Marquette,Family Medicine,2014120C0,6,4,6,5,6,3,6,3,6,5
Michigan,Wayne State University SOM-MI,Detroit,Anesthesiology,1361040A0,6,6,6,6,6,6,6,6,6,6
Michigan,Wayne State University SOM-MI,Detroit,Anesthesiology,1361040R0,,,,,1,1,,,,
Michigan,Wayne State University SOM-MI,Detroit,Dermatology,1361080A0,4,4,4,4,4,4,4,4,4,4
Michigan,Dermatology,,Family Medicine,1361120C0,6,6,6,6,6,6,6,6,6,4
Michigan,Dermatology,,Family Medicine/Urban,1361120C1,3,2,4,3,4,4,3,2,3,0
Michigan,Dermatology,,Internal Medicine,1361140C0,13,13,13,13,13,13,12,12,12,12
Michigan,Dermatology,,Internal Medicine/MIDOCs,1361140C1,,,2,0,,,,,,
Michigan,Dermatology,Otolaryngology,Public Health & Preventive,1361380R0,2,2,,,,,,,,
Michigan,Med/MIDOCs/2yr,,Transitional,1361999P0,1,0,1,0,1,0,1,0,4,4
Michigan,Med/MIDOCs/2yr,Transitional/Preventive Med,Trans/Radiology-Rochester,1361999P2,4,3,3,3,3,1,3,3,,
Michigan,Western Michigan Univ Stryker,Kalamazoo,Emergency Medicine,1314110C0,16,16,15,15,15,15,15,9,15,15
Michigan,Family Medicine/Kalamazoo,,Family Medicine/Battle Creek,1314120C1,6,6,6,6,6,6,6,6,6,6
Michigan,Kalamazoo,,Family Med/Kalamazoo MIDocs,1314120C2,1,1,1,0,1,0,1,1,1,1
Michigan,Kalamazoo,,Internal Medicine,1314140C0,11,11,11,11,11,11,11,11,11,11
Michigan,Kalamazoo,Internal Medicine/MIDocs,Medicine-Primary/MIDocs,1314140M0,,,,,,,2,0,1,0
Michigan,Kalamazoo,Internal Medicine/MIDocs,Obstetrics-Gynecology,1314220C0,4,4,4,4,4,4,4,4,4,4
Michigan,Kalamazoo,Internal Medicine/MIDocs,Orthopaedic Surgery,1314260C0,3,3,3,3,3,3,3,3,3,3
Michigan,Kalamazoo,Internal Medicine/MIDocs,Pediatrics,1314320C0,8,8,8,8,8,8,8,8,8,8
Michigan,Kalamazoo,Internal Medicine/MIDocs,Pediatrics-Primary/MIDocs,1314320M0,1,0,2,0,1,0,2,2,2,1
Michigan,Psychiatry,,Psychiatry/MIDocs,1314400C1,1,1,2,2,2,2,2,2,1,1
Michigan,Psychiatry,,General Surgery,1314440C0,4,4,4,4,4,4,4,4,4,4
Michigan,Psychiatry,,Gen Surg/MIDocs Rural Surg,1314440C1,1,1,2,2,1,1,2,2,1,1
Michigan,Psychiatry,,Medicine-Pediatrics,1314700C0,4,4,4,4,4,4,4,4,4,4
Minnesota,Abbott Northwestern Hosp-MN,Minneapolis,Internal Medicine,1330140C0,13,13,11,11,11,11,11,11,11,11
Minnesota,Abbott Northwestern Hosp-MN,Minneapolis,Neurology,1330180C0,3,3,,,,,,,,
Minnesota,Allina Health-MN,St Paul,Family Medicine,1342120C0,7,7,7,7,7,7,7,7,7,7
Minnesota,HealthPartners Institute-MN,St Paul,Dermatology,1335080A0,3,2,3,3,3,2,2,2,2,2
Minnesota,HealthPartners Institute-MN,St Paul,Dermatology,1335080R0,,,1,1,1,1,1,1,1,0
Minnesota,HealthPartners Institute-MN,St Paul,Emergency Med/Regions Hosp,1335110C0,11,11,11,11,11,11,11,11,11,11
Minnesota,HealthPartners Institute-MN,St Paul,Family Med/Western WI Rural,1335120C2,2,1,2,1,2,2,2,2,2,2
Minnesota,Hennepin Co Med Ctr-MN,Minneapolis,Emergency Medicine,1329110C0,14,14,14,14,12,12,12,12,12,12
Minnesota,Hennepin Co Med Ctr-MN,Minneapolis,Family Medicine,1329120C0,11,11,11,11,11,11,11,11,11,11
Minnesota,Hennepin Co Med Ctr-MN,Minneapolis,Internal Medicine,1329140C0,21,21,19,19,20,20,19,19,19,19
Minnesota,Hennepin Co Med Ctr-MN,Minneapolis,Med-Primary/MNDOH Grant,1329140M0,,,,,2,2,,,2,1
Minnesota,Psychiatry,,General Surgery,1329440C0,5,5,5,5,5,5,5,5,5,5
Minnesota,Psychiatry,,Surgery-Preliminary,1329440P0,2,2,2,2,2,2,1,1,1,0
Minnesota,Psychiatry,,Emergency Med/Internal Med,1329705C0,2,2,2,2,2,2,2,2,2,2
Minnesota,Psychiatry,,Transitional,1329999P0,,,,,1,1,5,5,5,5
Minnesota,Rochester,,Anesthesiology,1328040A0,,,,,,,,,6,6
Minnesota,Rochester,,Anesthesiology,1328040C0,18,18,18,18,17,17,18,18,12,12
Minnesota,Rochester,,Anesthesiology,1328040R0,,,,,,,,,2,2
Minnesota,Rochester,,Dermatology,1328080A0,6,6,6,6,5,5,6,6,5,5
Minnesota,Rochester,Dermatology/Research,Dermatology,1328080C0,2,2,2,2,2,2,2,2,2,2
Minnesota,Mayo Clinic School of Grad Med,Rochester,Emergency Medicine,1328110C0,10,10,9,9,9,9,9,9,9,9
Minnesota,Mayo Clinic School of Grad Med,Rochester,Family Medicine,1328120C0,9,9,9,9,9,9,9,9,9,9
Minnesota,Family Medicine/Eau Claire,,Family Medicine/LaCrosse,1328120C2,6,6,6,6,6,6,6,6,6,6
Minnesota,Family Medicine/Eau Claire,,Family Medicine/Mankato,1328120C3,5,5,5,5,5,5,5,5,,
Minnesota,Family Medicine/Eau Claire,,Internal Medicine,1328140C0,49,49,50,50,49,49,49,49,49,49
Minnesota,Family Medicine/Eau Claire,,Int Med/CI Research,1328140C1,3,3,3,3,3,3,3,3,3,3
Minnesota,Family Medicine/Eau Claire,,Medicine-Preliminary,1328140P0,2,2,3,3,2,1,1,1,2,2
Minnesota,Family Medicine/Eau Claire,Neurological Surgery,Neurology,1328180A0,,,,,,,,,3,3
Minnesota,Family Medicine/Eau Claire,Neurological Surgery,Neurology,1328180C0,11,11,11,11,11,11,11,11,6,6
Minnesota,Family Medicine/Eau Claire,Neurological Surgery,Child Neurology,1328185C0,2,2,2,1,2,2,2,2,2,2
Minnesota,Family Medicine/Eau Claire,Neurological Surgery,Child Neurology,1328185R0,,,,,1,0,,,,
Minnesota,Obstetrics-Gynecology,,Orthopaedic Surgery,1328260C0,13,13,12,12,12,12,12,12,12,12
Minnesota,Obstetrics-Gynecology,,Otolaryngology,1328280C0,6,6,5,5,5,5,5,5,5,5
Minnesota,Obstetrics-Gynecology,,Path-Anatomic and Clinical,1328300C0,5,5,6,6,5,5,5,5,6,6
Minnesota,Obstetrics-Gynecology,,Path-Anatomic/Neuropathology,1328300C2,1,1,1,1,1,1,1,1,1,1
Minnesota,Obstetrics-Gynecology,,Path-Physician Scientist,1328300C4,1,1,1,1,1,0,1,1,,
Minnesota,Obstetrics-Gynecology,Pediatrics,Phys Medicine & Rehab,1328340A0,6,6,6,6,6,6,6,6,6,6
Minnesota,Obstetrics-Gynecology,Pediatrics,Phys Medicine & Rehab,1328340C0,2,2,2,2,2,2,2,2,2,2
Minnesota,Obstetrics-Gynecology,Pediatrics,Plastic Surgery (Integrated),1328362C0,4,4,4,4,4,4,4,4,4,4
Minnesota,Obstetrics-Gynecology,Pediatrics,Public Health & Prev Med/2yr-MPH Avail,1328380R0,2,1,2,1,,,,,,
Minnesota,Obstetrics-Gynecology,Pediatrics,Psychiatry,1328400C0,11,11,11,11,11,11,11,11,11,11
Minnesota,Interventional Radiology (Integ),,Radiology-Diagnostic,1328420A0,13,13,13,13,13,13,13,13,12,12
Minnesota,Interventional Radiology (Integ),,Radiology-Diagnostic,1328420R0,,,,,,,2,2,1,1
Minnesota,Interventional Radiology (Integ),,Radiation Oncology,1328430A0,3,3,3,3,3,3,3,3,3,3
Minnesota,Interventional Radiology (Integ),,General Surgery,1328440C0,10,10,10,10,10,10,9,9,9,9
Minnesota,Interventional Radiology (Integ),,Gen Surg/Integrated Comm & Rural,1328440C2,1,1,1,1,1,1,1,1,1,1
Minnesota,Interventional Radiology (Integ),Surgery-Preliminary,Vascular Surgery,1328451C0,2,2,2,2,2,2,1,1,1,1
Minnesota,Anesthesiology,,Anesthesiology,1334040R0,,,,,,,1,1,,
Minnesota,Anesthesiology,,Dermatology,1334080A0,4,4,4,4,5,5,4,4,4,4
Minnesota,Anesthesiology,,Family Med/Methodist,1334120C0,6,6,6,6,6,6,6,6,6,6
Minnesota,Anesthesiology,,Family Med/N Memorial,1334120C1,8,8,8,6,8,8,8,8,8,8
Minnesota,Anesthesiology,,Family Med/Smileys,1334120C2,6,5,6,6,6,6,6,6,6,6
Minnesota,Anesthesiology,Family Med/St Johns,Family Med/Woodwinds,1334120C4,8,8,8,8,8,8,8,8,8,8
Minnesota,Anesthesiology,Family Med/St Johns,Family Med/Mankato,1334120C5,,,,,,,,,5,5
Minnesota,Anesthesiology,Family Med/St Johns,Family Med/St Cloud,1334120C6,6,6,6,6,6,6,6,5,6,6
Minnesota,Anesthesiology,Family Med/St Johns,Family Med/Duluth,1334120C7,8,8,8,8,8,8,8,7,8,8
Minnesota,Anesthesiology,Family Med/St Johns,Family Medicine/Willmar,1334120C8,2,2,2,2,,,,,,
Minnesota,Family Medicine/Grand Itasca Rural,,Internal Medicine,1334140C0,30,30,31,31,28,28,27,27,30,30
Minnesota,Family Medicine/Grand Itasca Rural,,Internal Medicine/PSTP,1334140C1,1,1,2,2,3,3,3,3,1,1
Minnesota,Family Medicine/Grand Itasca Rural,,Medicine-Primary,1334140M0,1,1,,,,,1,1,1,1
Minnesota,Family Medicine/Grand Itasca Rural,,Neurological Surgery,1334160C0,2,2,2,2,2,2,2,2,2,2
Minnesota,Family Medicine/Grand Itasca Rural,,Neurology,1334180C0,6,6,6,6,6,6,6,6,6,6
Minnesota,Family Medicine/Grand Itasca Rural,Child Neurology,Obstetrics-Gynecology,1334220C0,9,9,9,9,9,9,9,9,9,9
Minnesota,U Minnesota Med School (Continued),Minneapolis,Orthopaedic Surgery,1334260C0,8,8,8,8,8,8,8,8,8,8
Minnesota,U Minnesota Med School (Continued),Minneapolis,Otolaryngology,1334280C0,5,5,5,5,4,4,4,4,4,4
Minnesota,Pathology,,Pathology/AP-NP,1334300C3,,,,,1,1,,,1,1
Minnesota,Pathology,,Pediatrics,1334320C0,25,25,24,24,24,24,24,24,23,23
Minnesota,Pathology,,Pediatrics/MN Immigrant IMG,1334320C1,,,1,1,,,1,1,1,1
Minnesota,Pathology,,Pediatrics/PSTP,1334320C2,1,1,3,3,2,2,1,1,2,2
Minnesota,Pathology,,Phys Medicine & Rehab,1334340A0,1,1,1,1,1,1,1,1,1,1
Minnesota,Pathology,Phys Medicine & Rehab,Plastic Surgery (Integrated),1334362C0,2,2,2,2,2,2,2,2,2,2
Minnesota,Pathology,Phys Medicine & Rehab,Psychiatry,1334400C0,9,9,8,8,8,8,8,8,7,7
Minnesota,Pathology,Phys Medicine & Rehab,Psychiatry/PSTP,1334400C1,,,,,,,,,1,1
Minnesota,Pathology,Phys Medicine & Rehab,Interventional Radiology (Integ),1334416C0,2,2,2,2,2,2,2,2,2,2
Minnesota,Radiology-Diagnostic,,Radiology-Diagnostic,1334420C0,8,8,8,8,8,8,8,8,8,8
Minnesota,Radiology-Diagnostic,,Radiology-Diagnostic,1334420R0,,,1,1,1,1,2,2,1,1
Minnesota,Radiology-Diagnostic,,Radiation Oncology,1334430A0,,,1,1,1,1,2,0,1,0
Minnesota,Radiology-Diagnostic,,Radiation-Oncology,1334430C0,1,1,1,1,,,,,,
Minnesota,Radiology-Diagnostic,,General Surgery,1334440C0,8,8,8,8,8,8,7,7,7,7
Minnesota,Radiology-Diagnostic,General Surgery/Rural,Surgery-Preliminary,1334440P0,3,1,4,0,4,4,4,2,4,4
Minnesota,Radiology-Diagnostic,General Surgery/Rural,Surg-Prelim/Gen Surg & Neurosurg,1334440P1,1,1,1,1,1,1,1,1,1,1
Minnesota,Radiology-Diagnostic,General Surgery/Rural,Vascular Surgery,1334451C0,1,1,1,1,1,1,1,1,1,1
Minnesota,Radiology-Diagnostic,General Surgery/Rural,Medicine-Pediatrics,1334700C0,10,10,10,10,10,10,10,10,10,10
Minnesota,Radiology-Diagnostic,General Surgery/Rural,Dermatology/Internal Med,1334785C0,2,2,2,2,2,2,2,2,2,2
Mississippi,Baptist Mem Hosp DeSoto-MS,Southaven,Family Medicine,2299120C0,8,8,8,8,6,6,6,6,6,6
Mississippi,Baptist Mem Hosp DeSoto-MS,Southaven,Osteo Neuromusculo Med,2299275C0,2,1,2,1,,,,,,
Mississippi,Interventional Radiology (Integ),,Transitional,2299999P0,7,7,5,5,10,10,9,9,6,4
Mississippi,Interventional Radiology (Integ),,Transitional/Radiology,2299999P1,4,4,2,2,2,2,3,3,,
Mississippi,Interventional Radiology (Integ),,Transitional/Neurology,2299999P2,7,7,7,7,,,,,,
Mississippi,Columbus,,Internal Medicine,2266140C0,9,9,9,9,6,4,6,6,6,6
Mississippi,Oxford,,Internal Medicine,2288140C0,12,12,12,12,12,12,12,12,12,12
Mississippi,Meridian,,Family Medicine,2144120C0,6,6,6,6,5,2,6,2,6,6
Mississippi,Hattiesburg,,Family Medicine,1692120C0,8,4,8,8,8,7,6,6,6,3
Mississippi,Corinth,,Emergency Medicine,1923110C0,6,4,6,6,6,4,6,3,6,6
Mississippi,Corinth,,Internal Medicine,1923140C0,8,7,6,6,9,6,9,9,6,6
Mississippi,Gulfport,,Family Medicine,2294120C0,8,5,8,0,10,1,10,4,9,9
Mississippi,Gulfport,,Internal Medicine,2294140C0,10,10,8,8,9,9,6,6,,
Mississippi,Gulfport,,Medicine-Preliminary,2294140P0,2,2,,,,,,,,
Mississippi,Hattiesburg,,Emergency Medicine,2174110C0,,,,,,,,,6,5
Mississippi,Hattiesburg,,Internal Medicine,2174140C0,,,,,,,,,8,8
Mississippi,Hattiesburg,,Transitional,2174999P0,,,,,,,,,11,1
Mississippi,Jackson,,Internal Medicine,2421140C0,12,12,12,12,,,,,,
Mississippi,Greenville,,Family Medicine,2253120C0,8,8,8,8,10,3,6,2,6,4
Mississippi,Whitfield,,Psychiatry,2296400C0,7,7,6,6,6,6,6,6,6,6
Mississippi,Tupelo,,Family Medicine,1218120C0,8,3,8,8,8,7,8,6,8,8
Mississippi,Tupelo,,Internal Medicine,1218140C0,24,24,24,24,24,24,12,12,12,12
Mississippi,Mccomb,,Family Medicine,2383120C0,6,4,6,1,6,0,,,,
Mississippi,University Hosps-Jackson-MS,Jackson,Anesthesiology,1957040C0,10,10,10,10,10,10,8,8,8,8
Mississippi,University Hosps-Jackson-MS,Jackson,Anesthesiology,1957040R0,,,,,2,2,2,2,2,2
Mississippi,Dermatology,,Dermatology,1957080R0,1,1,,,,,,,,
Mississippi,Dermatology,,Emergency Medicine,1957110C0,16,16,16,16,16,16,16,16,16,16
Mississippi,Dermatology,,Family Medicine,1957120C0,10,10,10,8,10,10,10,6,10,10
Mississippi,Jackson,,Internal Medicine,1957140C0,25,25,25,25,25,25,25,25,25,25
Mississippi,Jackson,,Medicine-Primary,1957140M0,1,1,1,1,1,1,1,1,1,1
Mississippi,Jackson,Medicine-Preliminary,Med-Prelim/Ophthalmology,1957140P2,4,4,4,4,4,4,4,4,4,4
Mississippi,Jackson,Medicine-Preliminary,Med-Prelim/Dermatology,1957140P4,,,,,,,,,4,1
Mississippi,Jackson,Medicine-Preliminary,Med-Prelim/Radiation Onc,1957140P5,2,1,1,1,1,0,1,0,1,1
Mississippi,Jackson,Medicine-Preliminary,Med-Prelim/Prevent Med,1957140P6,2,1,2,0,2,2,2,1,2,1
Mississippi,Jackson,Medicine-Preliminary,Neurological Surgery,1957160C0,2,2,2,2,1,1,2,2,2,2
Mississippi,Neurology,,Child Neurology,1957185C0,2,1,2,2,2,2,1,0,1,1
Mississippi,Neurology,,Child Neurology,1957185R0,,,,,,,1,0,1,1
Mississippi,Neurology,,Obstetrics-Gynecology,1957220C0,6,6,6,6,6,6,6,6,6,6
Mississippi,Neurology,,Obstetrics-Gynecology/Rural,1957220C1,1,1,,,,,,,,
Mississippi,Neurology,Ob-Gyn/Preliminary,Orthopaedic Surgery,1957260C0,5,5,5,5,5,5,4,4,4,4
Mississippi,Neurology,Ob-Gyn/Preliminary,Otolaryngology,1957280C0,3,3,3,3,3,3,3,3,3,3
Mississippi,Neurology,Ob-Gyn/Preliminary,Pathology,1957300C0,4,4,4,4,4,4,4,4,4,4
Mississippi,Neurology,Ob-Gyn/Preliminary,Pediatrics,1957320C0,16,7,14,14,16,16,16,16,16,16
Mississippi,Neurology,Ob-Gyn/Preliminary,Plastic Surgery (Integrated),1957362C0,3,3,2,2,2,2,2,2,2,2
Mississippi,Public Health & Preventive Med/2yr-MPH,Available,Public Health & Preventive Med/2yr-MPH,1957380R0,3,3,2,2,,,,,,
Mississippi,Available,,Psychiatry,1957400C0,7,7,8,8,5,5,7,7,7,7
Mississippi,Available,,Psychiatry/Child/Adult Psych,1957400C1,1,1,1,1,1,1,1,1,2,2
Mississippi,Available,,Interventional Radiology (Integ),1957416C0,1,1,1,1,1,0,1,1,1,1
Mississippi,Available,Radiology-Diagnostic,Radiology-Diagnostic,1957420C0,7,7,7,7,7,7,7,7,8,8
Mississippi,Available,Radiology-Diagnostic,Radiation Oncology,1957430A0,2,1,1,1,1,1,1,1,1,1
Mississippi,Available,Radiology-Diagnostic,General Surgery,1957440C0,7,7,6,6,6,6,6,6,5,5
Mississippi,Available,Radiology-Diagnostic,Surgery-Preliminary,1957440P0,2,1,5,2,5,1,5,2,5,3
Mississippi,Available,Radiology-Diagnostic,Medicine-Pediatrics,1957700C0,6,6,6,6,5,5,5,5,5,5
Missouri,Affinia Healthcare-MO,Ferguson,Family Medicine/Community Focused,2466120C0,4,4,,,,,,,,
Missouri,Barnes-Jewish Hosp-MO,St Louis,Anesthesiology/3 yr,1353040A0,1,1,1,1,1,1,,,1,1
Missouri,Barnes-Jewish Hosp-MO,St Louis,Anesthesiology/4 yr,1353040C0,20,20,21,21,20,20,22,22,17,17
Missouri,Barnes-Jewish Hosp-MO,St Louis,Anesthesiology/ASAP 5 yr,1353040C1,2,2,1,1,1,1,,,2,2
Missouri,Anesthesiology,,Dermatology,1353080A0,5,,6,6,6,6,5,5,7,
Missouri,Anesthesiology,,Dermatology/Physician Scientist,1353080A1,,,1,1,,,1,1,,
Missouri,Anesthesiology,,Dermatology/Pediatric,1353080A2,1,1,,,,,,,,
Missouri,Anesthesiology,,Emergency Medicine,1353110C0,14,14,13,13,14,14,14,14,14,14
Missouri,Anesthesiology,,Internal Medicine,1353140C0,42,42,40,40,46,46,41,41,41,41
Missouri,Anesthesiology,Internal Medicine/PSTP,Internal Medicine/MBMC,1353140C2,,,15,15,,,,,,
Missouri,Anesthesiology,Internal Medicine/PSTP,Medicine-Primary,1353140M0,4,4,5,5,4,4,5,4,5,5
Missouri,Anesthesiology,Internal Medicine/PSTP,Medicine-Preliminary,1353140P0,5,0,5,5,5,5,5,5,5,5
Missouri,Anesthesiology,Internal Medicine/PSTP,Med-Prelim/Ophthalmology,1353140P2,5,5,5,5,5,5,5,5,5,5
Missouri,Barnes-Jewish Hosp-MO (Continued),St Louis,Neurological Surgery,1353160C0,4,4,3,3,3,3,3,3,4,4
Missouri,Barnes-Jewish Hosp-MO (Continued),St Louis,Neurology,1353180C0,13,13,13,13,11,11,11,11,11,11
Missouri,Neurology,,Obstetrics-Gynecology,1353220C0,9,9,9,9,9,9,9,9,9,9
Missouri,Neurology,,Orthopaedic Surgery,1353260C0,9,9,8,8,8,8,8,8,8,8
Missouri,Neurology,,Otolaryngology,1353280C0,3,3,3,3,3,3,3,3,3,3
Missouri,Neurology,,Otolaryngology/Research,1353280C1,2,2,2,2,2,2,2,2,2,2
Missouri,Neurology,,Pathology/CP,1353300C0,2,2,3,3,3,1,3,2,3,3
Missouri,Neurology,Pathology AP/CP & AP only,Pathology/AP & NP,1353300C2,1,1,1,1,1,1,,,,
Missouri,Neurology,Pathology AP/CP & AP only,Phys Medicine & Rehab,1353340A0,3,3,3,3,3,3,3,3,3,3
Missouri,Neurology,Pathology AP/CP & AP only,Phys Medicine & Rehab,1353340C0,2,2,2,2,2,2,2,2,2,2
Missouri,Neurology,Pathology AP/CP & AP only,Plastic Surgery (Integrated),1353362C0,4,4,4,4,4,4,4,4,4,4
Missouri,Psychiatry,,Interventional Radiology (Integ),1353416A0,3,3,3,3,2,2,2,2,2,2
Missouri,Psychiatry,,Radiology-Diagnostic,1353420A0,15,15,17,17,16,16,18,18,16,16
Missouri,Psychiatry,,Rad-Diag/Research,1353420A1,1,1,1,1,1,1,,,1,1
Missouri,Psychiatry,,Radiation Oncology,1353430A0,4,4,4,4,4,4,4,4,3,3
Missouri,Psychiatry,,General Surgery,1353440C0,9,9,9,9,9,9,9,9,9,9
Missouri,Psychiatry,Surgery-Preliminary,Surg-Prelim/Int Radiology,1353440P3,,,1,1,1,1,1,1,,
Missouri,Psychiatry,Surgery-Preliminary,Vascular Surgery,1353451C0,1,1,1,1,1,1,1,1,1,1
Missouri,Psychiatry,Surgery-Preliminary,Transitional/MBMC,1353999P0,,,13,13,,,,,,
Missouri,Childrens Mercy Hospital-MO,Kansas City,Child Neurology,1494185C0,3,3,4,3,3,1,3,3,3,1
Missouri,Childrens Mercy Hospital-MO,Kansas City,Pediatrics,1494320C0,27,27,27,27,27,27,27,27,27,27
Missouri,Childrens Mercy Hospital-MO,Kansas City,Pediatrics-Preliminary,1494320P0,1,1,1,1,1,1,1,1,1,1
Missouri,CoxHealth-MO,Springfield,Family Medicine/Springfield,3167120C0,10,10,11,11,8,8,8,8,8,8
Missouri,CoxHealth-MO,Springfield,Family Med/Jordan Valley,3167120C1,,,,,2,2,2,2,2,2
Missouri,CoxHealth-MO,Springfield,Family Medicine/Branson,3167120C2,4,4,,,,,,,,
Missouri,KCU-GME Consortium-MO,Kansas City,Dermatology/Phoenix,1987080A0,,,,,2,2,,,,
Missouri,KCU-GME Consortium-MO,Kansas City,Dermatology/ADCS-Orlando,1987080A2,3,3,3,3,3,3,3,3,3,3
Missouri,KCU-GME Consortium-MO,Kansas City,Dermatology/Phoenix,1987080R0,,,,,2,2,,,,
Missouri,KCU-GME Consortium-MO,Kansas City,Emergency Medicine/Freeman,1987110C0,6,6,6,6,6,5,6,1,6,4
Missouri,KCU-GME Consortium-MO,Kansas City,Family Medicine/Reid,1987120C0,6,3,6,4,7,5,6,3,5,5
Missouri,Family Med/St Lukes Des Peres,,Family Medicine/Freeman,1987120C2,5,0,5,2,5,5,5,2,5,3
Missouri,Family Med/St Lukes Des Peres,,Internal Medicine/Freeman,1987140C0,5,4,5,3,5,5,5,5,5,3
Missouri,Family Med/St Lukes Des Peres,,Orthopaedic Surgery/HCA,1987260C0,4,4,4,4,4,4,4,4,4,4
Missouri,Family Med/St Lukes Des Peres,,Otolaryngology/Freeman,1987280C0,1,1,1,1,2,2,1,1,1,1
Missouri,Family Med/St Lukes Des Peres,Psychiatry/Ozark,General Surgery/St Anthony,1987440C0,2,2,2,2,2,2,2,2,2,2
Missouri,Family Med/St Lukes Des Peres,Psychiatry/Ozark,General Surgery/St Marys,1987440C1,,,2,2,2,2,,,2,2
Missouri,Mercy Hospital St Louis-MO,St Louis,Family Medicine,1362120C0,8,8,8,4,8,8,6,6,6,6
Missouri,Mercy Hospital St Louis-MO,St Louis,Internal Medicine,1362140C0,8,8,9,9,9,9,8,8,8,8
Missouri,Obstetrics-Gynecology,,Transitional,1362999P0,7,7,7,7,7,7,7,7,7,7
Missouri,St Louis,,Internal Medicine,2496140C0,15,15,,,,,,,,
Missouri,SSM Health/St Louis Univ SOM-MO,St Louis,Anesthesiology,1365040C0,10,10,10,10,10,10,10,10,10,10
Missouri,SSM Health/St Louis Univ SOM-MO,St Louis,Dermatology,1365080A0,4,4,4,4,4,4,4,4,4,4
Missouri,Dermatology/KAT,,Dermatology,1365080R0,,,,,,,1,1,,
Missouri,Dermatology/KAT,,Emergency Medicine,1365110C0,6,6,6,6,6,6,8,5,6,6
Missouri,Dermatology/KAT,,Family Med/Belleville,1365120C0,8,8,6,6,6,6,6,6,6,6
Missouri,Dermatology/KAT,,Family Medicine,1365120C1,6,5,6,6,6,6,6,6,6,6
Missouri,Dermatology/KAT,,Internal Medicine,1365140C0,25,25,29,29,27,27,25,25,26,26
Missouri,Dermatology/KAT,Medicine-Preliminary,Neurological Surgery,1365160C0,1,1,1,1,1,1,,,2,2
Missouri,Dermatology/KAT,Medicine-Preliminary,Neurology,1365180C0,6,6,6,6,6,6,6,6,5,5
Missouri,Dermatology/KAT,Medicine-Preliminary,Child Neurology,1365185C0,2,2,2,2,2,2,2,2,2,1
Missouri,Dermatology/KAT,Medicine-Preliminary,Obstetrics-Gynecology,1365220C0,6,6,6,6,6,6,6,6,6,6
Missouri,Orthopaedic Surgery,,Otolaryngology,1365280C0,3,3,2,2,2,2,2,2,2,2
Missouri,Orthopaedic Surgery,,Pathology,1365300C0,,,,,,,3,3,3,3
Missouri,Orthopaedic Surgery,,Pediatrics,1365320C0,21,21,20,20,20,17,20,16,20,20
Missouri,Orthopaedic Surgery,,Plastic Surgery (Integrated),1365362C0,2,2,2,2,2,2,2,2,2,2
Missouri,Orthopaedic Surgery,,Psychiatry,1365400C0,10,10,10,10,10,10,8,8,8,8
Missouri,Orthopaedic Surgery,Interventional Radiology (Integ),Interventional Radiology (Integ),1365416R0,,,,,1,1,,,1,1
Missouri,Orthopaedic Surgery,Interventional Radiology (Integ),Radiology-Diagnostic,1365420A0,7,7,6,6,6,6,6,6,6,6
Missouri,Orthopaedic Surgery,Interventional Radiology (Integ),Radiology-Diagnostic,1365420R1,1,1,,,,,,,,
Missouri,Orthopaedic Surgery,Interventional Radiology (Integ),General Surgery,1365440C0,5,5,5,5,5,5,5,5,5,5
Missouri,Orthopaedic Surgery,Interventional Radiology (Integ),Surgery-Preliminary,1365440P0,8,0,8,5,5,0,3,1,6,0
Missouri,St Louis,,Internal Medicine,1999140C0,10,10,9,9,9,9,10,10,10,10
Missouri,Springfield,,Family Medicine/Jordan Valley,2449120C0,3,0,2,2,,,,,,
Missouri,St Louis,Child Neurology,Child Neurology,1869185R0,,,1,1,,,2,2,1,1
Missouri,St Louis,Child Neurology,Pediatrics,1869320C0,27,27,31,31,31,19,31,31,31,31
Missouri,St Louis Childrens Hosp-MO (Continued),St Louis,Pediatrics-Preliminary,1869320P0,1,1,1,1,1,1,1,1,1,1
Missouri,St Louis Childrens Hosp-MO (Continued),St Louis,Pediatrics-Medical Genetics,1869765C0,2,2,2,2,2,2,2,2,2,2
Missouri,St Louis Univ SOM-MO,St Louis,Radiology-Diagnostic,1365420R0,,,,,,,,,1,1
Missouri,St Lukes Hospital-St Louis-MO,Chesterfield,Internal Medicine,1364140C0,13,13,13,13,13,13,13,13,13,13
Missouri,St Lukes Hospital-St Louis-MO,Chesterfield,Medicine-Preliminary,1364140P0,3,3,3,3,3,3,3,3,3,3
Missouri,Dermatology/Osteopathic,,Family Medicine,2152120C0,4,2,4,2,4,0,4,3,4,4
Missouri,Dermatology/Osteopathic,,Internal Medicine,2152140C0,4,4,4,1,4,0,,,,
Missouri,Dermatology/Osteopathic,,Osteo Neuromusculo Med,2152275C0,3,1,3,0,3,0,3,0,3,2
Missouri,Kansas City,,Anesthesiology/St Lukes,1343040C0,8,8,8,8,8,8,7,7,6,6
Missouri,Kansas City,,Dermatology,1343080A0,2,2,,,,,,,,
Missouri,Kansas City,,Emergency Medicine,1343110C0,11,11,11,11,11,11,12,12,11,11
Missouri,Kansas City,,Family Medicine,1343120C0,14,10,14,14,12,12,12,10,12,11
Missouri,Kansas City,,Family Med/Rural/,1343120C2,2,2,2,1,,,,,,
Missouri,Kansas City,Internal Medicine,Medicine-Preliminary,1343140P0,4,4,4,4,3,3,6,6,7,7
Missouri,Kansas City,Internal Medicine,Neurological Surgery,1343160C0,1,1,,,,,,,,
Missouri,Kansas City,Internal Medicine,Neurology,1343180C0,3,3,3,3,3,3,3,3,3,3
Missouri,Kansas City,Internal Medicine,Obstetrics-Gynecology,1343220C0,8,8,8,8,8,8,8,8,8,8
Missouri,Orthopaedic Surgery,,Pathology,1343300C0,2,2,2,2,2,2,2,2,2,2
Missouri,Orthopaedic Surgery,,Radiology-Diagnostic,1343420A0,7,7,6,6,6,6,6,6,6,6
Missouri,Orthopaedic Surgery,,Radiology-Diagnostic,1343420R0,1,1,,,,,,,,
Missouri,Orthopaedic Surgery,,General Surgery,1343440C0,5,5,4,4,5,5,5,5,5,5
Missouri,Orthopaedic Surgery,,Surgery-Preliminary,1343440P0,4,4,4,2,4,4,4,4,4,4
Missouri,Univ of Missouri-KC/CBM,Kansas City,Psychiatry,2075400C0,10,10,8,8,6,6,6,6,6,6
Missouri,University Hosps-Columbia-MO,Columbia,Anesthesiology,1994040C0,4,4,4,4,4,4,4,4,4,4
Missouri,University Hosps-Columbia-MO,Columbia,Anesthesiology,1994040R0,1,1,2,1,1,1,3,3,1,1
Missouri,University Hosps-Columbia-MO,Columbia,Dermatology,1994080A0,4,4,3,3,4,4,3,3,3,3
Missouri,University Hosps-Columbia-MO,Columbia,Emergency Medicine,1994110C0,10,10,10,10,10,10,11,8,10,10
Missouri,Family Medicine,,Family Medicine/CRMC,1994120C1,3,3,3,3,4,3,3,3,3,3
Missouri,Columbia,,Family Med/Bothwell Rural,1994120C2,2,0,2,2,2,1,2,1,2,1
Missouri,Columbia,,Internal Medicine,1994140C0,21,21,21,21,21,21,21,16,21,21
Missouri,Columbia,Medicine-Preliminary,Neurological Surgery,1994160C0,1,1,1,1,1,1,1,1,1,1
Missouri,Columbia,Medicine-Preliminary,Neurology,1994180C0,6,6,6,6,6,6,6,6,6,6
Missouri,Columbia,Medicine-Preliminary,Obstetrics-Gynecology,1994220C0,5,5,5,5,4,4,4,4,4,4
Missouri,Columbia,Medicine-Preliminary,Orthopaedic Surgery/5 Yr,1994260C0,5,5,5,5,5,5,5,5,5,5
Missouri,Columbia,Medicine-Preliminary,Otolaryngology,1994280C0,3,3,2,2,3,3,2,2,3,3
Missouri,Pathology,,Pediatrics,1994320C0,9,9,9,7,8,8,7,7,7,7
Missouri,Pathology,,Peds/Health Informatics,1994320C1,,,,,,,1,0,1,1
Missouri,Pathology,,Phys Medicine & Rehab,1994340A0,4,4,4,4,4,4,4,4,4,4
Missouri,Pathology,,Plastic Surgery (Integrated),1994362C0,1,1,2,2,2,2,2,2,1,1
Missouri,Pathology,Psychiatry,Interventional Radiology (Integ),1994416A0,1,1,1,0,1,1,1,0,,
Missouri,Pathology,Psychiatry,Radiology-Diagnostic,1994420A0,6,5,6,6,5,5,5,5,5,5
Missouri,Pathology,Psychiatry,Radiology-Diagnostic,1994420R0,,,2,2,,,,,,
Missouri,Pathology,Psychiatry,General Surgery,1994440C0,5,5,5,5,4,4,4,4,4,4
Missouri,Pathology,Psychiatry,Surgery-Preliminary,1994440P0,7,2,7,6,7,2,7,3,7,0
Montana,Benefis Hospital-MT,Great Falls,Internal Medicine,2430140C0,10,3,10,10,,,,,,
Montana,Billings,,Internal Medicine,1633140C0,8,8,8,8,8,8,8,8,8,8
Montana,Billings,,Medicine-Preliminary,1633140P0,4,2,4,4,4,4,4,4,4,2
Montana,Montana Family Medicine,Billings,Family Medicine,1216120C0,9,2,9,2,9,9,10,8,10,4
Montana,Montana Family Medicine,Billings,Family Medicine/RTT Miles City,1216120C3,2,2,,,,,,,,
Montana,University of Montana,Missoula,Family Medicine/Missoula,1524120C0,7,7,7,7,7,7,7,7,7,2
Montana,University of Montana,Missoula,Family Medicine/Kalispell,1524120C1,3,3,3,1,3,3,3,3,3,1
Nebraska,Clarkson Family Med Res-NE,Omaha,Family Medicine,3197120C0,6,6,6,6,5,5,6,1,6,4
Nebraska,Creighton University-NE,Omaha,Anesthesiology,1372040C0,4,4,,,,,,,,
Nebraska,Creighton University-NE,Omaha,Family Medicine,1372120C0,8,8,8,8,8,8,8,8,8,8
Nebraska,Family Medicine/Rural,,Internal Medicine,1372140C0,23,23,23,23,21,21,22,22,23,23
Nebraska,Family Medicine/Rural,,Internal Medicine/Rural,1372140C1,4,4,4,4,4,4,4,4,,
Nebraska,Family Medicine/Rural,,Medicine-Primary,1372140M0,,,,,1,1,2,2,2,2
Nebraska,Family Medicine/Rural,,Neurology,1372180C0,2,2,2,2,2,2,2,2,2,2
Nebraska,Family Medicine/Rural,,Obstetrics-Gynecology,1372220C0,5,5,5,5,4,4,4,4,4,4
Nebraska,Family Medicine/Rural,Pathology,Psychiatry,1372400C0,6,6,6,6,6,6,6,6,6,6
Nebraska,Family Medicine/Rural,Pathology,Psychiatry/Rural,1372400C1,2,1,2,2,2,2,2,2,,
Nebraska,Family Medicine/Rural,Pathology,Radiology-Diagnostic,1372420A0,3,3,3,3,3,3,3,3,3,3
Nebraska,Family Medicine/Rural,Pathology,General Surgery,1372440C0,5,5,5,5,5,5,4,4,4,4
Nebraska,Lincoln,,Family Medicine,3021120C0,8,8,8,8,8,8,8,8,8,8
Nebraska,Omaha,,Anesthesiology,1376040A0,2,2,2,2,2,2,2,2,2,2
Nebraska,Omaha,,Anesthesiology,1376040C0,12,12,12,12,10,10,10,10,8,8
Nebraska,Omaha,,Anesthesiology,1376040R0,1,1,2,2,,,2,2,1,1
Nebraska,Omaha,,Dermatology,1376080A0,4,4,4,4,4,4,3,3,3,3
Nebraska,Omaha,Dermatology,Emergency Medicine,1376110C0,12,12,12,12,12,12,12,12,12,12
Nebraska,Omaha,Dermatology,Fam Med/Grand Island,1376120C1,,,2,2,2,2,2,1,2,2
Nebraska,Omaha,Dermatology,Fam Med/North Platte,1376120C3,1,1,1,1,1,1,1,0,1,1
Nebraska,Omaha,Dermatology,Fam Med/Scottsbluff,1376120C4,2,1,2,1,2,2,2,1,2,2
Nebraska,Omaha,Dermatology,Fam Med/Traditional,1376120C5,7,7,6,6,6,6,8,6,7,7
Nebraska,Family Med/Kearney,,Family Med/Urban,1376120C7,2,2,2,2,2,2,,,1,1
Nebraska,Family Med/Kearney,,Internal Medicine,1376140C0,24,24,23,23,24,24,24,24,23,23
Nebraska,Family Med/Kearney,,Internal Medicine/Geriatrics,1376140C1,2,2,1,1,1,1,1,1,1,1
Nebraska,Family Med/Kearney,,Medicine-Primary,1376140M0,,,1,1,1,1,1,1,1,1
Nebraska,Family Med/Kearney,,Medicine-Preliminary,1376140P0,6,6,6,6,6,6,6,6,6,6
Nebraska,Family Med/Kearney,Neurological Surgery,Neurology,1376180C0,7,7,7,7,7,7,7,7,6,6
Nebraska,Family Med/Kearney,Neurological Surgery,Obstetrics-Gynecology,1376220C0,5,5,5,5,5,5,4,4,4,4
Nebraska,Family Med/Kearney,Neurological Surgery,Orthopaedic Surgery,1376260C0,6,6,6,6,6,6,5,5,5,5
Nebraska,Family Med/Kearney,Neurological Surgery,Otolaryngology,1376280C0,3,3,3,3,3,3,3,3,3,3
Nebraska,Pathology,,Pediatrics,1376320C0,15,15,15,15,15,15,15,15,15,15
Nebraska,Pathology,,Phys Medicine & Rehab,1376340C0,4,4,4,4,4,4,4,4,4,4
Nebraska,Pathology,,Plastic Surgery (Integrated),1376362C0,1,1,1,1,1,1,,,,
Nebraska,Pathology,,Psychiatry,1376400C0,5,5,6,6,5,5,5,5,5,5
Nebraska,Pathology,,Interventional Radiology (Integ),1376416A0,1,1,1,1,1,1,1,1,1,1
Nebraska,Pathology,Radiology-Diagnostic,Radiology-Diagnostic,1376420R0,,,1,1,,,,,,
Nebraska,Pathology,Radiology-Diagnostic,Radiation Oncology,1376430A0,1,1,1,1,1,1,1,1,1,1
Nebraska,Pathology,Radiology-Diagnostic,General Surgery,1376440C0,6,6,6,6,6,6,6,6,6,6
Nebraska,Pathology,Radiology-Diagnostic,Medicine-Pediatrics,1376700C0,4,4,4,4,4,4,4,4,4,4
Nevada,Dignity St Rose Dominican Hosps-NV,Henderson,Internal Medicine,2337140C0,8,8,8,4,8,8,8,8,,
Nevada,Las Vegas,,Emergency Medicine,2028110C0,6,6,6,6,6,6,6,4,6,6
Nevada,Las Vegas,,Family Medicine,2028120C0,5,2,5,5,5,5,5,4,5,3
Nevada,Las Vegas,Family Medicine/Rural,Internal Medicine,2028140C0,23,23,23,23,23,23,23,23,22,20
Nevada,Las Vegas,Family Medicine/Rural,IMedicine-Primary,2028140M0,1,1,1,1,1,1,,,,
Nevada,Las Vegas,Family Medicine/Rural,Medicine-Preliminary,2028140P0,3,2,3,3,4,4,4,4,4,4
Nevada,Las Vegas,Family Medicine/Rural,Obstetrics-Gynecology,2028220C0,4,4,4,4,4,4,4,4,4,4
Nevada,Las Vegas,Family Medicine/Rural,Orthopaedic Surgery,2028260C0,4,4,4,4,4,4,4,4,4,4
Nevada,Otolaryngology,,Pediatrics,2028320C0,10,9,10,10,10,8,10,4,10,6
Nevada,Otolaryngology,,Plastic Surgery (Integrated),2028362C0,1,1,1,1,1,1,1,1,1,1
Nevada,Otolaryngology,,Psychiatry,2028400C0,10,10,10,10,10,10,10,10,10,10
Nevada,Otolaryngology,,General Surgery,2028440C0,3,3,3,3,3,3,3,3,3,3
Nevada,Sunrise Health GME Consortium-NV,Las Vegas,Anesthesiology,1884040C0,8,8,8,8,8,8,8,8,8,8
Nevada,Sunrise Health GME Consortium-NV,Las Vegas,Anesthesiology,1884040R0,1,1,,,,,,,,
Nevada,Emergency Medicine,,Family Medicine,1884120C0,8,5,8,3,8,8,8,7,8,4
Nevada,Emergency Medicine,,Internal Medicine,1884140C0,22,15,21,21,21,21,22,16,22,16
Nevada,Emergency Medicine,,Neurology,1884180C0,3,3,3,3,3,3,3,3,3,3
Nevada,Emergency Medicine,,Obstetrics-Gynecology,1884220C0,4,4,4,4,4,4,4,4,4,4
Nevada,Emergency Medicine,,Phys Medicine & Rehab,1884340A0,6,6,6,6,6,6,6,6,6,6
Nevada,Emergency Medicine,Phys Medicine & Rehab,Psychiatry,1884400C0,4,4,4,4,4,4,4,4,4,4
Nevada,Emergency Medicine,Phys Medicine & Rehab,Radiology-Diagnostic,1884420A0,5,3,5,5,5,5,5,5,5,5
Nevada,Emergency Medicine,Phys Medicine & Rehab,General Surgery,1884440C0,4,4,4,4,4,4,4,4,4,4
Nevada,Emergency Medicine,Phys Medicine & Rehab,Surgery-Preliminary,1884440P0,4,2,,,4,1,8,4,8,0
Nevada,Emergency Medicine,Phys Medicine & Rehab,Transitional/Mountain View,1884999P0,10,10,13,7,13,7,13,13,13,13
Nevada,Reno,,Family Medicine,2017120C0,8,8,8,8,8,8,8,8,7,7
Nevada,Reno,,Family Med/Rural,2017120C1,,,,,,,,,2,0
Nevada,Reno,Internal Medicine,Medicine-Preliminary,2017140P0,2,2,3,1,5,2,5,0,5,0
Nevada,Reno,Internal Medicine,Pediatrics,2017320C0,4,4,4,4,4,1,4,2,,
Nevada,Reno,Internal Medicine,Psychiatry,2017400C0,8,8,8,8,8,8,6,6,6,6
Nevada,University Med Ctr of Southern,Las Vegas,Radiology-Diagnostic,2489420A0,4,3,,,,,,,,
Nevada,University Med Ctr of Southern,Las Vegas,Radiology-Diagnostic,2489420R0,4,4,,,,,,,,
Nevada,Valley Health System-NV,Las Vegas,Emergency Medicine,2201110C0,8,8,,,8,8,8,2,8,7
Nevada,Valley Health System-NV,Las Vegas,Family Medicine,2201120C0,10,10,10,6,10,10,10,10,10,10
Nevada,Internal Medicine,,Psychiatry,2201400C0,8,8,8,8,8,8,,,,
Nevada,Internal Medicine,,General Surgery,2201440C0,4,4,4,4,4,4,4,4,4,4
Nevada,Internal Medicine,,Surgery-Preliminary,2201440P0,8,4,8,5,8,1,8,0,8,4
Nevada,Internal Medicine,,Transitional,2201999P0,13,13,13,13,13,7,,,,
Nevada,Las Vegas,,Family Medicine,2223120C0,6,6,5,3,5,3,5,2,5,2
Nevada,Las Vegas,,Internal Medicine,2223140C0,15,12,15,3,16,10,15,10,15,15
Nevada,Las Vegas,,Neurology,2223180C0,2,2,2,2,2,2,2,2,2,2
Nevada,Las Vegas,,Orthopaedic Surgery,2223260C0,2,2,2,2,2,2,2,2,2,2
New Hampshire,Cheshire Med Ctr/Dartmouth Health-NH,Keene,Family Medicine,2379120C0,6,6,6,5,6,5,,,,
New Hampshire,Concord Hospital-NH,Concord,Family Medicine/Osteopathic,1091120C0,8,6,8,8,8,8,8,8,8,8
New Hampshire,Anesthesiology,,Anesthesiology,1377040R0,,,1,1,1,1,1,1,2,1
New Hampshire,Anesthesiology,,Dermatology,1377080A0,4,4,3,3,3,3,3,3,3,3
New Hampshire,Anesthesiology,,Dermatology,1377080R0,2,2,,,,,,,,
New Hampshire,Anesthesiology,,Emergency Medicine,1377110C0,6,6,7,7,6,6,6,6,6,6
New Hampshire,Anesthesiology,Internal Medicine,Medicine-Primary,1377140M0,4,4,4,4,4,4,4,4,3,3
New Hampshire,Anesthesiology,Internal Medicine,Medicine-Preliminary,1377140P0,4,4,4,4,4,4,4,3,4,4
New Hampshire,Anesthesiology,Internal Medicine,Neurological Surgery,1377160C0,1,1,1,1,1,1,1,1,1,1
New Hampshire,Anesthesiology,Internal Medicine,Neurology,1377180C0,5,5,5,5,5,5,5,5,5,5
New Hampshire,Anesthesiology,Internal Medicine,Obstetrics-Gynecology,1377220C0,4,4,4,4,4,4,4,4,4,4
New Hampshire,Orthopaedic Surgery,,Otolaryngology,1377280C0,2,2,1,1,1,1,1,1,1,1
New Hampshire,Orthopaedic Surgery,,Pathology,1377300C0,4,4,4,4,3,3,3,3,4,4
New Hampshire,Orthopaedic Surgery,,Pediatrics,1377320C0,7,7,7,4,7,3,7,7,7,7
New Hampshire,Orthopaedic Surgery,,Plastic Surgery (Integrated),1377362C0,1,1,1,1,1,1,1,1,1,1
New Hampshire,Orthopaedic Surgery,,Psychiatry,1377400C0,9,9,8,8,8,8,8,8,9,9
New Hampshire,Orthopaedic Surgery,Psychiatry/Research Track,Psychiatry/Child Track,1377400C2,1,1,1,1,1,1,1,1,,
New Hampshire,Orthopaedic Surgery,Psychiatry/Research Track,Interventional Radiology (Integ),1377416A0,2,2,2,2,2,2,2,2,2,2
New Hampshire,Orthopaedic Surgery,Psychiatry/Research Track,Radiology-Diagnostic,1377420A0,6,6,6,6,3,3,3,3,3,3
New Hampshire,Orthopaedic Surgery,Psychiatry/Research Track,Radiology-Diagnostic,1377420R0,,,,,1,1,,,,
New Hampshire,Radiation Oncology,,General Surgery,1377440C0,5,,5,5,4,4,4,4,4,
New Hampshire,Radiation Oncology,,Surgery-Preliminary,1377440P0,6,6,6,5,6,6,5,5,6,3
New Hampshire,Radiation Oncology,,Vascular Surgery,1377451C0,1,1,1,1,1,1,1,1,1,1
New Hampshire,Portsmouth,,Family Medicine,2248120C0,8,0,8,8,8,6,8,4,8,2
New Hampshire,Portsmouth,,Internal Medicine,2248140C0,10,10,10,10,10,10,10,10,10,6
New Jersey,AHS Morristown Med Ctr-NJ,Morristown,Emergency Medicine,1394110C0,10,10,10,10,10,10,10,10,10,10
New Jersey,Family Medicine,,Internal Medicine,1394140C0,17,17,16,16,17,17,17,17,16,16
New Jersey,Family Medicine,,Medicine-Preliminary,1394140P0,9,9,9,9,9,9,9,9,9,9
New Jersey,Family Medicine,,Obstetrics-Gynecology,1394220C0,6,6,5,5,5,5,5,5,5,5
New Jersey,Family Medicine,,Radiology-Diagnostic,1394420A0,7,7,5,5,5,5,5,5,5,5
New Jersey,Family Medicine,,General Surgery,1394440C0,7,7,7,7,7,7,7,7,7,7
New Jersey,AHS Overlook Hospital-NJ,Summit,Family Medicine,1408120C0,7,7,7,7,7,7,7,7,7,7
New Jersey,Internal Medicine,,Medicine-Preliminary,1408140P0,4,,4,3,4,4,2,2,2,
New Jersey,Atlantic City,,Family Medicine,1378120C0,4,4,4,2,4,3,4,2,4,4
New Jersey,Atlantic City,Internal Medicine,Psychiatry,1378400C0,5,5,4,4,5,5,5,5,4,4
New Jersey,Atlantic Health System-NJ,Morristown,Orthopaedic Surgery/Morristown,3033260C0,4,4,4,4,4,4,,,,
New Jersey,Camden,,Anesthesiology,1380040C0,10,10,10,10,7,7,5,5,5,5
New Jersey,Camden,,Dermatology,1380080A0,1,1,2,2,1,1,1,1,2,2
New Jersey,Camden,Emergency Medicine,Family Medicine,1380120C0,10,5,10,10,10,10,10,6,10,10
New Jersey,Camden,Emergency Medicine,Internal Medicine,1380140C0,21,21,21,21,22,22,22,22,22,22
New Jersey,Camden,Emergency Medicine,Int Med/Neph/4-yr Path/Accel,1380140C1,1,1,1,0,,,,,,
New Jersey,Camden,Emergency Medicine,Medicine-Primary,1380140M0,3,3,4,1,3,3,4,4,3,3
New Jersey,Camden,Emergency Medicine,Med-Primary/3 yr MD Path,1380140M1,2,2,1,1,2,2,1,1,2,2
New Jersey,Medicine-Preliminary,,Neurological Surgery,1380160C0,2,2,1,1,1,1,1,1,,
New Jersey,Medicine-Preliminary,,Neurology,1380180C0,6,6,6,6,6,6,4,4,4,4
New Jersey,Medicine-Preliminary,,Obstetrics-Gynecology,1380220C0,5,5,5,5,5,5,5,5,4,4
New Jersey,Medicine-Preliminary,,Orthopaedic Surgery,1380260C0,4,4,3,3,3,3,2,2,2,2
New Jersey,Medicine-Preliminary,,Otolaryngology,1380280C0,1,1,1,1,1,1,1,1,1,1
New Jersey,Medicine-Preliminary,Pathology,Pediatrics,1380320C0,8,8,8,8,8,8,8,2,8,8
New Jersey,CMSRU/Cooper University Hospital-NJ,Camden,Pediatrics-Primary,1380320M0,1,1,1,1,1,1,2,0,,
New Jersey,CMSRU/Cooper University Hospital-NJ,Camden,Peds-Primary/3 yr MD Path,1380320M1,1,1,1,1,1,1,,,2,2
New Jersey,Plastic Surgery (Integrated),,Psychiatry/Cooper Hosp,1380400C0,6,6,5,5,4,4,5,5,4,4
New Jersey,Plastic Surgery (Integrated),,Interventional Radiology (Integ),1380416A0,1,1,,,,,,,,
New Jersey,Plastic Surgery (Integrated),,Radiology-Diagnostic,1380420A0,5,5,5,5,5,5,5,5,5,5
New Jersey,Plastic Surgery (Integrated),,General Surgery,1380440C0,5,5,5,5,5,5,5,5,4,4
New Jersey,Plastic Surgery (Integrated),,Vascular Surgery,1380451C0,2,2,2,2,2,2,2,2,2,2
New Jersey,Trenton,,Emergency Medicine,2003110C0,6,6,6,6,6,6,6,2,6,6
New Jersey,Trenton,,Family Medicine,2003120C0,5,2,6,4,6,3,6,6,6,6
New Jersey,Trenton,,Internal Medicine,2003140C0,25,25,20,20,20,20,25,25,20,20
New Jersey,Trenton,Obstetrics-Gynecology,Psychiatry,2003400C0,4,4,,,,,,,,
New Jersey,Trenton,Obstetrics-Gynecology,Transitional,2003999P0,13,13,13,13,13,13,13,13,13,7
New Jersey,Internal Medicine,,Internal Medicine/Phase 3-R,1386140C1,1,1,,,1,1,3,3,,
New Jersey,Internal Medicine,,Medicine-Preliminary,1386140P0,3,3,3,3,3,3,3,2,3,3
New Jersey,Hackensack,,Anesthesiology,1387040C0,1,,2,2,2,2,1,1,1,
New Jersey,Hackensack,,Anesthesiology/Phase 3-R,1387040C1,3,3,2,2,2,2,3,3,2,2
New Jersey,Hackensack,,Emergency Medicine,1387110C0,6,6,8,8,9,9,9,9,10,10
New Jersey,Hackensack,,Emergency Med/Phase 3-R,1387110C1,6,6,4,4,3,3,3,3,,
New Jersey,Hackensack,,Internal Medicine,1387140C0,5,5,6,6,7,7,8,8,7,7
New Jersey,Hackensack,Internal Medicine/Phase 3-R,Medicine-Preliminary,1387140P0,,,,,,,1,0,1,1
New Jersey,Hackensack,Internal Medicine/Phase 3-R,Neurology,1387180C0,3,3,,,,,,,,
New Jersey,Hackensack,Internal Medicine/Phase 3-R,Obstetrics-Gynecology,1387220C0,3,3,4,4,2,2,4,4,3,3
New Jersey,Hackensack,Internal Medicine/Phase 3-R,Obstetrics-Gynecology/Phase 3-R,1387220C1,1,1,,,2,2,,,1,1
New Jersey,Hackensack,Internal Medicine/Phase 3-R,Orthopaedic Surgery,1387260C0,3,3,3,3,3,3,3,3,,
New Jersey,Pediatrics,,Pediatrics/Phase 3-R,1387320C1,3,3,4,4,1,1,3,3,3,3
New Jersey,Pediatrics,,Psychiatry,1387400C0,1,1,1,1,,,,,,
New Jersey,Pediatrics,,Psychiatry/Phase 3-R,1387400C1,2,2,3,3,,,,,,
New Jersey,Pediatrics,,Radiology-Diagnostic,1387420A2,2,2,,,,,,,,
New Jersey,Pediatrics,,General Surgery,1387440C0,5,5,3,3,3,3,4,4,3,3
New Jersey,Pediatrics,General Surgery/Phase 3-R,Surgery-Preliminary,1387440P0,2,1,1,0,1,1,1,1,2,2
New Jersey,HMH-JFK Univ Med Ctr-NJ,Edison,Family Medicine,3043120C0,8,4,8,8,6,6,8,8,8,8
New Jersey,Family Medicine/Phase 3-R,,Internal Medicine,3043140C0,8,8,7,7,,,,,,
New Jersey,Family Medicine/Phase 3-R,,Neurology,3043180A0,,,1,0,,,,,,
New Jersey,Family Medicine/Phase 3-R,,Neurology,3043180C0,8,8,8,8,9,9,8,8,8,8
New Jersey,Edison,,Neurology/Phase 3-R,3043180C1,,,1,1,,,1,1,1,1
New Jersey,Edison,,Phys Medicine & Rehab/RWJ,3043340A0,5,5,5,5,5,5,5,5,5,5
New Jersey,HMH-Jersey Shore Univ Med Ctr-NJ,Neptune,Anesthesiology,1395040C0,3,3,5,5,5,5,,,,
New Jersey,HMH-Jersey Shore Univ Med Ctr-NJ,Neptune,Anesthesiology/Phase 3-R,1395040C1,3,3,1,1,1,1,,,,
New Jersey,Internal Medicine,,Internal Medicine/Phase 3-R,1395140C1,7,7,3,3,2,2,3,3,2,2
New Jersey,Internal Medicine,,Medicine-Preliminary,1395140P0,6,6,6,3,3,3,6,6,9,9
New Jersey,Internal Medicine,,Med-Prelim/Phase 3-R,1395140P1,,,,,,,,,1,1
New Jersey,Internal Medicine,,Child Neurology,1395185C0,2,2,1,1,1,1,2,2,2,2
New Jersey,Internal Medicine,,Child Neurology/Phase 3-R,1395185C1,,,1,1,1,1,,,,
New Jersey,Internal Medicine,Obstetrics-Gynecology,Obstetrics-Gynecology/Phase 3-R,1395220C1,1,1,,,1,1,,,1,1
New Jersey,Internal Medicine,Obstetrics-Gynecology,Pediatrics,1395320C0,10,7,8,7,9,4,9,9,7,6
New Jersey,Internal Medicine,Obstetrics-Gynecology,Pediatrics/Phase 3-R,1395320C1,,,2,2,1,1,1,1,2,2
New Jersey,Internal Medicine,Obstetrics-Gynecology,Psychiatry,1395400C0,4,4,3,3,5,5,4,4,2,2
New Jersey,Psychiatry/Addiction Medicine,,Psychiatry/Child & Adolescent,1395400C2,,,,,,,1,1,,
New Jersey,Psychiatry/Addiction Medicine,,Psychiatry/Geriatric Medicine,1395400C3,,,,,,,1,1,,
New Jersey,Psychiatry/Addiction Medicine,,Psychiatry/HUMC,1395400C4,,,,,2,2,1,1,1,1
New Jersey,Psychiatry/Addiction Medicine,,Psychiatry/Phase 3-R/HUMC,1395400C5,,,,,,,1,1,1,1
New Jersey,Psychiatry/Addiction Medicine,,Psychiatry/Phase 3-R,1395400C7,1,1,3,3,1,1,,,,
New Jersey,Psychiatry/Addiction Medicine,General Surgery,General Surgery/Phase 3-R,1395440C1,,,1,1,,,,,,
New Jersey,Psychiatry/Addiction Medicine,General Surgery,Surgery-Preliminary,1395440P0,1,1,1,1,1,1,1,1,1,1
New Jersey,Family Medicine,,Family Medicine/Phase 3-R,1393120C1,3,3,,,,,1,1,3,3
New Jersey,Family Medicine,,Internal Medicine,1393140C0,8,8,7,7,7,7,8,8,8,8
New Jersey,Family Medicine,,Internal Medicine/Phase 3-R,1393140C1,,,,,1,1,,,,
New Jersey,Family Medicine,,Medicine-Preliminary,1393140P0,,,,,2,2,2,2,2,2
New Jersey,Brick,,Family Medicine/Osteopathic,2108120C0,8,6,8,8,8,8,8,7,8,4
New Jersey,Brick,,Internal Medicine,2108140C0,15,15,15,15,15,15,9,9,17,17
New Jersey,Brick,,Psychiatry,2108400C0,8,8,7,7,9,9,6,6,5,5
New Jersey,Brick,,Psychiatry/Addiction Medicine,2108400C1,,,,,,,1,1,1,1
New Jersey,Brick,Psychiatry/Geriatric Pysch,Psychiatry/Phase 3-R,2108400C4,1,1,2,2,1,1,2,2,2,2
New Jersey,Brick,Psychiatry/Geriatric Pysch,Transitional,2108999P0,12,12,12,12,12,12,12,11,12,12
New Jersey,Dermatology,,Family Medicine,2136120C0,4,4,4,4,4,4,4,4,4,4
New Jersey,Dermatology,,Internal Medicine,2136140C0,10,10,10,10,9,9,9,9,10,10
New Jersey,Dermatology,,Internal Medicine/Phase 3-R,2136140C1,,,,,,,,,1,1
New Jersey,North Bergen,,General Surgery,2136440C0,4,4,3,3,3,3,3,3,4,4
New Jersey,North Bergen,,General Surgery/Phase 3-R,2136440C1,,,1,1,1,1,1,1,,
New Jersey,North Bergen,Surgery-Preliminary,Transitional,2136999P0,18,18,18,18,18,15,18,18,18,18
New Jersey,Holy Name Medical Center,Teaneck,Family Medicine,2419120C0,4,4,,,,,,,,
New Jersey,Internal Medicine,,Obstetrics-Gynecology,2419220C0,3,3,,,,,,,,
New Jersey,Internal Medicine,,General Surgery,2419440C0,2,2,2,2,,,,,,
New Jersey,ISMMS Valley Health System-NJ,Paramus,Internal Medicine,2389140C0,12,12,12,12,12,12,,,,
New Jersey,ISMMS Valley Health System-NJ,Paramus,Obstetrics-Gynecology,2389220C0,3,3,3,3,3,3,,,,
New Jersey,Vineland,,Emergency Med/Vineland,2086110C0,12,7,12,12,11,11,12,0,11,3
New Jersey,Vineland,,Emergency Med/Mullica Hill,2086110C1,10,6,10,10,8,4,8,6,8,3
New Jersey,Vineland,Family Medicine/Mullica Hill,Family Medicine/Vineland,2086120C2,6,4,8,7,8,5,6,5,6,2
New Jersey,Vineland,Family Medicine/Mullica Hill,Internal Medicine/Vineland,2086140C0,9,9,10,10,10,9,10,6,11,11
New Jersey,Vineland,Family Medicine/Mullica Hill,Internal Med/Mullica Hill,2086140C1,22,22,24,24,14,14,12,12,12,9
New Jersey,Vineland,Family Medicine/Mullica Hill,Med-Primary/Vineland,2086140M0,2,2,2,2,2,2,2,2,,
New Jersey,Neurology/Mullica Hill,,Obstetrics-Gynecology/Vineland,2086220C0,4,4,3,3,3,3,3,3,4,4
New Jersey,Neurology/Mullica Hill,,Orthopaedic Surgery/Vineland,2086260C0,3,3,3,3,3,3,3,3,3,3
New Jersey,Neurology/Mullica Hill,,Phys Med & Rehab/Mullica Hill,2086340C0,4,4,4,4,4,4,3,3,,
New Jersey,Neurology/Mullica Hill,,Phys Med & Rehab/Mullica Hill,2086340R0,,,1,1,,,3,3,,
New Jersey,Neurology/Mullica Hill,,Psychiatry/Vineland,2086400C0,5,5,5,5,5,5,5,5,,
New Jersey,Neurology/Mullica Hill,General Surgery/Vineland,Transitional/Vineland,2086999P0,,,8,3,10,1,12,3,15,0
New Jersey,Neurology/Mullica Hill,General Surgery/Vineland,Transitional/Mullica Hill,2086999P1,12,12,12,12,12,12,12,5,12,5
New Jersey,Stratford,,Emergency Medicine,2120110C0,12,9,13,13,13,13,13,12,11,11
New Jersey,Stratford,,Family Medicine,2120120C1,3,1,4,4,,,,,,
New Jersey,Stratford,Internal Medicine,Obstetrics-Gynecology,2120220C0,2,2,2,2,2,2,2,2,2,2
New Jersey,Jefferson Health New Jersey (Continued),Stratford,Orthopaedic Surgery,2120260C0,5,5,5,5,5,5,5,5,5,5
New Jersey,NYMC-CarePoint Health-NJ,Hoboken,Family Medicine/NYMC,1451120C0,8,3,8,6,8,4,8,8,8,7
New Jersey,NYMC-CarePoint Health-NJ,Hoboken,Family Medicine/Christ,1451120C1,7,3,7,3,6,0,6,6,6,4
New Jersey,NYMC-CarePoint Health-NJ,Hoboken,Internal Medicine/Bayonne,1451140C0,8,8,,,12,12,12,8,12,7
New Jersey,NYMC-CarePoint Health-NJ,Hoboken,General Surgery,1451440C0,4,4,4,4,4,4,4,4,4,4
New Jersey,Denville,,Anesthesiology,2375040C0,6,6,6,6,,,,,,
New Jersey,Denville,,Internal Medicine,2375140C0,26,26,24,24,35,35,17,17,,
New Jersey,Denville,Medicine-Preliminary,Obstetrics-Gynecology,2375220C0,4,4,,,,,,,,
New Jersey,Denville,Medicine-Preliminary,Psychiatry,2375400C0,10,10,14,14,10,10,8,8,,
New Jersey,Internal Medicine,,Internal Med/Roxborough,1857140C1,,,,,,,3,3,,
New Jersey,Paramus,,Psychiatry,1908400C0,,,,,9,9,9,9,9,9
New Jersey,Stratford,,Family Medicine/Osteopathic,2120120C0,,,,,,,,,8,7
New Jersey,Stratford,,Psychiatry,2120400C0,,,,,,,,,5,5
New Jersey,Stratford,,Transitional,2120999P0,,,,,,,,,9,9
New Jersey,Tom'S River,,Emergency Medicine,2298110C0,12,12,12,12,11,11,12,10,13,13
New Jersey,Tom'S River,,Internal Medicine,2298140C0,17,17,18,18,12,12,12,12,12,12
New Jersey,Tom'S River,,General Surgery,2298440C0,4,4,4,4,4,4,4,4,4,4
New Jersey,Tom'S River,Surgery-Preliminary,Transitional,2298999P0,9,9,11,11,12,12,7,7,,
New Jersey,Tom'S River,Surgery-Preliminary,Transitional/Rad Onc,2298999P1,,,,,1,1,,,,
New Jersey,Tom'S River,Surgery-Preliminary,Transitional/PM&R,2298999P2,1,1,1,1,1,1,,,,
New Jersey,Tom'S River,Surgery-Preliminary,Transitional/Radiology,2298999P3,2,2,2,2,2,2,1,1,,
New Jersey,Livingston,,Obstetrics-Gynecology,1396220C0,10,10,10,10,10,10,10,10,10,10
New Jersey,Livingston,,Ob-Gyn/Preliminary,1396220P0,2,0,,,,,,,,
New Jersey,Rutgers-Cooperman Barnabas,Livingston,Radiology-Diagnostic,1396420A0,,,,,,,,,4,4
New Jersey,Rutgers-Jersey City Med Ctr-NJ,Jersey City,Internal Medicine,1390140C0,20,20,20,20,20,20,17,17,18,18
New Jersey,Rutgers-Jersey City Med Ctr-NJ,Jersey City,Obstetrics-Gynecology,1390220C0,3,3,3,3,3,3,3,3,3,3
New Jersey,Rutgers-Jersey City Med Ctr-NJ,Jersey City,Orthopaedic Surgery,1390260C0,4,4,4,4,3,3,3,3,3,3
New Jersey,Rutgers-Monmouth Med Ctr-NJ,Long Branch,Internal Medicine,1392140C0,13,13,13,13,13,13,13,13,13,13
New Jersey,Rutgers-Monmouth Med Ctr-NJ,Long Branch,Obstetrics-Gynecology,1392220C0,4,4,4,4,4,4,4,4,4,4
New Jersey,Rutgers-Monmouth Med Ctr-NJ,Long Branch,Orthopaedic Surgery,1392260C0,2,2,2,2,2,2,2,2,2,2
New Jersey,Rutgers-Monmouth Med Ctr-NJ,Long Branch,Pediatrics,1392320C0,5,5,5,3,5,5,6,6,5,5
New Jersey,Newark,,Anesthesiology,1398040A0,5,5,5,5,5,5,4,4,8,8
New Jersey,Newark,,Anesthesiology,1398040C0,8,8,8,8,8,8,8,8,6,6
New Jersey,Newark,Anesthesiology,Emergency Medicine,1398110C0,13,10,13,13,11,10,11,9,9,9
New Jersey,Newark,Anesthesiology,Internal Medicine,1398140C0,36,36,34,34,35,35,37,37,33,33
New Jersey,Newark,Anesthesiology,Internal Med/Trinitas,1398140C2,,,,,,,10,10,10,10
New Jersey,Newark,Anesthesiology,Internal Medicine/4 yr IM-PM,1398140C3,,,1,1,2,2,1,1,2,1
New Jersey,Internal Med/4yr Nephrology,,Medicine-Preliminary,1398140P0,3,,5,5,5,5,10,10,9,
New Jersey,Internal Med/4yr Nephrology,,Med-Prelim/Anesthesiology,1398140P3,2,2,,,,,,,1,1
New Jersey,Internal Med/4yr Nephrology,,Neurological Surgery,1398160C0,2,2,2,2,3,3,3,3,3,3
New Jersey,Internal Med/4yr Nephrology,,Neurology,1398180C0,5,5,5,5,5,5,5,5,5,5
New Jersey,Internal Med/4yr Nephrology,,Child Neurology,1398185C0,1,1,1,1,1,1,1,1,1,1
New Jersey,Internal Med/4yr Nephrology,Orthopaedic Surgery,Otolaryngology,1398280C0,3,3,4,4,3,3,4,4,4,4
New Jersey,Internal Med/4yr Nephrology,Orthopaedic Surgery,Phys Medicine & Rehab,1398340A0,8,8,9,9,8,8,8,8,9,9
New Jersey,Internal Med/4yr Nephrology,Orthopaedic Surgery,Plastic Surgery (Integrated),1398362C0,3,3,3,3,3,3,3,3,2,2
New Jersey,Internal Med/4yr Nephrology,Orthopaedic Surgery,Public Health & Prev Med/2yr-MPH,1398380R0,,,1,0,,,,,,
New Jersey,Available,,Psychiatry,1398400C0,8,8,6,6,8,8,8,8,8,8
New Jersey,Available,,Psychiatry/Trinitas,1398400C1,,,,,,,5,5,,
New Jersey,Available,,Radiology-Diagnostic,1398420A0,11,11,12,12,11,11,12,12,4,4
New Jersey,Available,General Surgery,Surgery-Preliminary,1398440P0,15,9,14,1,15,4,16,2,18,5
New Jersey,Available,General Surgery,Vascular Surgery,1398451C0,1,1,1,1,1,1,1,1,1,1
New Jersey,Available,General Surgery,Medicine-Pediatrics,1398700C0,5,5,5,5,5,5,5,5,4,4
New Jersey,Available,General Surgery,Medicine-Preventive Med/4yr,1398751C0,1,1,,,,,,,,
New Jersey,Rutgers-Newark Beth Israel Med,Newark,Emergency Medicine,1397110C0,8,8,8,8,8,8,8,8,8,8
New Jersey,Rutgers-Newark Beth Israel Med,Newark,Internal Medicine,1397140C0,12,12,12,12,12,12,12,12,12,12
New Jersey,Rutgers-Newark Beth Israel Med,Newark,Med-Prelim/Neurology,1397140P1,4,3,4,2,4,1,4,4,4,3
New Jersey,Rutgers-Newark Beth Israel Med,Newark,Obstetrics-Gynecology,1397220C0,4,4,4,4,4,4,4,4,4,4
New Jersey,Newark,,Radiology-Diagnostic,1397420A0,,,,,,,,,3,3
New Jersey,New Brunswick,,Anesthesiology,2918040A0,,,,,,,4,4,8,8
New Jersey,New Brunswick,,Anesthesiology,2918040C0,12,12,12,12,12,12,8,8,4,4
New Jersey,New Brunswick,,Dermatology,2918080A0,2,2,2,2,2,2,2,2,2,2
New Jersey,New Brunswick,,Emergency Medicine,2918110C0,9,9,9,9,9,9,9,5,6,6
New Jersey,New Brunswick,Family Medicine/A-Prog,Family Med/CentraState,2918120C2,,,,,6,3,6,4,6,6
New Jersey,New Brunswick,Family Medicine/A-Prog,Family Medicine/3-yr MD Path,2918120C3,,,,,1,1,,,,
New Jersey,New Brunswick,Family Medicine/A-Prog,Internal Medicine,2918140C0,22,22,24,24,25,25,22,22,24,24
New Jersey,New Brunswick,Family Medicine/A-Prog,Neurology,2918180A0,6,6,7,7,5,2,5,5,4,4
New Jersey,New Brunswick,Family Medicine/A-Prog,Neurology,2918180R0,,,2,2,,,,,,
New Jersey,Obstetrics-Gynecology,,Orthopaedic Surgery,2918260C0,3,3,3,3,3,3,3,3,3,3
New Jersey,Obstetrics-Gynecology,,Otolaryngology,2918280C0,1,1,2,2,,,,,,
New Jersey,Obstetrics-Gynecology,,Pathology,2918300C0,1,1,3,3,3,3,2,2,2,2
New Jersey,Obstetrics-Gynecology,,Pediatrics,2918320C0,11,11,11,11,11,11,11,11,11,11
New Jersey,Obstetrics-Gynecology,Occupational & Environmental Med,Psychiatry,2918400C0,8,8,8,8,8,8,8,8,6,6
New Jersey,Obstetrics-Gynecology,Occupational & Environmental Med,Interventional Radiology (Integ),2918416A0,1,1,1,1,1,1,1,1,1,1
New Jersey,Obstetrics-Gynecology,Occupational & Environmental Med,Radiology-Diagnostic,2918420A0,7,7,7,7,7,7,6,6,4,4
New Jersey,Obstetrics-Gynecology,Occupational & Environmental Med,Radiation Oncology,2918430A0,2,2,2,2,1,1,1,0,2,1
New Jersey,Obstetrics-Gynecology,Occupational & Environmental Med,Radiation Oncology,2918430R1,,,,,,,,,1,1
New Jersey,Radiation Oncology,,General Surgery,2918440C0,8,8,8,8,8,8,7,7,7,7
New Jersey,Radiation Oncology,,Surgery-Preliminary,2918440P0,8,3,10,3,11,11,10,3,5,2
New Jersey,Radiation Oncology,,Surg-Prelim/Anesthesiology,2918440P1,,,,,,,1,1,2,2
New Jersey,Radiation Oncology,,Vascular Surgery,2918451C0,1,1,1,1,1,1,1,1,1,1
New Jersey,Somerville,,Family Medicine,1934120C0,7,7,7,7,7,6,7,7,7,7
New Jersey,Elizabeth,Internal Medicine,Psychiatry,2391400C0,5,5,6,6,6,6,,,,
New Jersey,St Francis Med Ctr-NJ,Trenton,Internal Medicine,3194140C1,,,,,,,,,10,10
New Jersey,St Josephs Univ Med Ctr-NJ,Paterson,Anesthesiology,1406040A0,7,7,7,7,7,7,7,7,7,7
New Jersey,St Josephs Univ Med Ctr-NJ,Paterson,Anesthesiology,1406040R0,2,2,1,1,1,1,1,1,1,1
New Jersey,St Josephs Univ Med Ctr-NJ,Paterson,Emergency Medicine,1406110C0,8,8,8,8,8,8,8,8,8,8
New Jersey,Family Medicine,,Internal Medicine,1406140C1,19,19,19,19,19,19,19,19,19,19
New Jersey,Family Medicine,,Obstetrics-Gynecology,1406220C0,3,3,3,3,3,3,3,3,3,3
New Jersey,Paterson,,Orthopaedic Surgery,1406260C0,3,3,2,2,3,3,3,3,3,3
New Jersey,Paterson,,Pediatrics,1406320C0,12,7,12,12,12,12,12,12,12,12
New Jersey,Paterson,General Surgery,Surg-Prelim/Anesthesiology,1406440P0,2,1,2,1,2,1,2,1,2,0
New Jersey,Paterson,General Surgery,Surgery-Preliminary,1406440P1,1,0,1,1,1,0,1,1,1,0
New Jersey,New Brunswick,,Internal Medicine,3211140C0,16,16,16,16,16,16,16,16,17,17
New Jersey,New Brunswick,,Medicine-Preliminary,3211140P0,,,,,,,2,0,,
New Jersey,New Brunswick,Obstetrics-Gynecology,Pediatrics,3211320C0,8,8,8,8,8,8,8,8,8,8
New Jersey,Virtua Health-NJ,Voorhees,Anesthesiology,3084040C0,4,4,,,,,,,,
New Jersey,Family Medicine/Vorhees,,Family Med/Rowan-Virtua SOM,3084120C1,,,,,6,2,6,3,,
New Jersey,Family Medicine/Vorhees,,Family Medicine/Virtua,3084120C2,12,5,12,3,,,,,,
New Jersey,Family Medicine/Vorhees,,Internal Medicine,3084140C0,17,8,18,17,18,6,18,16,,
New Jersey,Family Medicine/Vorhees,,Obstetrics-Gynecology,3084220C0,6,6,6,6,6,6,6,6,6,6
New Jersey,Family Medicine/Vorhees,Psychiatry/Rowan-Virtua SOM,General Surgery,3084440C0,5,,5,5,5,5,5,5,,
New Jersey,Family Medicine/Vorhees,Psychiatry/Rowan-Virtua SOM,Transitional/Rowan-Virtua SOM,3084999P0,,,,,,,9,9,,
New Mexico,Memorial Med Ctr-NM,Las Cruces,Family Medicine,1214120C0,8,8,8,8,10,10,10,10,10,10
New Mexico,Memorial Med Ctr-NM,Las Cruces,Family Medicine/Rural,1214120C1,3,3,3,3,3,3,3,3,2,2
New Mexico,Internal Medicine,,Osteo Neuromusculo Med,2182275A0,,,,,,,2,1,2,2
New Mexico,Internal Medicine,,Transitional,2182999P0,,,,,,,7,7,7,7
New Mexico,Internal Medicine,,Transitional/ONMM,2182999P1,,,,,,,2,1,2,2
New Mexico,Silver City,,Family Medicine,2381120C0,,,4,4,4,4,,,,
New Mexico,Silver City,,Internal Medicine,2381140C0,4,4,,,,,,,,
New Mexico,Lovington,,Family Medicine,2443120C0,2,0,2,2,,,,,,
New Mexico,Santa Fe,,Family Medicine,1277120C0,,,,,,,6,5,6,6
New Mexico,Albuquerque,Anesthesiology,Anesthesiology,1962040C0,10,10,10,10,6,6,6,6,6,6
New Mexico,Albuquerque,Anesthesiology,Anesthesiology,1962040R0,,,3,3,1,1,1,1,1,1
New Mexico,Albuquerque,Anesthesiology,Dermatology,1962080A0,4,4,4,4,4,4,3,3,3,3
New Mexico,Albuquerque,Anesthesiology,Dermatology,1962080R0,,,,,1,1,,,,
New Mexico,Albuquerque,Anesthesiology,Emergency Medicine,1962110C0,12,12,12,12,12,12,12,12,12,12
New Mexico,Family Medicine,,Family Medicine/Shiprock,1962120C1,2,2,2,2,2,2,2,1,2,2
New Mexico,Family Medicine,,Family Medicine/Santa Fe,1962120C2,6,6,6,3,6,6,,,,
New Mexico,Family Medicine,,Internal Medicine,1962140C0,30,30,31,31,30,30,30,30,30,30
New Mexico,Family Medicine,,Internal Med/Nephrology Path,1962140C1,1,1,,,,,,,,
New Mexico,Family Medicine,,Medicine-Preliminary,1962140P0,1,1,3,3,5,5,6,6,10,10
New Mexico,Family Medicine,Med-Prelim/Radiology,Neurological Surgery,1962160C1,1,1,1,1,1,1,1,1,,
New Mexico,Family Medicine,Med-Prelim/Radiology,Neurology,1962180C0,8,8,7,7,7,7,7,7,5,5
New Mexico,Family Medicine,Med-Prelim/Radiology,Neurology,1962180R0,,,,,1,1,2,2,1,1
New Mexico,Family Medicine,Med-Prelim/Radiology,Child Neurology,1962185C0,2,2,2,2,2,2,1,1,2,1
New Mexico,Obstetrics-Gynecology,,Orthopaedic Surgery,1962260C0,5,5,5,5,5,5,5,5,5,5
New Mexico,Obstetrics-Gynecology,,Otolaryngology,1962280C0,4,4,3,3,3,3,2,2,2,2
New Mexico,Obstetrics-Gynecology,,Pathology,1962300C0,4,4,4,4,4,4,4,4,4,4
New Mexico,Obstetrics-Gynecology,,Pediatrics,1962320C0,21,21,21,10,21,16,21,21,21,21
New Mexico,Obstetrics-Gynecology,,Phys Medicine & Rehab,1962340C0,6,6,6,6,6,6,7,7,5,5
New Mexico,Obstetrics-Gynecology,Phys Medicine & Rehab,Plastic Surgery (Integrated),1962362C0,2,2,2,2,2,2,2,2,1,1
New Mexico,Obstetrics-Gynecology,Phys Medicine & Rehab,Public Health & Prev Med/2 yr MPH,1962380R0,2,1,2,2,,,,,,
New Mexico,Available,,Psychiatry,1962400C0,13,13,13,13,13,13,13,13,15,15
New Mexico,Available,,Psychiatry/Child,1962400C1,3,3,3,3,3,3,3,3,1,0
New Mexico,Available,,Radiology-Diagnostic,1962420A0,8,8,8,8,8,8,8,8,8,8
New Mexico,Available,,Radiology-Diagnostic,1962420R0,2,2,,,1,1,,,,
New Mexico,Available,,General Surgery,1962440C0,6,6,7,7,7,7,7,7,7,7
New Mexico,Available,Surgery-Preliminary,Vascular Surgery,1962451C0,1,1,,,,,,,,
New York,Anesthesiology,,Anesthesiology,1414040R0,,,,,2,2,,,,
New York,Anesthesiology,,Emergency Medicine,1414110C0,12,12,12,12,12,10,12,11,12,12
New York,Anesthesiology,,Family Medicine,1414120C0,6,6,6,5,6,6,6,6,6,6
New York,Anesthesiology,,Family Medicine/Saratoga,1414120C1,6,6,6,6,6,6,6,6,,
New York,Anesthesiology,,Internal Medicine,1414140C0,20,20,18,18,18,18,18,18,18,18
New York,Albany Med Ctr-NY (Continued),Albany,Neurological Surgery,1414160C0,2,2,2,2,2,2,2,2,2,2
New York,Albany Med Ctr-NY (Continued),Albany,Neurology,1414180A0,,,,,,,,,1,1
New York,Neurology,,Obstetrics-Gynecology,1414220C0,6,6,6,6,6,6,6,6,6,6
New York,Neurology,,Orthopaedic Surgery,1414260C0,5,5,5,5,5,5,5,5,5,5
New York,Neurology,,Otolaryngology,1414280C0,2,2,2,2,2,2,2,2,2,2
New York,Neurology,,Pathology,1414300C0,4,4,4,4,4,4,4,4,3,3
New York,Neurology,,Pediatrics,1414320C0,12,11,12,12,12,8,11,11,11,11
New York,Neurology,Phys Medicine & Rehab,Plastic Surgery (Integrated),1414362C0,2,2,2,2,2,2,2,2,2,2
New York,Neurology,Phys Medicine & Rehab,Psychiatry,1414400C0,8,7,7,7,6,6,8,8,6,6
New York,Neurology,Phys Medicine & Rehab,Interventional Radiology (Integ),1414416C0,1,1,1,1,1,1,1,1,1,1
New York,Neurology,Phys Medicine & Rehab,Radiology-Diagnostic,1414420A0,5,5,5,5,5,5,5,5,5,5
New York,General Surgery,,Surgery-Preliminary,1414440P0,4,4,4,2,4,0,4,0,4,4
New York,General Surgery,,Vascular Surgery,1414451C0,1,1,1,1,1,1,1,1,1,1
New York,General Surgery,,Medicine-Pediatrics,1414700C0,4,4,4,4,4,4,4,4,4,4
New York,Elmira,,Emergency Medicine,2113110C0,5,5,5,5,6,2,6,3,6,2
New York,Elmira,,Family Medicine,2113120C0,8,8,8,8,8,6,8,8,8,8
New York,Elmira,,Internal Medicine,2113140C0,10,10,10,3,10,10,10,10,10,10
New York,Elmira,,Psychiatry,2113400C0,5,3,6,6,6,6,6,6,6,5
New York,Elmira,,Radiology-Diagnostic,2113420C0,2,1,2,2,2,2,2,2,2,2
New York,Elmira,General Surgery,Transitional,2113999P0,6,6,6,6,6,6,6,6,,
New York,Bassett Med Ctr-NY,Cooperstown,Internal Medicine,1442140C0,12,12,12,12,12,12,11,11,11,11
New York,Medicine-Preliminary,,General Surgery,1442440C0,4,4,4,4,4,4,3,3,3,3
New York,Medicine-Preliminary,,Surgery-Preliminary,1442440P0,,,2,0,2,0,2,1,2,2
New York,Medicine-Preliminary,,Transitional,1442999P0,9,9,8,8,8,8,9,9,9,6
New York,Medicine-Preliminary,,Transitional/Hopkins,1442999P1,,,1,1,1,1,,,,
New York,Bronx,,Family Medicine,1471120C1,,,19,19,,,,,,
New York,Bronx,,Pediatrics-Primary,1471320M1,14,14,15,15,15,15,13,13,14,14
New York,Bronx,,General Surgery,1471440C0,3,3,3,3,3,3,3,3,3,3
New York,Bronx,,Surgery-Preliminary,1471440P0,6,2,6,3,6,6,6,6,5,4
New York,Brooklyn Hosp Ctr-NY,Brooklyn,Emergency Medicine,1420110C0,8,7,8,8,8,8,8,3,8,8
New York,Brooklyn Hosp Ctr-NY,Brooklyn,Family Medicine,1420120C0,7,7,,,7,7,7,7,7,7
New York,Internal Medicine,,Obstetrics-Gynecology,1420220C0,4,4,4,4,4,4,4,4,4,4
New York,Internal Medicine,,Pediatrics,1420320C0,11,11,11,11,11,9,11,11,11,11
New York,Internal Medicine,,General Surgery,1420440C0,3,3,3,3,3,3,3,3,3,3
New York,Brooklyn,,Surgery-Preliminary,1420440P0,6,2,6,3,6,6,6,6,6,3
New York,White Plains,,Phys Medicine & Rehab,1940340A0,9,9,8,8,8,8,6,6,6,6
New York,White Plains,,Phys Medicine & Rehab,1940340R0,1,1,,,2,2,,,,
New York,Ithaca,,Medicine-Primary,2207140M0,9,9,10,10,10,10,10,10,8,8
New York,Ithaca,,Med-Primary/Cayuga-Cornell,2207140M1,,,,,,,,,2,2
New York,Creedmoor Psych Ctr-NY,Queens Village,Psychiatry,2599400C0,4,4,4,4,4,4,4,4,4,4
New York,Ellis Hospital-NY,Schenectady,Family Medicine,1513120C0,10,10,10,10,10,6,10,10,10,10
New York,Internal Medicine,,Medicine-Primary,1663140M0,12,12,12,12,12,12,12,12,,
New York,Internal Medicine,,Psychiatry,1663400C0,3,3,3,3,3,3,3,3,3,3
New York,Flushing,Internal Medicine,Medicine-Preliminary,1445140P0,6,2,6,6,9,5,11,11,10,9
New York,Flushing,Internal Medicine,Obstetrics-Gynecology,1445220C0,3,3,3,3,3,3,3,3,3,3
New York,Flushing,Internal Medicine,Ob-Gyn/Preliminary,1445220P0,1,1,1,1,1,1,1,1,1,1
New York,Flushing,Internal Medicine,Pediatrics,1445320C0,9,9,10,10,10,5,10,10,10,10
New York,Flushing,Internal Medicine,General Surgery,1445440C0,3,3,3,3,3,3,3,3,3,3
New York,Garnet Health Med Ctr-NY,Middletown,Emergency Medicine,2230110C0,6,3,6,6,6,6,6,2,6,3
New York,Garnet Health Med Ctr-NY,Middletown,Family Medicine,2230120C0,4,3,4,3,4,3,4,4,3,3
New York,Garnet Health Med Ctr-NY,Middletown,Internal Medicine,2230140C0,11,8,10,8,9,6,11,8,10,10
New York,Neurology,,Psychiatry,2230400C0,3,3,3,3,8,8,3,3,2,2
New York,Neurology,,General Surgery,2230440C0,3,3,3,3,3,3,3,3,3,3
New York,Neurology,,Transitional,2230999P0,12,5,12,5,9,9,12,9,12,12
New York,West Islip,,Emergency Medicine,2007110C0,10,10,10,10,10,10,9,5,6,6
New York,West Islip,,Emergency Medicine/St Joseph,2007110C1,6,6,6,6,6,4,,,,
New York,West Islip,Family Medicine,Family Medicine/St Joseph,2007120C1,8,8,8,8,8,8,,,,
New York,West Islip,Family Medicine,Obstetrics-Gynecology,2007220C0,4,4,4,4,4,4,4,4,4,4
New York,West Islip,Family Medicine,Pediatrics,2007320C0,5,5,5,5,5,4,5,4,5,5
New York,West Islip,Family Medicine,Phys Medicine & Rehab,2007340A0,3,3,3,3,3,3,3,3,3,3
New York,West Islip,Family Medicine,Psychiatry/St Catherine,2007400C0,6,6,6,6,,,,,,
New York,New York,,Internal Medicine,1478140C0,20,20,26,26,26,26,24,24,25,25
New York,New York,,Pediatrics,1478320C0,7,7,8,8,9,9,8,8,8,8
New York,New York,Psychiatry,Radiology-Diagnostic,1478420A0,3,3,3,3,2,2,4,4,3,3
New York,New York,Psychiatry,General Surgery,1478440C0,3,3,3,3,3,3,3,3,3,3
New York,New York,Psychiatry,Surgery-Preliminary,1478440P0,7,7,7,7,7,2,7,2,7,6
New York,Hosp For Special Surgery-NY,New York,Orthopaedic Surgery,3128260C0,9,9,9,9,9,9,9,9,9,9
New York,Internal Medicine,,Medicine-Preliminary,1470140P0,,,,,,,10,10,10,
New York,Internal Medicine,,Med-Prelim/Neurology,1470140P1,,,,,,,5,5,5,5
New York,Internal Medicine,,Med-Prelim/Ophthalmology,1470140P2,,,,,,,10,10,10,10
New York,Internal Medicine,,Neurology,1470180A0,,,,,,,5,5,5,5
New York,Internal Medicine,,Psychiatry,1470400C0,,,,,13,13,13,13,13,13
New York,New York,,Anesthesiology,1490040C0,28,28,30,30,30,30,26,26,26,26
New York,New York,,Anesthesiology,1490040R0,,,3,3,4,4,,,,
New York,New York,,Dermatology,1490080A0,9,9,10,10,8,8,9,9,9,9
New York,New York,Dermatology/Research,Emergency Medicine,1490110C0,18,18,20,20,20,20,25,25,25,25
New York,New York,Dermatology/Research,Emergency Medicine/CCM,1490110C1,2,2,,,,,,,,
New York,New York,Dermatology/Research,Family Medicine,1490120C0,5,5,5,5,5,5,6,6,6,6
New York,New York,Dermatology/Research,Internal Medicine,1490140C0,43,43,42,42,44,44,42,42,43,43
New York,New York,Dermatology/Research,Internal Med/Research,1490140C1,4,4,4,4,4,4,4,4,4,4
New York,Internal Med/Comm Prim Care,,Med-Primary/Geriatrics,1490140M1,2,2,,,,,1,1,,
New York,Internal Med/Comm Prim Care,,Neurological Surgery,1490160C0,3,3,2,2,2,2,2,2,2,2
New York,Internal Med/Comm Prim Care,,Neurology,1490180A0,,,,,,,,,2,2
New York,Internal Med/Comm Prim Care,,Neurology,1490180C0,12,12,10,10,10,10,10,10,8,8
New York,Internal Med/Comm Prim Care,,Neurology,1490180R0,1,1,,,,,,,,
New York,Internal Med/Comm Prim Care,Child Neurology,Child Neurology,1490185R0,,,,,,,1,0,1,0
New York,Internal Med/Comm Prim Care,Child Neurology,Obstetrics-Gynecology,1490220C0,9,9,9,9,9,9,8,8,8,8
New York,Internal Med/Comm Prim Care,Child Neurology,Orthopaedic Surgery,1490260C0,7,7,7,7,7,7,7,7,7,7
New York,ISMMS Mount Sinai Hospital-NY,New York,Otolaryngology,1490280C0,6,6,6,6,6,6,6,6,6,6
New York,ISMMS Mount Sinai Hospital-NY,New York,Pathology,1490300C0,4,4,6,6,4,4,5,5,6,6
New York,Pathology-AP/NP,,Pathology/Physician Scientist,1490300C2,1,1,1,1,1,1,,,,
New York,Pathology-AP/NP,,Pediatrics,1490320C0,15,15,15,15,15,15,15,15,14,14
New York,Pathology-AP/NP,,Pediatrics/Research,1490320C1,2,2,1,1,2,2,1,1,2,2
New York,Pathology-AP/NP,,Pediatrics-Preliminary,1490320P1,1,1,1,1,1,1,1,1,1,1
New York,Pathology-AP/NP,,Peds-Prelim/Ped Rad Track,1490320P2,1,1,,,,,,,,
New York,Pathology-AP/NP,Phys Medicine & Rehab,Phys Medicine & Rehab,1490340C0,10,10,10,10,10,10,8,8,5,5
New York,Pathology-AP/NP,Phys Medicine & Rehab,Phys Medicine & Rehab,1490340R0,,,,,2,2,2,2,,
New York,Pathology-AP/NP,Phys Medicine & Rehab,Plastic Surgery (Integrated),1490362C0,4,4,4,4,4,4,4,4,3,3
New York,Pathology-AP/NP,Phys Medicine & Rehab,Public Health & Preventive Med/2yr-MPH,1490380R0,3,3,2,2,,,,,,
New York,Available,,Occupational & Environmental Med,1490382R0,2,2,2,2,,,,,,
New York,Available,,Occupational & Environmental Med/1yr,1490382R2,,,1,1,,,,,,
New York,Available,,Psychiatry,1490400C0,22,22,22,22,13,13,13,13,12,12
New York,Available,Psychiatry/Physician Scientist,Interventional Radiology (Integ),1490416A0,4,4,3,3,3,3,4,4,3,3
New York,Available,Psychiatry/Physician Scientist,Radiology-Diagnostic,1490420A0,8,8,8,8,8,8,7,7,8,8
New York,Available,Psychiatry/Physician Scientist,Radiation Oncology,1490430A0,3,3,2,2,2,2,4,4,3,3
New York,Available,Psychiatry/Physician Scientist,General Surgery,1490440C0,12,12,11,11,10,10,12,12,12,12
New York,Available,Psychiatry/Physician Scientist,General Surgery/Scientist,1490440C1,,,1,1,2,2,,,,
New York,Surgery-Preliminary,,Surg-Prelim/Designated,1490440P1,13,7,14,11,12,8,9,8,11,10
New York,Surgery-Preliminary,,Vascular Surgery,1490451C0,4,4,4,4,4,4,4,4,3,3
New York,Surgery-Preliminary,,Thoracic Surgery,1490461C0,2,2,2,2,2,2,2,2,2,2
New York,Surgery-Preliminary,,Medicine-Pediatrics,1490700C1,4,4,4,4,4,4,4,4,4,4
New York,Surgery-Preliminary,Peds/Psych/Child Psych,Pediatrics-Medical Genetics,1490765C0,1,1,2,2,2,2,1,1,1,1
New York,Surgery-Preliminary,Peds/Psych/Child Psych,Medicine-Medical Genetics,1490766C0,1,1,2,2,,,1,1,1,1
New York,Anesthesiology,,Anesthesiology,2070040C0,18,18,18,18,13,13,13,13,13,13
New York,Anesthesiology,,Anesthesiology,2070040R2,,,3,3,,,,,,
New York,Anesthesiology,,Emergency Medicine,2070110C0,20,20,20,20,20,20,20,20,20,20
New York,Anesthesiology,,Internal Medicine,2070140C0,61,61,61,61,61,61,43,43,43,43
New York,Anesthesiology,,Medicine-Primary,2070140M0,4,4,4,4,4,4,4,4,4,4
New York,Anesthesiology,Medicine-Preliminary,Med-Prelim/Ophthalmology,2070140P1,10,10,10,10,10,10,,,,
New York,Anesthesiology,Medicine-Preliminary,Med-Prelim/Neurology,2070140P2,5,5,5,5,5,5,,,,
New York,Anesthesiology,Medicine-Preliminary,Neurology,2070180A0,5,5,5,5,5,5,,,,
New York,Anesthesiology,Medicine-Preliminary,Obstetrics-Gynecology,2070220C0,7,7,7,7,7,7,6,6,6,6
New York,Anesthesiology,Medicine-Preliminary,Pathology,2070300C0,5,5,5,5,5,5,5,5,5,5
New York,Psychiatry,,Psychiatry/VA Scholarly,2070400C1,4,4,4,4,,,,,,
New York,Psychiatry,,Radiology-Diagnostic,2070420A0,11,11,11,11,11,11,11,11,11,11
New York,Oceanside,Anesthesiology,Anesthesiology,3067040R0,4,4,,,,,,,,
New York,Oceanside,Anesthesiology,Family Medicine,3067120C0,6,6,6,6,6,5,8,7,8,8
New York,ISMMS Mount Sinai South Nassau-NY,Oceanside,Internal Medicine,3067140C0,10,10,11,11,10,10,8,8,8,8
New York,ISMMS Mount Sinai South Nassau-NY,Oceanside,Int Med/Sabbath Observant,3067140C1,3,3,2,2,3,3,2,2,2,2
New York,Obstetrics-Gynecology,,General Surgery,3067440C0,3,3,3,3,3,3,3,3,3,3
New York,Obstetrics-Gynecology,,Transitional,3067999P0,,,,,,,4,3,4,2
New York,Elmhurst,Internal Medicine,Medicine-Preliminary,1491140P0,18,17,18,16,18,18,19,19,15,14
New York,Elmhurst,Internal Medicine,Psychiatry,1491400C0,11,11,11,11,12,12,12,12,,
New York,Internal Medicine,,Medicine Preliminary,1489140P0,8,8,8,8,8,8,8,8,8,4
New York,Internal Medicine,,Obstetrics-Gynecology,1489220C0,3,3,3,3,3,3,3,3,3,3
New York,Internal Medicine,,Psychiatry,1489400C0,4,4,4,4,,,,,,
New York,New York,,Family Medicine/Mid-Hudson,2004120C0,10,6,10,3,10,7,10,10,9,9
New York,New York,,Family Medicine/Harlem-Mt Sinai,2004120C1,8,8,8,8,8,8,7,7,7,7
New York,New York,,Fam Med/Mid-Hudson/Osteopathic,2004120C2,,,,,,,,,1,1
New York,Bronx,,Internal Medicine,3172140C0,32,32,28,28,28,28,28,28,29,29
New York,Bronx,,Int Med/Sabbath Observed,3172140C1,1,1,2,2,2,2,2,2,1,1
New York,Bronx,,Internal Med/N Central Bronx,3172140C4,20,20,20,20,18,18,18,18,16,16
New York,Bronx,,Medicine-Primary,3172140M0,1,1,4,4,4,4,4,4,4,4
New York,Bronx,Pediatrics,Radiology-Diagnostic,3172420A0,4,4,4,4,4,4,4,4,4,4
New York,Bronx,Pediatrics,Radiology-Diagnostic/Sabbath,3172420A1,1,1,1,1,1,1,1,1,1,1
New York,Bronx,Pediatrics,Radiology-Diagnostic-PGY-2,3172420R0,,,1,1,,,,,,
New York,Jamaica Hosp Med Ctr-NY,Jamaica,Family Medicine,1449120C0,11,7,11,11,11,11,11,11,10,10
New York,Jamaica Hosp Med Ctr-NY,Jamaica,Internal Medicine,1449140C0,30,20,30,30,,,,,,
New York,Jamaica Hosp Med Ctr-NY,Jamaica,Obstetrics-Gynecology,1449220C0,3,3,3,3,3,3,3,3,3,3
New York,Jamaica Hosp Med Ctr-NY,Jamaica,Ob-Gyn/Preliminary,1449220P0,1,0,1,0,1,0,1,1,1,0
New York,Jamaica Hosp Med Ctr-NY,Jamaica,Psychiatry,1449400C0,7,7,7,7,7,7,8,8,8,8
New York,Lincoln Med Ctr-NY,Bronx,Emergency Medicine,1484110C0,12,12,11,11,11,11,11,11,11,11
New York,Lincoln Med Ctr-NY,Bronx,Internal Medicine,1484140C0,34,34,34,34,31,31,33,33,34,34
New York,Lincoln Med Ctr-NY,Bronx,Medicine-Preliminary,1484140P0,16,16,14,14,14,14,15,14,11,11
New York,Obstetrics-Gynecology,,Pediatrics-Primary,1484320M0,17,17,17,17,17,17,17,17,17,17
New York,Bronx,,Psychiatry,1484400C0,5,5,5,5,4,4,4,4,,
New York,Bronx,,General Surgery,1484440C0,3,3,3,3,3,3,3,3,3,3
New York,Bronx,Surgery-Preliminary,Transitional,1484999P0,13,13,13,13,13,10,13,13,13,13
New York,Long Island Community Hosp-NY,Patchogue,Internal Medicine,2412140C1,,,10,10,,,,,,
New York,Maimonides Med Ctr-NY,Brooklyn,Anesthesiology,1428040A0,,,,,,,,,9,9
New York,Maimonides Med Ctr-NY,Brooklyn,Anesthesiology,1428040C0,11,11,11,11,11,11,11,11,,
New York,Maimonides Med Ctr-NY,Brooklyn,Anesthesiology,1428040R0,,,,,,,1,1,1,1
New York,Emergency Medicine,,Internal Medicine,1428140C0,31,31,30,30,28,28,28,28,29,29
New York,Emergency Medicine,,Internal Medicine/ROAP,1428140C1,,,1,1,2,2,1,1,1,1
New York,Emergency Medicine,,Medicine-Preliminary,1428140P0,5,5,5,5,5,5,5,5,16,16
New York,Emergency Medicine,,Obstetrics-Gynecology,1428220C0,7,7,7,7,7,7,7,7,6,6
New York,Emergency Medicine,,Orthopaedic Surgery,1428260C0,4,4,3,3,3,3,3,3,3,3
New York,Emergency Medicine,Pediatrics,Psychiatry,1428400C0,9,9,10,10,10,10,9,9,11,11
New York,Emergency Medicine,Pediatrics,Radiology-Diagnostic,1428420A0,4,3,4,4,4,4,4,4,4,4
New York,Emergency Medicine,Pediatrics,Radiation Oncology,1428430A0,1,1,2,2,2,2,,,,
New York,Emergency Medicine,Pediatrics,Radiation Oncology,1428430R0,,,,,1,1,,,,
New York,General Surgery,,Surgery-Preliminary,1428440P0,3,3,2,2,2,2,2,2,4,4
New York,General Surgery,,Vascular Surgery,1428451C0,1,1,1,1,1,0,1,1,,
New York,New York,Radiation Oncology,Transitional,1466999P0,24,24,24,24,24,24,24,24,24,24
New York,Mohawk Valley Health Sys-NY,Utica,Family Medicine,2339120C0,11,11,10,10,,,,,,
New York,Obstetrics-Gynecology,,Psychiatry,2339400C0,4,4,4,4,4,4,4,4,,
New York,Obstetrics-Gynecology,,General Surgery,2339440C0,3,3,3,3,3,3,3,3,,
New York,Obstetrics-Gynecology,,Surgery-Preliminary,2339440P0,3,3,3,2,3,3,3,1,,
New York,Obstetrics-Gynecology,,Transitional,2339999P0,12,10,12,2,12,4,12,3,,
New York,Bronx,,Anesthesiology,3153040A0,6,6,6,6,6,6,6,6,6,6
New York,Bronx,,Anesthesiology,3153040C0,9,9,9,9,11,11,11,11,11,11
New York,Bronx,,Anesthesiology/Research,3153040C1,2,2,2,2,,,,,,
New York,Bronx,,Anesthesiology,3153040R0,2,2,2,2,,,,,,
New York,Bronx,Dermatology,Emergency Medicine/Jacobi,3153110C0,21,21,21,21,21,21,21,14,21,21
New York,Bronx,Dermatology,Family Medicine,3153120C0,10,10,10,10,10,8,10,10,10,10
New York,Montefiore Med Ctr/Einstein-NY,Bronx,Internal Medicine,3153140C0,39,39,39,39,39,39,39,39,39,39
New York,Montefiore Med Ctr/Einstein-NY,Bronx,Internal Med/Wakefield,3153140C3,23,23,23,23,23,23,23,23,23,23
New York,Med-Primary/Social Int Med,,Med-Prelim/Wakefield,3153140P3,3,3,3,3,4,4,4,4,8,4
New York,Med-Primary/Social Int Med,,Med-Prelim/Ophthalmology,3153140P4,,,,,5,5,5,5,5,5
New York,Med-Primary/Social Int Med,,Neurological Surgery,3153160C0,2,2,2,2,2,2,2,2,2,2
New York,Med-Primary/Social Int Med,,Neurology,3153180A0,3,3,3,3,3,3,3,3,3,3
New York,Med-Primary/Social Int Med,,Neurology,3153180C0,9,9,9,9,9,9,9,9,6,6
New York,Med-Primary/Social Int Med,Neurology,Child Neurology,3153185C0,2,2,2,2,2,2,2,2,2,2
New York,Med-Primary/Social Int Med,Neurology,Obstetrics-Gynecology,3153220C0,10,10,10,10,10,10,9,9,11,11
New York,Med-Primary/Social Int Med,Neurology,Ob-Gyn/Preliminary,3153220P0,1,0,1,0,1,0,2,0,2,0
New York,Med-Primary/Social Int Med,Neurology,Orthopaedic Surgery,3153260C0,7,7,7,7,6,6,6,6,6,6
New York,Otolaryngology,,Pathology,3153300C0,7,7,5,5,6,6,6,6,6,6
New York,Otolaryngology,,Pediatrics,3153320C0,23,23,23,23,23,23,23,13,23,23
New York,Otolaryngology,,Pediatrics/Research,3153320C1,1,1,1,1,1,0,1,1,,
New York,Otolaryngology,,Pediatrics-Primary/Social,3153320M0,4,4,4,4,4,4,4,4,4,4
New York,Otolaryngology,,Phys Medicine & Rehab,3153340A0,4,4,4,4,5,5,5,5,9,9
New York,Otolaryngology,Phys Medicine & Rehab,Phys Medicine & Rehab,3153340R0,,,,,,,1,1,,
New York,Otolaryngology,Phys Medicine & Rehab,Plastic Surgery (Integrated),3153362C0,2,2,2,2,2,2,2,2,2,2
New York,Otolaryngology,Phys Medicine & Rehab,Psychiatry,3153400C0,14,14,13,13,12,12,12,12,12,12
New York,Otolaryngology,Phys Medicine & Rehab,Interventional Radiology (Integ),3153416A0,2,2,2,2,2,2,2,2,2,2
New York,Otolaryngology,Phys Medicine & Rehab,Radiology-Diagnostic,3153420A0,7,7,7,7,7,7,7,7,7,7
New York,Radiation Oncology,,General Surgery,3153440C0,10,10,10,10,10,10,10,10,10,10
New York,Radiation Oncology,,Surgery-Preliminary,3153440P3,20,20,20,17,20,20,20,15,20,12
New York,Radiation Oncology,,Vascular Surgery,3153451C0,2,2,2,2,2,2,1,1,1,1
New York,Radiation Oncology,,Thoracic Surgery,3153461C0,1,1,2,2,2,2,2,2,1,1
New York,Newburgh,,Internal Medicine,2309140C0,18,18,20,20,12,12,13,13,13,13
New York,New Rochelle,Internal Medicine,Medicine-Preliminary,1459140P0,8,8,8,8,8,8,8,8,8,8
New York,NYMC-Lower Bucks Hospital-PA,Valhalla,Family Medicine,2476120C0,5,5,,,,,,,,
New York,Valhalla,,Anesthesiology,1473040C0,5,5,5,5,4,4,5,5,4,4
New York,Valhalla,,Anesthesiology,1473040R0,,,,,,,1,1,,
New York,Valhalla,Dermatology,Dermatology,1473080R0,1,1,,,,,,,,
New York,Valhalla,Dermatology,Emergency Medicine,1473110C0,12,12,12,12,12,12,13,11,12,12
New York,Valhalla,Dermatology,Internal Medicine,1473140C0,20,20,20,20,20,20,20,20,20,20
New York,NYMC-Metropolitan Hosp Ctr-NY,Valhalla,Medicine-Preliminary,1473140P0,7,7,7,6,6,6,6,6,6,6
New York,NYMC-Metropolitan Hosp Ctr-NY,Valhalla,Pediatrics,1473320C0,7,7,7,7,7,3,6,6,7,7
New York,Phys Medicine & Rehab,,Phys Medicine & Rehab,1473340R0,,,,,,,,,1,1
New York,Phys Medicine & Rehab,,Psychiatry,1473400C0,6,6,6,6,6,6,7,7,5,5
New York,Phys Medicine & Rehab,,General Surgery,1473440C0,6,6,5,5,5,5,4,4,4,4
New York,Phys Medicine & Rehab,,Surgery-Preliminary,1473440P0,6,6,6,6,5,5,6,6,6,5
New York,Valhalla,,Family Medicine/Osteopathic,2477120C0,4,4,,,,,,,,
New York,Valhalla,,Internal Medicine/Osteopathic,2477140C0,9,9,,,,,,,,
New York,Valhalla,,Med-Prelim/Osteopathic,2477140P0,3,3,,,,,,,,
New York,Valhalla,,Family Medicine,1525120C0,10,10,10,10,10,10,10,10,10,10
New York,Valhalla,,Psychiatry,1525400C0,4,4,4,4,4,4,4,4,,
New York,Brooklyn,,Emergency Medicine,1429110C0,13,13,13,13,13,13,13,12,14,14
New York,Brooklyn,,Internal Medicine,1429140C0,34,34,34,34,34,34,34,34,34,34
New York,Brooklyn,,Medicine-Preliminary,1429140P0,9,9,8,5,8,8,8,8,8,8
New York,Brooklyn,,Obstetrics-Gynecology,1429220C0,4,4,4,4,4,4,4,4,4,4
New York,Brooklyn,Ob-Gyn/Preliminary,Pediatrics,1429320C0,9,,10,10,10,5,11,11,10,
New York,Brooklyn,Ob-Gyn/Preliminary,Radiation Oncology,1429430A0,,,1,0,2,2,1,1,,
New York,Brooklyn,Ob-Gyn/Preliminary,Radiation Oncology,1429430R0,1,1,,,,,,,,
New York,Brooklyn,Ob-Gyn/Preliminary,General Surgery,1429440C0,3,3,3,3,3,3,3,3,3,3
New York,Brooklyn,Ob-Gyn/Preliminary,Surgery-Preliminary,1429440P0,5,3,5,5,5,1,5,5,5,3
New York,NYP Hosp-Columbia & Cornell-NY,New York,Emergency Medicine,1409110C0,21,21,21,21,21,21,21,21,12,12
New York,NYP Hosp-Columbia & Cornell-NY,New York,Otolaryngology,1409280C0,4,4,4,4,4,4,4,4,4,4
New York,NYP Hosp-Columbia & Cornell-NY,New York,Phys Medicine & Rehab,1409340A0,8,8,8,8,8,8,8,8,8,8
New York,NYP Hosp-Columbia Univ Med,New York,Anesthesiology,1495040C0,25,25,24,24,24,24,24,24,24,24
New York,NYP Hosp-Columbia Univ Med,New York,Anesthesiology/Apgar Research,1495040C1,1,1,2,2,2,2,2,2,2,2
New York,NYP Hosp-Columbia Univ Med,New York,Dermatology,1495080A0,5,5,4,4,3,3,5,5,4,4
New York,Dermatology,,Family Medicine,1495120C0,6,6,6,6,6,6,6,6,6,6
New York,Dermatology,,Internal Medicine,1495140C0,44,44,44,44,44,44,44,44,44,44
New York,Dermatology,,Neurological Surgery,1495160C0,3,3,2,2,3,3,3,3,3,3
New York,Dermatology,,Neurology,1495180C0,10,10,11,11,10,10,10,10,10,10
New York,Dermatology,,Neurology,1495180R0,,,1,1,,,,,,
New York,Dermatology,Child Neurology,Child Neurology,1495185R1,1,1,,,,,,,1,0
New York,Dermatology,Child Neurology,Obstetrics-Gynecology,1495220C0,6,6,6,6,6,6,6,6,6,6
New York,NYP Hosp-Columbia Univ Med,New York,Orthopaedic Surgery,1495260C0,5,5,5,5,5,5,5,5,5,5
New York,NYP Hosp-Columbia Univ Med,New York,Ortho Surgery/Research COR 6 yr,1495260C2,1,1,1,1,1,1,1,1,1,1
New York,Pathology,,Pediatrics,1495320C0,28,28,28,28,25,25,24,23,24,24
New York,Pathology,,Pediatrics/Physician Scientist,1495320C2,1,1,1,0,1,1,1,1,1,1
New York,Pathology,,Psychiatry,1495400C0,12,12,12,12,12,12,12,12,10,10
New York,Pathology,,Psychiatry/Research,1495400C3,,,,,,,,,2,2
New York,Pathology,,Interventional Radiology (Integ),1495416A0,2,2,2,2,2,2,2,2,2,2
New York,Pathology,Radiology-Diagnostic,Radiation Oncology,1495430A0,2,2,2,2,2,2,2,2,1,1
New York,Pathology,Radiology-Diagnostic,General Surgery,1495440C0,7,7,7,7,7,7,7,7,7,7
New York,Pathology,Radiology-Diagnostic,Surg-Prelim/Oral Surgery,1495440P0,2,2,2,2,2,2,2,2,2,2
New York,Pathology,Radiology-Diagnostic,Surgery-Preliminary,1495440P2,5,5,4,4,4,4,4,1,5,0
New York,Thoracic Surgery,,Pediatrics-Medical Genetics,1495765C0,,,1,1,,,,,1,1
New York,New York,,Anesthesiology,1492040C0,19,19,18,18,19,19,19,19,18,18
New York,New York,Anesth/Research Scholars,Anesthesiology,1492040R0,2,2,2,2,2,2,4,3,2,2
New York,New York,Anesth/Research Scholars,Dermatology,1492080A0,4,4,4,4,5,5,4,4,4,4
New York,New York,Anesth/Research Scholars,Internal Medicine,1492140C0,36,36,37,37,35,35,37,37,36,36
New York,New York,Anesth/Research Scholars,Internal Med/Research,1492140C1,5,5,5,5,5,5,5,5,5,5
New York,New York,Anesth/Research Scholars,Medicine-Primary,1492140M0,4,4,4,4,4,4,4,4,4,4
New York,Neurological Surgery,,Neurology,1492180C0,9,9,9,9,9,9,9,9,8,8
New York,Neurological Surgery,,Child Neurology,1492185C0,1,1,1,1,,,1,1,1,1
New York,Neurological Surgery,,Child Neurology,1492185R0,1,1,,,,,,,,
New York,Neurological Surgery,,Obstetrics-Gynecology,1492220C0,6,6,6,6,6,6,7,7,7,7
New York,Neurological Surgery,,Ob-Gyn/Preliminary,1492220P0,1,0,1,0,1,1,,,,
New York,Neurological Surgery,Pathology,Pediatrics,1492320C0,18,18,18,18,20,20,19,19,18,18
New York,Neurological Surgery,Pathology,Pediatrics/Gen Phys Sci Path,1492320C1,2,2,2,2,1,1,1,1,2,2
New York,Neurological Surgery,Pathology,Plastic Surgery (Integrated),1492362C0,3,3,3,3,2,2,2,2,2,2
New York,Neurological Surgery,Pathology,Psych/Payne Whitney,1492400C0,10,10,10,10,10,10,10,10,11,11
New York,Interventional Radiology (Integ),,Radiology-Diagnostic,1492420A0,7,,7,7,7,7,7,7,6,
New York,Interventional Radiology (Integ),,General Surgery,1492440C0,8,8,8,8,8,8,8,8,8,8
New York,Interventional Radiology (Integ),,Surgery-Preliminary,1492440P0,5,2,5,5,5,4,5,5,5,5
New York,Mineola,,Emergency Medicine,1455110C0,6,6,6,6,6,6,6,6,,
New York,Mineola,,Internal Medicine,1455140C0,17,17,16,16,20,20,16,16,18,18
New York,Mineola,,Internal Medicine/GLISOM Trk,1455140C1,5,5,6,6,2,2,6,6,4,4
New York,Mineola,,Internal Medicine/Suffolk,1455140C2,10,10,,,,,,,,
New York,Mineola,,Medicine-Preliminary,1455140P0,7,4,13,13,16,16,16,14,16,16
New York,Mineola,Med-Prelim/Neurology-LI-Long Island,Med-Prelim/Neurology-LI-BKLN,1455140P2,1,1,,,,,,,,
New York,Mineola,Med-Prelim/Neurology-LI-Long Island,Med-Prelim/Neurology-LI-MAN,1455140P3,3,3,,,,,,,,
New York,Mineola,Med-Prelim/Neurology-LI-Long Island,Med-Prelim/Anesthesiology-LI,1455140P4,2,2,,,,,,,,
New York,Mineola,Med-Prelim/Neurology-LI-Long Island,Neurology,1455180A0,3,3,3,3,3,3,,,,
New York,Mineola,Med-Prelim/Neurology-LI-Long Island,Obstetrics-Gynecology,1455220C0,4,4,5,5,5,5,5,5,4,4
New York,Mineola,,Orthopaedic Surgery,1455260C0,4,4,4,4,3,3,3,3,3,3
New York,Mineola,,Pathology,1455300C0,2,2,2,2,3,3,2,2,2,2
New York,Mineola,Pediatrics,Pediatrics/LISOM Trk,1455320C1,1,1,,,2,2,,,1,1
New York,Mineola,Pediatrics,General Surgery,1455440C0,5,5,5,5,3,3,4,4,5,5
New York,Mineola,Pediatrics,General Surgery/LISOM Trk,1455440C1,,,,,2,2,1,1,,
New York,Mineola,Pediatrics,Surgery-Preliminary,1455440P0,5,3,5,1,5,2,5,3,5,3
New York,NYU Grossman School Of Medicine-NY,New York,Anesthesiology/NYU Man,2978040A0,22,22,20,20,22,22,22,22,22,22
New York,NYU Grossman School Of Medicine-NY,New York,Anesthesiology/NYU Bkln,2978040A1,7,7,7,7,7,7,7,7,6,6
New York,NYU Grossman School Of Medicine-NY,New York,Anesthesiology/NYU LI,2978040A3,3,3,3,3,3,3,,,,
New York,NYU Grossman School Of Medicine-NY,New York,Anesthesiology,2978040R0,4,4,4,4,4,4,5,5,2,2
New York,Anesthesiology/LI,,Dermatology,2978080A0,6,6,7,7,6,6,6,6,8,8
New York,Anesthesiology/LI,,Dermatology/3-yr MD Path,2978080A2,2,2,,,2,2,2,2,1,1
New York,Anesthesiology/LI,,Dermatology/Pediatric,2978080C1,1,1,1,1,,,,,,
New York,Anesthesiology/LI,,Emergency Medicine,2978110C0,17,17,18,18,17,17,17,17,18,18
New York,Anesthesiology/LI,Emergency Med/3-yr MD Path,Int Med/Bellevue,2978140C0,22,22,28,28,26,26,28,28,24,24
New York,Anesthesiology/LI,Emergency Med/3-yr MD Path,Int Med/Research Pathway,2978140C1,1,1,,,,,,,,
New York,Anesthesiology/LI,Emergency Med/3-yr MD Path,Int Med/Clin Invest Track,2978140C2,10,10,9,9,9,9,6,6,8,8
New York,Anesthesiology/LI,Emergency Med/3-yr MD Path,Int Med/NYU-Langone,2978140C3,7,7,8,8,7,7,10,10,12,12
New York,Anesthesiology/LI,Emergency Med/3-yr MD Path,Int Med/3-yr MD Path,2978140C4,6,6,,,,,,,2,2
New York,Int Med/3-yr MD Path Clin Invest,,IM/3-yr MD Path Tisch-Kimmel,2978140C6,1,1,2,2,3,3,2,2,,
New York,Int Med/3-yr MD Path Clin Invest,,Int Med/NYU Brooklyn Comm Hlth,2978140C7,10,10,10,10,10,10,10,10,,
New York,Int Med/3-yr MD Path Clin Invest,,Int Med/Research Path-Heme Onc,2978140C9,1,1,1,1,,,,,,
New York,Int Med/3-yr MD Path Clin Invest,,Medicine-Primary/NYU Man,2978140M0,7,7,8,8,8,8,7,7,8,8
New York,Int Med/3-yr MD Path Clin Invest,,Medicine-Primary/NYU Bkln,2978140M1,,,,,,,,,10,10
New York,Int Med/3-yr MD Path Clin Invest,Med-Primary/3 yr MD Path Man,Med-Prelim/NYU Man,2978140P0,5,5,1,1,1,1,1,1,1,1
New York,Int Med/3-yr MD Path Clin Invest,Med-Primary/3 yr MD Path Man,Med-Prelim/Neurology NYU Man,2978140P1,10,10,11,11,11,11,9,9,9,9
New York,Int Med/3-yr MD Path Clin Invest,Med-Primary/3 yr MD Path Man,Med-Prelim/Anesthesia NYU Man,2978140P2,4,4,5,5,3,3,3,3,8,8
New York,Int Med/3-yr MD Path Clin Invest,Med-Primary/3 yr MD Path Man,Med-Prelim/NYU Bkln,2978140P3,1,1,2,2,2,2,6,6,1,1
New York,Med-Prelim/Neurology NYU Bkln,,Med-Prelim/Anesthesia NYU Bkln,2978140P5,4,,3,3,4,4,1,1,4,
New York,Med-Prelim/Neurology NYU Bkln,,Med-Prelim/3-yr MD Path Man,2978140P6,3,3,1,1,4,4,7,7,3,3
New York,Med-Prelim/Neurology NYU Bkln,,Med-Prelim/3-yr MD Path Neuro Man,2978140P7,,,,,,,1,1,,
New York,Med-Prelim/Neurology NYU Bkln,,Med-Prelim/3-yr MD Path Anes Man,2978140P8,,,2,2,,,,,,
New York,Med-Prelim/Neurology NYU Bkln,,Neurological Surgery,2978160C0,3,3,1,1,3,3,3,3,3,3
New York,Med-Prelim/Neurology NYU Bkln,Neurology/NYU Man,Neurology/NYU Bkln,2978180A1,7,7,7,7,5,5,5,5,5,5
New York,Med-Prelim/Neurology NYU Bkln,Neurology/NYU Man,Neurology/3-yr MD Path NYU Man,2978180A2,,,,,,,1,1,,
New York,Med-Prelim/Neurology NYU Bkln,Neurology/NYU Man,Neurology/NYU Man,2978180R0,,,1,1,,,,,1,1
New York,Med-Prelim/Neurology NYU Bkln,Neurology/NYU Man,Child Neurology,2978185C0,3,3,3,3,3,3,1,1,2,2
New York,Med-Prelim/Neurology NYU Bkln,Neurology/NYU Man,Child Neurology/3-yr MD Path,2978185C1,,,,,,,1,1,,
New York,Child Neurology,,Obstetrics-Gynecology,2978220C0,8,8,9,9,9,9,10,10,9,9
New York,Child Neurology,,Ob-Gyn/3-yr MD Path,2978220C1,2,2,1,1,1,1,,,1,1
New York,Child Neurology,,Orthopaedic Surgery,2978260C0,16,16,12,12,11,11,12,12,11,11
New York,Child Neurology,,Ortho Surgery/3-yr MD Path,2978260C1,,,2,2,3,3,2,2,3,3
New York,Child Neurology,,Otolaryngology,2978280C0,3,3,3,3,4,4,4,4,3,3
New York,Child Neurology,Otolaryngology/3-yr MD Path,Pathology,2978300C0,4,4,6,6,6,6,7,7,7,7
New York,NYU Grossman School Of Medicine-NY,New York,Pathology/3-yr MD Path,2978300C2,,,,,1,1,,,,
New York,NYU Grossman School Of Medicine-NY,New York,Pathology-Anatomic/Neuropathology,2978300C4,1,1,,,,,,,,
New York,Pediatrics,,Pediatrics/3-yr MD Path,2978320C1,1,1,1,1,,,1,1,,
New York,Pediatrics,,Phys Medicine & Rehab,2978340A0,12,12,12,12,12,12,11,11,12,12
New York,Pediatrics,,Phys Med & Rehab/3-yr MD Path,2978340A1,,,,,,,1,1,,
New York,Pediatrics,,Plastic Surgery (Integrated),2978362C0,4,4,5,5,3,3,3,3,4,4
New York,Pediatrics,,Plastic Surg (Integ)/3-yr MD Path,2978362C1,1,1,,,1,1,1,1,,
New York,Pediatrics,Psychiatry,Psychiatry/Research/MDPhD,2978400C1,2,2,2,2,2,2,2,2,3,1
New York,Pediatrics,Psychiatry,Psychiatry/Child/Research,2978400C2,,,,,1,0,1,1,1,1
New York,Pediatrics,Psychiatry,Psychiatry/3yr MD,2978400C3,3,3,2,2,1,1,1,1,,
New York,Pediatrics,Psychiatry,Interventional Radiology (Integ),2978416A0,3,3,2,2,3,3,2,2,2,2
New York,Radiology-Diagnostic,,Radiology-Diag/3-Yr MD Path,2978420A1,1,1,1,1,2,2,3,3,2,2
New York,Radiology-Diagnostic,,Radiation Oncology,2978430A0,3,3,2,2,3,3,1,1,3,3
New York,Radiology-Diagnostic,,Radiation Oncology/3-Yr MD Path,2978430A1,,,,,,,1,1,,
New York,Radiology-Diagnostic,,General Surgery/NYU Man,2978440C0,6,6,7,7,7,7,8,8,7,7
New York,Radiology-Diagnostic,,General Surgery/NYU Bkln,2978440C1,3,3,3,3,3,2,3,3,3,3
New York,Radiology-Diagnostic,Gen Surgery/3-yr MD Path Man,Surg-Prelim/NYU Man,2978440P0,8,8,6,6,4,4,6,5,4,4
New York,Radiology-Diagnostic,Gen Surgery/3-yr MD Path Man,Surg-Prelim/Int Radiology,2978440P2,,,2,2,2,2,,,1,1
New York,Radiology-Diagnostic,Gen Surgery/3-yr MD Path Man,Vascular Surgery,2978451C0,1,1,1,1,1,1,1,1,1,1
New York,Radiology-Diagnostic,Gen Surgery/3-yr MD Path Man,Thoracic Surgery,2978461C0,1,1,1,1,2,2,1,1,1,1
New York,Radiology-Diagnostic,Gen Surgery/3-yr MD Path Man,Thoracic Surgery/ 3-yr MD Path,2978461C1,1,1,1,1,,,,,,
New York,East Meadow,,Emergency Medicine,1448110C0,7,3,7,5,6,2,5,0,5,5
New York,East Meadow,,Internal Medicine,1448140C0,26,7,26,26,25,25,26,25,26,15
New York,East Meadow,Medicine-Preliminary,Med-Prelim/Ophthalmology,1448140P1,4,4,4,4,4,4,4,4,4,4
New York,East Meadow,Medicine-Preliminary,Obstetrics-Gynecology,1448220C0,4,4,4,4,4,4,4,4,4,3
New York,East Meadow,Medicine-Preliminary,Ob-Gyn/Preliminary,1448220P0,1,1,1,0,1,1,1,0,1,0
New York,East Meadow,Medicine-Preliminary,Orthopaedic Surgery,1448260C0,3,3,2,2,3,3,2,2,2,2
New York,Pediatrics,,Phys Medicine & Rehab,1448340A0,4,,5,5,4,4,4,4,5,
New York,Pediatrics,,Plastic Surgery (Integrated),1448362C0,,,,,1,1,1,1,1,1
New York,Pediatrics,,Psychiatry,1448400C0,6,6,7,7,8,8,7,7,7,7
New York,Pediatrics,,Psychiatry/CAP 5 yr,1448400C1,3,2,3,3,3,3,3,3,2,2
New York,Pediatrics,,Radiology-Diagnostic,1448420A0,4,3,4,1,4,4,4,4,4,4
New York,Pediatrics,General Surgery,Surgery-Preliminary,1448440P0,7,1,7,6,7,1,7,1,7,3
New York,Pediatrics,General Surgery,Transitional,1448999P0,10,10,9,9,10,10,10,8,10,6
New York,Pediatrics,General Surgery,Transitional/PM&R,1448999P1,,,1,1,,,,,,
New York,New York Institute Technology,Old Westbury,Family Medicine,2314120C0,7,4,7,5,7,5,7,7,7,7
New York,New York-Presbyterian/Queens,Flushing,Emergency Medicine,1822110C0,10,10,10,10,9,9,9,9,9,9
New York,New York-Presbyterian/Queens,Flushing,Internal Medicine,1822140C0,18,18,18,18,18,18,18,18,18,18
New York,New York-Presbyterian/Queens,Flushing,Medicine-Preliminary,1822140P0,6,5,6,6,6,6,6,6,6,6
New York,General Surgery,,Surgery-Preliminary,1822440P0,5,0,6,0,6,1,6,1,6,0
New York,Niagara Falls,,Family Medicine,2205120C0,4,4,4,4,4,4,4,4,4,4
New York,Poughkeepsie,,Anesthesiology/VBMC,2183040C0,,,6,6,6,6,6,6,6,6
New York,Poughkeepsie,,Emergency Medicine/VBMC,2183110C0,,,10,10,10,9,10,6,10,5
New York,Poughkeepsie,,Family Medicine/N Dutchess,2183120C0,,,6,6,8,8,8,4,8,7
New York,Poughkeepsie,Family Med/Rural New Milford,Internal Medicine/VBMC,2183140C0,,,25,25,25,25,25,25,25,25
New York,Poughkeepsie,Family Med/Rural New Milford,Internal Medicine/Norwalk,2183140C1,,,15,15,,,,,,
New York,Poughkeepsie,Family Med/Rural New Milford,Internal Medicine/Danbury,2183140C2,,,17,17,,,,,,
New York,Poughkeepsie,Family Med/Rural New Milford,Neurology/VBMC,2183180C0,,,5,5,5,5,5,5,5,5
New York,Poughkeepsie,Family Med/Rural New Milford,Obstetrics-Gynecology/Danbury,2183220C1,,,3,3,,,,,,
New York,Pathology/Danbury,,Psychiatry/Putnam,2183400C0,,,8,8,8,8,8,8,9,9
New York,Pathology/Danbury,,Radiology-Diagnostic/Norwalk,2183420A0,,,3,3,,,,,,
New York,Pathology/Danbury,,Radiology-Diagnostic/Norwalk,2183420R0,,,1,1,,,,,,
New York,Pathology/Danbury,,General Surgery/VBMC,2183440C0,,,3,3,3,3,3,3,3,3
New York,Pathology/Danbury,General Surgery/Danbury,Surgery-Prelim/Danbury,2183440P0,,,3,1,,,,,,
New York,Pathology/Danbury,General Surgery/Danbury,Transitional/VBMC,2183999P0,,,4,4,4,4,4,4,4,1
New York,Emergency Medicine,,Psychiatry,1419400C0,8,8,9,9,7,5,6,6,7,7
New York,Emergency Medicine,,General Surgery,1419440C0,3,3,4,4,3,3,3,3,3,3
New York,Emergency Medicine,,Surgery-Preliminary,1419440P0,11,0,12,6,9,1,9,2,9,3
New York,Brooklyn,,Psychiatry,1425400C0,5,5,5,5,9,9,8,8,5,5
New York,Brooklyn,,Orthopaedic Surgery,1476260C0,2,2,2,2,2,1,2,2,,
New York,Brooklyn,Phys Medicine & Rehab,Phys Medicine & Rehab,1476340R0,,,,,,,1,1,1,1
New York,Our Lady Of Lourdes-NY,Binghamton,Family Medicine,2185120C0,10,10,10,10,10,10,10,10,10,10
New York,Staten Island,,Internal Medicine,1514140C0,12,12,12,12,12,8,12,12,12,11
New York,Staten Island,,Medicine-Preliminary,1514140P0,14,5,14,7,14,3,14,4,14,4
New York,Staten Island,Obstetrics-Gynecology,Pediatrics,1514320C0,6,6,6,6,6,5,6,6,6,6
New York,Staten Island,Obstetrics-Gynecology,Psychiatry,1514400C0,7,7,5,5,6,6,7,7,6,6
New York,Staten Island,Obstetrics-Gynecology,Radiology-Diagnostic,1514420A0,2,2,2,2,2,2,2,2,2,2
New York,Rochester Gen Hosp-NY,Rochester,Radiology-Diagnostic,1509420R0,,,,,,,,,1,1
New York,Rochester Regional Health-NY,Rochester,Family Medicine/RGH,1509120C0,6,6,6,4,5,5,5,4,5,4
New York,Internal Medicine/RGH,,Internal Medicine/Unity,1509140C1,16,16,,,,,,,,
New York,Internal Medicine/RGH,,Obstetrics-Gynecology/RGH,1509220C0,5,5,5,5,5,5,5,5,5,5
New York,Internal Medicine/RGH,,Phys Medicine & Rehab/Unity,1509340C0,3,3,,,,,,,,
New York,Internal Medicine/RGH,,Psychiatry/RGH,1509400C0,4,4,4,4,4,4,4,4,4,4
New York,Internal Medicine/RGH,,Intervent Radiology (Integ)/RGH,1509416A0,2,1,2,2,3,1,2,2,2,2
New York,Rochester Regional Health/Unity,Rochester,Internal Medicine,1510140C0,,,16,16,16,16,16,16,16,16
New York,Medicine-Preliminary,,Phys Medicine & Rehab,1510340A0,,,3,3,,,3,1,3,
New York,Medicine-Preliminary,,Phys Medicine & Rehab,1510340R0,,,,,,,,,3,3
New York,Brooklyn,Anesthesiology,Anesthesiology,1426040R0,5,5,4,4,4,4,4,4,4,4
New York,Brooklyn,Anesthesiology,Dermatology,1426080A0,8,8,8,8,7,7,8,8,8,8
New York,Brooklyn,Anesthesiology,Dermatology,1426080R0,1,1,,,,,,,,
New York,Brooklyn,Anesthesiology,Emergency Medicine,1426110C0,19,19,19,19,16,16,18,18,21,21
New York,Brooklyn,Anesthesiology,Emergency Med/International,1426110C1,,,1,0,,,,,,
New York,Family Medicine,,Internal Medicine,1426140C0,54,54,53,53,42,42,57,57,47,47
New York,Family Medicine,,Medicine-Primary,1426140M0,12,12,12,12,12,12,12,12,12,12
New York,Family Medicine,,Medicine-Preliminary,1426140P0,12,12,7,7,10,10,10,10,8,8
New York,Family Medicine,,Med-Prelim/Ophthalmology,1426140P3,,,,,,,,,2,2
New York,Family Medicine,,Neurology,1426180A0,,,,,,,,,1,0
New York,Family Medicine,Neurology,Child Neurology,1426185C0,2,2,2,2,2,2,2,2,2,2
New York,Family Medicine,Neurology,Child Neurology,1426185R0,1,0,1,0,,,,,,
New York,Family Medicine,Neurology,Obstetrics-Gynecology,1426220C0,6,6,6,6,6,6,6,6,6,6
New York,Family Medicine,Neurology,Orthopaedic Surgery,1426260C0,6,6,6,6,6,6,6,6,6,6
New York,Family Medicine,Neurology,Otolaryngology,1426280C0,3,3,3,3,3,3,3,3,3,3
New York,Pathology,,Pediatrics,1426320C0,12,12,26,25,26,26,27,27,26,26
New York,Pathology,,Phys Medicine & Rehab,1426340A0,6,6,6,6,6,6,6,6,6,6
New York,Pathology,,Psychiatry,1426400C0,12,12,12,12,12,12,12,12,13,13
New York,Brooklyn,,Radiology-Diagnostic,1426420A0,8,7,8,8,8,8,8,8,8,8
New York,Brooklyn,,Radiation Oncology,1426430A0,,,,,,,,,2,0
New York,Brooklyn,General Surgery,Surgery-Preliminary,1426440P0,12,12,12,6,12,4,15,8,12,10
New York,Brooklyn,General Surgery,Emergency Med/Internal Med,1426705C0,4,3,4,4,3,3,4,4,4,4
New York,Anesthesiology,,Med-Prelim/PM&R,1516140P3,,,,,,,,,1,1
New York,Anesthesiology,,Phys Medicine & Rehab,1516340A0,,,,,,,,,6,6
New York,Anesthesiology,,Phys Medicine & Rehab,1516340R0,,,,,,,1,1,,
New York,Anesthesiology,,Psychiatry/Rural-Watertown,1516400C1,,,,,1,1,1,1,,
New York,Anesthesiology,,Psychiatry/Rural-EPC,1516400C10,,,,,,,2,2,,
New York,Anesthesiology,Psychiatry/Rural-HPC,Psychiatry/Rural-CDPC,1516400C9,,,,,,,2,2,,
New York,SUNY Upstate Med University-NY,Syracuse,Anesthesiology,1516040C0,11,11,11,11,11,11,11,11,11,11
New York,Emergency Medicine,,Family Medicine,1516120C0,6,6,6,6,6,6,6,6,6,6
New York,Emergency Medicine,,Family Med/Rural-Auburn,1516120C1,2,2,2,2,2,2,2,2,,
New York,Emergency Medicine,,Internal Medicine,1516140C0,35,35,34,34,36,36,35,35,35,35
New York,Emergency Medicine,,Internal Medicine/Hospitalist,1516140C1,11,11,11,11,,,,,,
New York,Emergency Medicine,Medicine-Preliminary,Med-Prelim/Radiology,1516140P4,5,5,4,4,2,2,3,3,6,6
New York,Emergency Medicine,Medicine-Preliminary,Neurological Surgery,1516160C0,2,2,2,2,1,1,2,2,2,2
New York,Emergency Medicine,Medicine-Preliminary,Neurology,1516180C0,9,9,9,9,9,9,8,8,9,9
New York,Emergency Medicine,Medicine-Preliminary,Neurology,1516180R0,,,1,1,1,1,,,,
New York,Emergency Medicine,Medicine-Preliminary,Obstetrics-Gynecology,1516220C0,5,5,5,5,5,5,5,5,5,5
New York,Orthopaedic Surgery,,Otolaryngology,1516280C0,3,3,3,3,3,3,3,3,3,3
New York,Orthopaedic Surgery,,Pathology,1516300C0,4,4,4,4,3,3,3,3,5,5
New York,Orthopaedic Surgery,,Pediatrics,1516320C0,13,13,15,15,15,15,15,15,15,10
New York,Orthopaedic Surgery,,Pediatrics/3-yr MD Path,1516320C1,2,2,,,,,,,,
New York,Orthopaedic Surgery,,Phys Medicine & Rehab,1516340C0,6,6,6,6,6,6,6,6,,
New York,Orthopaedic Surgery,Psychiatry,Psychiatry/Rural-BPC,1516400C11,2,2,,,2,1,,,,
New York,Orthopaedic Surgery,Psychiatry,Psych/Rural-SLPC,1516400C6,,,1,1,,,,,,
New York,Orthopaedic Surgery,Psychiatry,Psychiatry/Rural-GBHC,1516400C7,,,1,1,,,,,2,2
New York,Orthopaedic Surgery,Psychiatry,Radiology-Diagnostic,1516420A0,7,7,6,6,7,7,7,7,7,7
New York,Radiation Oncology,,General Surgery,1516440C0,6,6,6,6,6,6,5,5,5,5
New York,Radiation Oncology,,Surgery-Preliminary,1516440P0,6,1,6,0,6,1,6,1,,
New York,Watertown,Family Medicine,Internal Medicine,2024140C0,2,2,2,1,2,2,2,1,2,2
New York,South Brooklyn Health-NY,Brooklyn,Anesthesiology,1422040A0,3,3,,,,,,,,
New York,South Brooklyn Health-NY,Brooklyn,Emergency Medicine,1422110C0,4,4,6,6,6,1,4,0,4,4
New York,Internal Medicine,,Obstetrics-Gynecology,1422220C0,2,2,3,3,3,3,3,3,3,3
New York,Internal Medicine,,General Surgery,1422440C0,3,3,3,3,3,3,,,,
New York,Internal Medicine,,Transitional/Ophthalmology,1422999P1,8,8,8,8,8,8,8,8,6,6
New York,Internal Medicine,,Transitional/Anesthesiology,1422999P2,3,1,,,,,,,,
New York,Bronx,,Dermatology,3113080A0,1,1,1,1,1,1,1,1,1,1
New York,Bronx,,Emergency Medicine/Osteopathic,3113110C0,15,15,15,15,15,11,15,5,15,7
New York,Bronx,,Orthopaedic Surgery,3113260C0,2,2,,,,,,,,
New York,Bronx,,Osteo Neuromusculo Med,3113275C0,4,2,4,1,4,0,4,1,4,4
New York,Bronx,Pediatrics,General Surgery,3113440C0,4,4,4,4,4,4,4,4,3,3
New York,St Elizabeth Med Ctr-NY,Utica,Family Medicine,3064120C0,,,,,10,10,10,10,10,10
New York,St Johns Riverside Hospital-NY,Yonkers,Emergency Medicine,1897110C0,10,10,10,10,10,9,10,0,10,7
New York,St Johns Riverside Hospital-NY,Yonkers,Internal Medicine,1897140C0,9,9,9,9,9,8,9,9,9,9
New York,Syracuse,,Family Medicine,1518120C0,13,13,12,12,14,14,14,14,14,14
New York,Syracuse,,Transitional,1518999P0,6,6,6,6,6,6,6,6,6,5
New York,Stony Brook,,Anesthesiology,2919040C0,11,11,12,12,13,13,10,10,11,11
New York,Stony Brook,,Anesthesiology/3-yr MD Path,2919040C1,1,1,,,,,2,2,,
New York,Stony Brook,,Anesthesiology,2919040R1,,,,,,,1,1,,
New York,Stony Brook,Dermatology,Dermatology/3-yr MD Path,2919080A1,,,1,1,,,,,,
New York,Stony Brook,Dermatology,Emergency Medicine,2919110C0,16,14,16,16,14,14,15,14,15,15
New York,Stony Brook,Dermatology,Emergency Medicine/3-yr MD Path,2919110C1,,,,,2,2,1,1,1,1
New York,Stony Brook,Dermatology,Family Medicine,2919120C0,7,7,7,7,7,7,7,7,7,7
New York,Stony Brook,Dermatology,Internal Medicine,2919140C0,29,29,31,31,31,31,30,30,32,32
New York,Internal Med/Southampton,,Internal Medicine/3-yr MD Path,2919140C3,2,2,,,1,1,1,1,,
New York,Internal Med/Southampton,,Medicine-Primary,2919140M0,2,2,2,2,1,1,2,2,1,1
New York,Internal Med/Southampton,,Neurological Surgery,2919160C0,1,1,2,2,1,1,1,1,1,1
New York,Internal Med/Southampton,,Neurology,2919180C0,7,7,7,7,6,6,6,6,5,5
New York,Internal Med/Southampton,,Neurology/3-yr MD Path,2919180C1,,,,,,,,,1,1
New York,Internal Med/Southampton,Child Neurology,Obstetrics-Gynecology,2919220C0,5,5,5,5,5,5,5,5,5,5
New York,Internal Med/Southampton,Child Neurology,Orthopaedic Surgery,2919260C0,4,4,5,5,5,5,4,4,5,5
New York,Stony Brook Teach Hosps-NY,Stony Brook,Orthopaedic Surgery/3-yr MD Path,2919260C2,1,1,,,,,1,1,,
New York,Stony Brook Teach Hosps-NY,Stony Brook,Otolaryngology,2919280C1,1,1,1,1,1,1,1,1,1,1
New York,Pathology,,Pediatrics,2919320C0,12,4,12,11,11,10,11,11,12,12
New York,Pathology,,Pediatrics/3-yr MD Path,2919320C1,,,,,1,1,1,1,,
New York,Pathology,,Phys Medicine & Rehab,2919340A0,3,3,3,3,3,3,3,3,3,3
New York,Pathology,,Plastic Surgery (Integrated),2919362C0,1,1,1,1,,,,,,
New York,Pathology,,Public Health & Preventive Med/2yr-MPH,2919380A0,,,1,0,,,,,,
New York,Pathology,Available,Public Health & Preventive Med/2yr-MPH,2919380R0,4,2,4,2,,,,,,
New York,Available,,Psychiatry,2919400C0,5,5,5,5,5,5,6,6,6,6
New York,Available,,Psychiatry/Comb Adult/Child,2919400C2,2,2,2,2,2,2,1,1,2,2
New York,Available,,Psychiatry/ELIH,2919400C3,5,5,5,5,5,5,5,5,5,5
New York,Available,,Psychiatry/3-yr MD Path,2919400C4,1,1,,,,,1,1,,
New York,Available,Psychiatry/Research,Radiology-Diagnostic,2919420A0,4,4,4,4,5,5,4,4,7,7
New York,Available,Psychiatry/Research,Radiology-Diag/3-yr MD Path,2919420A2,3,3,2,2,1,1,2,2,,
New York,Available,Psychiatry/Research,Radiation Oncology,2919430A0,1,1,1,0,1,1,1,1,1,0
New York,Available,Psychiatry/Research,General Surgery/Combined,2919440C2,7,7,5,5,7,7,7,7,7,7
New York,General Surgery/3-yr MD Path,,Surg-Prelim/Combined,2919440P3,8,3,8,7,8,5,8,4,9,9
New York,General Surgery/3-yr MD Path,,Vascular Surgery,2919451C0,1,1,1,1,1,1,1,1,1,1
New York,General Surgery/3-yr MD Path,,Medicine-Pediatrics,2919700C0,3,3,3,3,3,3,3,3,2,2
New York,General Surgery/3-yr MD Path,,Medicine-Pediatrics/3-yr MD Path,2919700C1,,,,,,,,,1,1
New York,General Surgery/3-yr MD Path,,Transitional/Southhampton,2919999P1,8,7,8,8,10,5,7,7,12,12
New York,General Surgery/3-yr MD Path,Transitional/Ophthalmology,Transitional/3-yr MD Path,2919999P3,3,3,3,3,1,1,2,2,,
New York,General Surgery/3-yr MD Path,Transitional/Ophthalmology,Transitional/Radiology,2919999P4,1,1,1,1,1,1,3,3,,
New York,Rochester,,Pathology-Anatomic,1511300C1,,,,,1,1,,,,
New York,Rochester,,Phys Medicine & Rehab,1511340R0,,,,,,,1,1,,
New York,Norwich,,Family Medicine,2468120C0,2,0,,,,,,,,
New York,Johnson City,,Family Medicine,1452120C0,9,3,9,9,9,7,9,9,9,5
New York,Johnson City,,Internal Medicine,1452140C0,14,14,14,14,14,14,13,13,12,12
New York,Johnson City,,Medicine-Preliminary,1452140P0,2,0,2,2,2,2,5,5,4,4
New York,Johnson City,,Psychiatry,1452400C0,2,2,8,8,8,8,,,,
New York,Plattsburgh,,Family Medicine,1813120C0,6,6,6,2,6,3,6,6,6,6
New York,Buffalo,,Anesthesiology,3099040C0,12,12,12,12,12,12,12,12,12,12
New York,Buffalo,,Emergency Medicine,3099110C0,16,16,16,16,16,14,16,8,16,13
New York,Buffalo,,Fam Med/Buffalo General,3099120C0,4,3,4,4,4,4,4,4,4,4
New York,Buffalo,,Fam Med/Erie County,3099120C1,5,5,5,5,5,5,5,5,5,5
New York,Buffalo,Fam Med/Millard Fillmore,Family Med/Olean,3099120C4,3,3,3,3,3,3,2,2,2,2
New York,Buffalo,Fam Med/Millard Fillmore,Family Medicine/Sisters,3099120C5,5,5,5,4,5,5,5,5,5,4
New York,Buffalo,Fam Med/Millard Fillmore,Internal Medicine,3099140C0,34,34,34,34,33,33,33,33,33,33
New York,Buffalo,Fam Med/Millard Fillmore,Internal Med/Sisters,3099140C5,13,13,13,13,13,13,13,13,13,13
New York,Buffalo,Fam Med/Millard Fillmore,Medicine-Preliminary,3099140P1,1,1,1,1,1,1,1,1,1,1
New York,Med-Prelim/Sisters,,Med-Prelim/Ophthalmology,3099140P6,3,3,3,3,3,3,3,3,3,3
New York,Med-Prelim/Sisters,,Neurological Surgery,3099160C0,3,3,4,4,4,4,3,3,3,3
New York,Med-Prelim/Sisters,,Neurology,3099180C0,8,8,6,6,6,6,5,5,5,5
New York,Med-Prelim/Sisters,,Child Neurology,3099185C0,2,2,1,1,1,1,1,1,1,1
New York,Med-Prelim/Sisters,Child Neurology,Obstetrics-Gynecology,3099220C0,9,9,9,9,9,9,9,9,9,9
New York,Med-Prelim/Sisters,Child Neurology,Obstetrics-Gynecology/Sisters,3099220C1,4,4,4,4,4,4,4,4,4,4
New York,Med-Prelim/Sisters,Child Neurology,Orthopaedic Surgery,3099260C0,5,5,5,5,5,5,5,5,5,5
New York,Med-Prelim/Sisters,Child Neurology,Otolaryngology,3099280C0,2,2,2,2,2,2,2,2,2,2
New York,Med-Prelim/Sisters,Child Neurology,Pathology,3099300C0,4,4,5,5,4,4,4,4,3,3
New York,Pediatrics,,Psychiatry,3099400C0,5,5,5,5,4,4,4,4,5,5
New York,Pediatrics,,Combined Adult/Child Psych,3099400C1,3,3,2,2,3,3,3,3,2,2
New York,Pediatrics,,Radiology-Diagnostic,3099420A0,4,4,4,4,4,4,4,4,4,4
New York,Pediatrics,,Radiology-Diagnostic,3099420R0,1,1,,,,,1,1,,
New York,Pediatrics,,Radiation Oncology,3099430A0,,,2,2,2,2,2,2,1,0
New York,Pediatrics,Radiation Oncology,General Surgery,3099440C0,9,9,9,9,9,9,9,9,9,9
New York,Pediatrics,Radiation Oncology,Surgery-Preliminary,3099440P0,,,5,5,5,5,1,1,5,2
New York,Pediatrics,Radiation Oncology,Vascular Surgery,3099451C0,1,1,1,1,1,1,1,1,1,1
New York,Pediatrics,Radiation Oncology,Medicine-Pediatrics,3099700C0,4,4,4,4,4,4,4,4,4,4
New York,Rochester,,Anesthesiology,1511040C0,19,19,18,18,18,18,18,18,16,16
New York,Rochester,,Anesthesiology,1511040R0,,,2,2,1,1,3,3,,
New York,Rochester,Dermatology,Dermatology,1511080R0,,,1,1,1,1,1,1,1,1
New York,Rochester,Dermatology,Emergency Medicine,1511110C0,14,12,13,13,14,13,14,12,14,14
New York,Rochester,Dermatology,Family Medicine/Urban,1511120C0,13,13,13,13,11,11,10,5,10,10
New York,Rochester,Dermatology,Family Med/Inner City,1511120C1,,,,,2,2,2,2,2,2
New York,Rochester,Dermatology,Internal Medicine,1511140C0,25,25,26,26,25,25,25,25,21,21
New York,Int Med/Physician Scientist,,Medicine-Primary,1511140M0,1,1,2,2,1,1,3,3,3,3
New York,Int Med/Physician Scientist,,Medicine-Preliminary,1511140P0,2,2,2,2,4,4,2,2,3,3
New York,Int Med/Physician Scientist,,Neurological Surgery,1511160C0,2,2,2,2,2,2,2,2,2,2
New York,Int Med/Physician Scientist,,Neurology,1511180C0,8,8,8,8,8,8,8,8,8,8
New York,Int Med/Physician Scientist,,Child Neurology,1511185C0,3,3,3,3,3,3,3,3,2,2
New York,University of Rochester Med Ctr-NY,Rochester,Obstetrics-Gynecology,1511220C0,8,8,8,8,8,8,8,8,8,8
New York,University of Rochester Med Ctr-NY,Rochester,Orthopaedic Surgery,1511260C0,7,7,7,7,7,7,7,7,7,7
New York,Ortho Surgery/Research,,Otolaryngology,1511280C0,3,3,3,3,3,3,3,2,3,3
New York,Ortho Surgery/Research,,Pathology,1511300C0,6,6,4,4,6,6,3,3,6,6
New York,Ortho Surgery/Research,,Pediatrics,1511320C0,14,14,14,13,14,14,14,14,14,14
New York,Ortho Surgery/Research,,Phys Medicine & Rehab,1511340C0,6,6,6,6,5,5,5,5,4,4
New York,Ortho Surgery/Research,,Plastic Surgery (Integrated),1511362C0,2,2,2,2,2,2,2,2,2,2
New York,Available,,Public Health & Preventive Med/2yr-MPH,1511380R0,,,2,2,,,,,,
New York,Available,Available,Psychiatry,1511400C0,6,6,6,6,6,6,7,7,7,7
New York,Available,Available,Psychiatry/Child Psych,1511400C1,2,2,2,2,2,2,1,1,1,1
New York,Available,Available,Interventional Radiology (Integ),1511416A0,3,2,2,2,2,2,2,2,2,2
New York,Interventional Radiology (Integ),,Radiology-Diagnostic,1511420A0,10,10,9,9,9,9,9,9,9,9
New York,Interventional Radiology (Integ),,Radiology-Diagnostic,1511420R0,1,1,,,,,,,1,1
New York,Interventional Radiology (Integ),,Radiation Oncology,1511430A0,2,2,1,1,2,2,1,0,2,0
New York,Interventional Radiology (Integ),,Radiation Oncology,1511430R0,,,,,1,1,,,,
New York,Interventional Radiology (Integ),General Surgery,Surg-Prelim/Non-Designated,1511440P2,2,0,2,2,2,1,2,2,2,2
New York,Interventional Radiology (Integ),General Surgery,Vascular Surgery,1511451C0,2,2,2,2,1,1,2,2,1,1
New York,Interventional Radiology (Integ),General Surgery,Thoracic Surgery,1511461C0,1,1,1,1,1,1,1,1,1,1
New York,Interventional Radiology (Integ),General Surgery,Medicine-Pediatrics,1511700C0,8,8,8,8,8,8,8,8,8,8
New York,Urban Health Plan-NY,Bronx,Psychiatry,2480400C0,4,3,,,,,,,,
New York,Anesthesiology,,Anesthesiology,2157040R1,,,,,,,3,3,,
New York,Anesthesiology,,Internal Medicine,2157140C0,21,21,21,21,19,19,18,18,18,18
New York,Anesthesiology,,Internal Medicine/Shabbos,2157140C1,,,,,2,2,2,2,2,2
New York,Anesthesiology,,Neurological Surgery,2157160C0,2,2,2,2,2,2,2,2,2,2
New York,Anesthesiology,,Neurology,2157180C0,8,8,6,6,6,6,3,3,4,4
New York,Anesthesiology,Neurology,Child Neurology/WMC,2157185C0,2,2,,,,,,,,
New York,Anesthesiology,Neurology,Obstetrics-Gynecology,2157220C0,5,5,5,5,4,4,4,4,4,4
New York,Anesthesiology,Neurology,Ob-Gyn/Preliminary,2157220P0,,,,,1,1,1,1,1,1
New York,Anesthesiology,Neurology,Orthopaedic Surgery,2157260C0,3,3,3,3,3,3,3,3,3,3
New York,Anesthesiology,Neurology,Otolaryngology,2157280C0,1,1,1,1,1,1,1,1,,
New York,Pathology,,Pathology/Shabbos,2157300C1,,,,,1,1,,,1,1
New York,Pathology,,Pediatrics,2157320C0,19,19,20,20,20,18,19,19,19,19
New York,Pathology,,Pediatrics-Preliminary/2 yr,2157320P0,,,,,,,,,1,1
New York,Pathology,,Pediatrics-Preliminary/1 yr,2157320P1,1,1,2,2,2,0,1,1,2,1
New York,Pathology,Peds-Prelim/BCH Child Neurology,Phys Medicine & Rehab,2157340C0,4,4,4,4,4,4,,,,
New York,Pathology,Peds-Prelim/BCH Child Neurology,Psychiatry,2157400C0,10,10,10,10,10,10,8,8,11,11
New York,Pathology,Peds-Prelim/BCH Child Neurology,Psychiatry/Shabbos,2157400C1,,,,,,,1,1,,
New York,Pathology,Peds-Prelim/BCH Child Neurology,Radiology-Diagnostic,2157420A0,4,4,5,4,4,4,5,5,5,5
New York,Pathology,Peds-Prelim/BCH Child Neurology,Radiology-Diagnostic/Shabbos,2157420A1,1,1,,,1,1,,,,
New York,Westchester Medical Ctr-NY (Continued),Valhalla,General Surgery,2157440C0,3,3,3,3,2,2,2,2,2,2
New York,Westchester Medical Ctr-NY (Continued),Valhalla,General Surgery/Research,2157440C1,2,2,2,2,2,2,2,2,2,2
New York,Brooklyn,,Internal Medicine,3116140C1,24,24,23,23,22,22,,,,
New York,Brooklyn,,Medicine-Primary,3116140M0,2,2,,,,,23,23,21,21
New York,Brooklyn,Medicine-Preliminary,Psychiatry,3116400C0,4,4,,,,,,,,
New York,Wyckoff Heights Med Ctr-NY,Brooklyn,Emergency Medicine,1435110C0,6,6,6,6,6,4,6,5,6,6
New York,Internal Medicine,,Obstetrics-Gynecology,1435220C0,3,3,2,2,2,2,2,2,3,3
New York,Internal Medicine,,Pediatrics,1435320C0,,,2,2,3,3,3,3,3,3
New York,Internal Medicine,,General Surgery,1435440C0,4,4,4,4,3,3,5,5,3,3
New York,Internal Medicine,,Surgery-Preliminary,1435440P0,1,1,1,1,,,,,,
New York,New Hyde Park,,Child Neurology,1861185A0,,,1,0,,,,,,
New York,New Hyde Park,,Child Neurology,1861185A1,,,,,,,,,2,2
New York,New Hyde Park,,Child Neurology,1861185C0,2,2,1,1,2,2,2,2,,
New York,New Hyde Park,Pediatrics,Pediatrics/Research,1861320C1,1,,1,0,,,,,,
New York,New Hyde Park,Pediatrics,Pediatrics-Preliminary,1861320P0,3,3,1,1,2,2,3,3,2,2
New York,Internal Medicine,,Medicine-Preliminary,2062140P0,2,2,2,2,2,2,2,2,2,1
New York,Glen Cove,,Family Medicine,1446120C0,7,3,7,7,7,7,7,7,7,7
New York,Huntington,,Orthopaedic Surgery,2319260C0,6,6,6,6,6,6,6,6,6,6
New York,New York,,Internal Medicine,1483140C0,23,,23,23,22,22,23,23,23,
New York,New York,,Medicine-Primary,1483140M0,3,3,3,3,3,3,3,3,3,3
New York,New York,,Medicine-Preliminary,1483140P0,13,13,14,14,15,15,13,13,14,14
New York,New York,,Med-Prelim/Neurology,1483140P1,3,3,2,2,1,1,3,3,2,2
New York,New York,,Obstetrics-Gynecology,1483220C0,4,4,4,4,4,4,4,4,4,4
New York,Zucker SOM-Northwell Lenox,New York,Pathology,1483300C0,3,3,2,2,1,1,2,2,3,3
New York,Zucker SOM-Northwell Lenox,New York,Psychiatry,1483400C0,4,4,4,4,,,,,,
New York,Radiology-Diagnostic,,General Surgery,1483440C0,4,4,4,4,4,4,4,4,4,4
New York,Radiology-Diagnostic,,Surgery-Preliminary,1483440P0,3,3,3,1,3,2,3,0,3,3
New York,Radiology-Diagnostic,,Vascular Surgery,1483451C0,1,1,1,1,1,1,1,1,1,1
New York,Port Jefferson,,Internal Medicine,2187140C0,18,18,18,18,18,18,18,18,18,18
New York,Port Jefferson,,Psychiatry,2187400C0,8,8,5,5,6,6,6,6,6,6
New York,Port Jefferson,,Psychiatry/CAP 5yr/Mather,2187400C1,,,1,1,,,,,,
New York,Port Jefferson,,Interventional Radiology (Integ),2187416A0,1,1,1,1,1,1,1,1,1,1
New York,Port Jefferson,,Radiology-Diagnostic,2187420A0,3,3,3,3,3,3,3,3,3,3
New York,Port Jefferson,Transitional,Trans/Radiology Mather,2187999P1,3,3,3,3,,,3,3,3,3
New York,Port Jefferson,Transitional,Trans/Int Radiology Mather,2187999P2,,,,,1,1,1,1,1,1
New York,Port Jefferson,Transitional,Trans/Neurology NS/LIJ,2187999P3,1,1,1,1,2,2,,,,
New York,Port Jefferson,Transitional,Trans/Anesthesia SSUH,2187999P4,3,3,2,2,,,,,,
New York,Zucker SOM-Northwell N Dutchess,Rhinebeck,Family Medicine,2490120C0,6,6,,,,,,,,
New York,Zucker SOM-Northwell N Westchester,Mount Kisco,Internal Medicine,2380140C0,8,,8,8,8,8,,,,
New York,Zucker SOM-Northwell N Westchester,Mount Kisco,Medicine-Preliminary,2380140P0,8,8,8,8,8,8,,,,
New York,Anesthesiology,,Anesthesiology,1700040R0,,,6,6,,,1,1,,
New York,Anesthesiology,,Dermatology,1700080A0,5,5,5,5,5,5,4,4,5,5
New York,Anesthesiology,,Dermatology,1700080R0,,,,,,,,,1,1
New York,Anesthesiology,,Emergency Medicine,1700110C2,23,23,23,23,23,23,23,23,23,23
New York,Anesthesiology,,Internal Medicine,1700140C0,34,34,36,36,36,36,36,36,36,36
New York,Anesthesiology,Medicine-Preliminary,Med-Prelim/Neurology,1700140P3,2,1,3,3,,,,,,
New York,Anesthesiology,Medicine-Preliminary,Neurological Surgery,1700160C0,3,3,3,3,2,2,3,3,2,2
New York,Anesthesiology,Medicine-Preliminary,Neurology,1700180A0,9,9,9,9,9,9,7,7,7,7
New York,Anesthesiology,Medicine-Preliminary,Neurology,1700180R0,,,,,2,2,,,,
New York,Anesthesiology,Medicine-Preliminary,Obstetrics-Gynecology,1700220C0,10,10,10,10,10,10,10,10,10,10
New York,Ob-Gyn/Preliminary,,Orthopaedic Surgery,1700260C0,5,5,5,5,4,4,4,4,4,4
New York,Ob-Gyn/Preliminary,,Otolaryngology,1700280C0,2,2,2,2,2,2,2,2,2,2
New York,Ob-Gyn/Preliminary,,Pathology,1700300C0,4,4,4,4,4,4,4,4,4,4
New York,Ob-Gyn/Preliminary,,Phys Medicine & Rehab,1700340A0,4,4,4,4,4,4,4,4,4,4
New York,Ob-Gyn/Preliminary,,Plastic Surgery (Integrated),1700362C0,2,2,3,3,2,2,3,3,3,3
New York,Ob-Gyn/Preliminary,Interventional Radiology (Integ),Radiology-Diagnostic,1700420A0,10,10,11,11,10,10,10,10,10,10
New York,Ob-Gyn/Preliminary,Interventional Radiology (Integ),Radiology-Diagnostic,1700420R0,,,,,,,1,1,,
New York,Ob-Gyn/Preliminary,Interventional Radiology (Integ),Radiation Oncology,1700430A0,2,2,2,2,2,2,2,2,2,2
New York,Zucker SOM-Northwell NS/LIJ-NY,New Hyde Park,Radiation Oncology,1700430R0,,,,,,,,,1,0
New York,Zucker SOM-Northwell NS/LIJ-NY,New Hyde Park,General Surgery,1700440C0,8,8,8,8,8,8,8,8,8,8
New York,Surgery-Preliminary,,Vascular Surgery,1700451C1,2,2,1,1,1,1,1,1,1,1
New York,Surgery-Preliminary,,Thoracic Surgery,1700461C0,2,2,1,1,1,1,1,1,1,1
New York,Surgery-Preliminary,,Medicine/Pediatrics,1700700C0,4,4,,,,,,,,
New York,Surgery-Preliminary,,Emergency Med/Internal Med,1700705C0,2,2,2,2,2,2,2,2,2,2
New York,Riverhead,,Family Medicine,2200120C0,5,5,6,6,5,5,5,5,6,6
New York,Riverhead,,Transitional,2200999P0,12,12,12,12,12,12,12,12,12,12
New York,Sleepy Holllow,,Family Medicine,1453120C0,8,5,8,8,8,8,8,8,8,8
New York,Plainview,,Family Medicine,1938120C0,10,10,10,10,10,10,10,10,10,10
New York,Zucker SOM-Northwell Putnam,Carmel,Psychiatry,2494400C0,9,9,,,,,,,,
New York,Zucker SOM-Northwell South Shore-NY,Bay Shore,Anesthesiology,1417040A0,6,6,6,6,6,6,,,,
New York,Zucker SOM-Northwell South Shore-NY,Bay Shore,Anesthesiology,1417040R0,,,,,6,6,,,,
New York,Zucker SOM-Northwell South Shore-NY,Bay Shore,Emergency Medicine,1417110C0,6,6,6,6,6,3,6,1,6,6
New York,Zucker SOM-Northwell South Shore-NY,Bay Shore,Internal Medicine,1417140C0,12,12,6,6,6,6,6,6,,
New York,Obstetrics-Gynecology,,Ob-Gyn/Preliminary,1417220P0,1,1,1,1,1,1,1,1,1,1
New York,Obstetrics-Gynecology,,General Surgery,1417440C0,3,3,3,3,3,3,3,3,3,3
New York,Obstetrics-Gynecology,,Surgery-Preliminary,1417440P0,5,1,5,2,5,0,5,0,5,1
New York,Obstetrics-Gynecology,,Transitional,1417999P0,6,6,5,5,10,10,10,2,,
New York,Zucker SOM-Northwell Staten,Staten Island,Anesthesiology,1515040A0,4,4,4,4,,,,,,
New York,Zucker SOM-Northwell Staten,Staten Island,Anesthesiology,1515040R0,,,4,4,,,,,,
New York,Emergency Medicine,,Internal Medicine,1515140C0,35,35,32,32,34,34,35,35,33,33
New York,Emergency Medicine,,Internal Medicine/Shabbos CAT,1515140C1,,,3,3,1,1,,,,
New York,Emergency Medicine,,Medicine-Preliminary,1515140P0,15,15,16,16,15,15,19,19,16,16
New York,Emergency Medicine,,Med-Prelim/Neurology,1515140P1,3,3,2,2,3,3,3,3,3,3
New York,Emergency Medicine,,Med-Prelim/Radiology,1515140P2,1,1,1,1,2,2,1,1,1,1
New York,Emergency Medicine,Med-Prelim/Shabbos,Med-Prelim/Anesthesiology,1515140P4,3,3,4,4,,,,,,
New York,Zucker SOM-Northwell Staten,Staten Island,Neurology,1515180A0,6,6,6,6,6,6,6,6,6,6
New York,Zucker SOM-Northwell Staten,Staten Island,Obstetrics-Gynecology,1515220C0,5,5,4,4,4,4,4,4,4,4
New York,Pathology,,Pediatrics,1515320C0,8,8,8,8,8,8,8,8,8,8
New York,Pathology,,Psychiatry,1515400C0,4,4,4,4,4,4,4,4,4,4
New York,Pathology,,Radiology-Diagnostic,1515420A0,5,5,5,5,4,4,4,4,4,4
New York,Pathology,,Radiology-Diagnostic,1515420R0,,,1,1,,,,,,
New York,Pathology,,General Surgery,1515440C0,4,4,4,4,3,3,3,3,3,3
New York,Zucker SOM-Northwell Vassar,Poughkeepsie,Anesthesiology,2495040C0,6,6,,,,,,,,
New York,Zucker SOM-Northwell Vassar,Poughkeepsie,Emergency Medicine,2495110C0,10,10,,,,,,,,
New York,Internal Medicine,,Neurology/VBMC,2495180C0,5,5,,,,,,,,
New York,Internal Medicine,,General Surgery,2495440C0,3,3,,,,,,,,
New York,Internal Medicine,,Transitional,2495999P0,4,4,,,,,,,,
New York,Glen Oaks,,Psychiatry,1860400C0,11,11,12,12,11,11,11,11,11,11
New York,Glen Oaks,,Psychiatry/Research,1860400C1,2,2,1,1,2,2,2,2,2,2
North Carolina,Atrium Health Cabarrus-NC,Concord,Family Med/Cabarrus,1231120C0,9,9,8,8,8,8,8,8,8,8
North Carolina,Dermatology/Sampson RMC,,Emergency Medicine/Cape Fear,2128110C0,,,,,13,9,11,3,11,5
North Carolina,Dermatology/Sampson RMC,,Emergency Med/Southeastern Hlth,2128110C1,,,8,6,8,3,8,1,6,3
North Carolina,Dermatology/Sampson RMC,,Family Medicine/Harnett Health,2128120C0,4,4,4,4,4,4,4,2,4,4
North Carolina,Dermatology/Sampson RMC,,Family Medicine/Sampson RMC,2128120C1,4,3,4,2,4,2,4,4,4,0
North Carolina,Dermatology/Sampson RMC,,Family Medicine/Southeastern Hlth,2128120C2,,,8,6,8,8,8,3,8,2
North Carolina,Dermatology/Sampson RMC,Family Medicine/Conway MC,Internal Medicine/Cape Fear,2128140C0,,,,,24,24,20,20,20,16
North Carolina,Dermatology/Sampson RMC,Family Medicine/Conway MC,Internal Medicine/Southeastern Hlth,2128140C1,,,13,10,13,9,13,4,13,5
North Carolina,Dermatology/Sampson RMC,Family Medicine/Conway MC,Internal Medicine/Harnett Health,2128140C2,8,7,8,6,8,8,8,8,8,8
North Carolina,Dermatology/Sampson RMC,Family Medicine/Conway MC,Obstetrics-Gynecology/Cape Fear,2128220C0,,,,,4,4,4,4,4,4
North Carolina,Dermatology/Sampson RMC,Family Medicine/Conway MC,Psychiatry/Cape Fear,2128400C0,,,,,9,8,8,8,9,9
North Carolina,General Surgery/Cape Fear,,Transitional/Cape Fear,2128999P0,,,,,21,6,20,3,20,4
North Carolina,General Surgery/Cape Fear,,Transitional/Harnett Health,2128999P1,13,6,13,3,13,4,13,1,13,0
North Carolina,General Surgery/Cape Fear,,Transitional/Sampson RMC,2128999P2,2,2,2,2,2,2,2,2,2,2
North Carolina,General Surgery/Cape Fear,,Trans/Sampson RMC Dermatology,2128999P3,2,2,2,2,2,2,2,2,2,2
North Carolina,Cape Fear Valley Health-NC,Fayetteville,Emergency Medicine,2418110C0,11,2,11,8,,,,,,
North Carolina,Cape Fear Valley Health-NC,Fayetteville,Internal Medicine,2418140C0,20,20,19,19,,,,,,
North Carolina,Obstetrics-Gynecology,,Psychiatry,2418400C0,10,10,9,9,,,,,,
North Carolina,Obstetrics-Gynecology,,General Surgery,2418440C0,4,4,4,4,,,,,,
North Carolina,Obstetrics-Gynecology,,Transitional,2418999P0,16,4,17,4,,,,,,
North Carolina,Charlotte,,Emergency Medicine,1527110C0,16,16,14,14,14,14,14,14,14,14
North Carolina,Charlotte,,Family Med/Elizabeth/Traditional,1527120C0,6,5,6,6,6,6,6,6,6,6
North Carolina,Charlotte,,Family Med/Biddle Point/Urban,1527120C1,3,2,3,3,3,3,3,3,3,2
North Carolina,Charlotte,,Family Med/Union/Apprenticeship,1527120C2,3,2,3,1,3,0,3,3,3,1
North Carolina,Charlotte,,Internal Medicine,1527140C0,16,16,16,16,16,16,12,12,12,12
North Carolina,Charlotte,Medicine-Preliminary,Med-Prelim/PM&R,1527140P1,3,3,2,2,2,2,2,2,2,2
North Carolina,Charlotte,Medicine-Preliminary,Neurological Surgery,1527160C0,2,2,1,1,1,1,1,1,1,1
North Carolina,Charlotte,Medicine-Preliminary,Neurology,1527180C0,4,4,4,4,,,,,,
North Carolina,Charlotte,Medicine-Preliminary,Obstetrics-Gynecology,1527220C0,7,7,7,7,6,6,6,6,6,6
North Carolina,Orthopaedic Surgery,,Pediatrics,1527320C0,16,16,16,16,16,16,12,12,12,12
North Carolina,Orthopaedic Surgery,,Phys Medicine & Rehab,1527340A0,5,5,5,5,5,5,5,5,5,5
North Carolina,Orthopaedic Surgery,,Phys Medicine & Rehab,1527340R0,,,,,,,1,1,,
North Carolina,Orthopaedic Surgery,,Psychiatry,1527400C0,7,7,6,6,6,6,5,5,4,4
North Carolina,Orthopaedic Surgery,,General Surgery,1527440C0,6,6,6,6,6,6,6,6,6,6
North Carolina,Orthopaedic Surgery,General Surgery/Rural,Surgery-Preliminary,1527440P0,1,1,1,1,1,1,1,1,1,1
North Carolina,Cone Health-NC,Greensboro,Family Medicine,1943120C0,8,5,7,6,7,7,7,7,8,7
North Carolina,Family Medicine/FIRST,,Internal Medicine,1943140C0,6,6,6,6,6,6,6,6,6,6
North Carolina,Family Medicine/FIRST,,Medicine-Preliminary,1943140P0,6,6,4,4,6,6,6,4,4,4
North Carolina,Family Medicine/FIRST,,Psychiatry,1943400C0,4,4,4,4,4,4,4,4,4,4
North Carolina,Durham,,Anesthesiology,1529040C0,13,13,13,13,15,15,13,13,15,15
North Carolina,Durham,,Anesthesiology/ACES 60 months,1529040C1,2,2,1,1,,,1,1,,
North Carolina,Durham,,Anesthesiology,1529040R0,,,1,1,,,,,,
North Carolina,Durham,,Dermatology,1529080A0,4,4,4,4,4,4,4,4,3,3
North Carolina,Durham,,Derm/Hlth Disp & Comm Engag,1529080A2,1,1,1,1,1,1,1,1,1,1
North Carolina,Durham,Dermatology/Research,Dermatology,1529080R0,,,,,,,1,1,,
North Carolina,Durham,Dermatology/Research,Emergency Medicine,1529110C0,12,12,12,12,12,12,12,8,12,12
North Carolina,Durham,Dermatology/Research,Family Medicine,1529120C0,6,6,6,6,6,6,6,6,6,6
North Carolina,Durham,Dermatology/Research,Family Medicine/Rural,1529120C1,4,4,4,4,2,1,2,2,2,2
North Carolina,Internal Medicine,,Internal Medicine/PSTP,1529140C1,3,3,1,1,1,1,,,,
North Carolina,Internal Medicine,,Medicine-Preliminary,1529140P0,5,3,4,4,4,4,4,4,4,4
North Carolina,Internal Medicine,,Med-Prelim/Neurology,1529140P1,6,6,7,7,7,7,7,7,7,7
North Carolina,Internal Medicine,,Neurological Surgery,1529160C0,3,3,3,3,3,3,3,3,3,3
North Carolina,Internal Medicine,,Neurology,1529180A0,7,7,7,7,7,7,7,7,7,7
North Carolina,Durham,,Neurology,1529180R0,,,,,1,1,,,,
North Carolina,Durham,,Child Neurology,1529185C0,2,2,2,1,2,2,2,2,2,2
North Carolina,Durham,Child Neurology,Obstetrics-Gynecology,1529220C0,9,9,9,9,9,9,9,9,9,9
North Carolina,Durham,Child Neurology,Orthopaedic Surgery,1529260C0,8,8,8,8,8,8,8,8,8,8
North Carolina,Durham,Child Neurology,Otolaryngology,1529280C0,3,3,3,3,3,3,3,3,3,3
North Carolina,Durham,Child Neurology,Otolaryngology/Research,1529280C1,1,1,1,1,1,1,1,1,1,1
North Carolina,Durham,Child Neurology,Pathology,1529300C0,5,5,5,5,6,6,5,5,6,6
North Carolina,Pathology AP/NP,,Pediatrics,1529320C0,15,15,15,15,14,14,14,14,15,15
North Carolina,Pathology AP/NP,,Pediatrics/Research Scholars,1529320C1,1,1,1,1,2,2,2,2,1,1
North Carolina,Pathology AP/NP,,Plastic Surgery (Integrated),1529362C0,3,3,3,3,3,3,3,3,3,3
North Carolina,Pathology AP/NP,,Occupational & Environmental Med,1529382R0,1,1,1,1,,,,,,
North Carolina,Pathology AP/NP,Psychiatry,Psychiatry/Research,1529400C3,,,2,2,2,2,2,2,2,2
North Carolina,Pathology AP/NP,Psychiatry,Interventional Radiology (Integ),1529416A0,3,3,3,3,3,3,3,3,3,3
North Carolina,Pathology AP/NP,Psychiatry,Radiology-Diagnostic,1529420A0,11,11,10,10,10,10,10,10,10,10
North Carolina,Pathology AP/NP,Psychiatry,Radiology-Diagnostic,1529420R0,1,1,,,,,,,,
North Carolina,Pathology AP/NP,Psychiatry,Radiation Oncology,1529430A0,1,1,4,4,4,4,3,3,1,1
North Carolina,Rad Onc/Research Scholar,,General Surgery,1529440C0,8,8,8,8,7,7,7,7,7,7
North Carolina,Rad Onc/Research Scholar,,Surgery-Preliminary,1529440P0,3,1,3,2,3,2,3,3,3,3
North Carolina,Rad Onc/Research Scholar,,Surg-Prelim/Int Radiology,1529440P4,3,2,3,0,3,2,3,1,3,0
North Carolina,Rad Onc/Research Scholar,,Vascular Surgery,1529451C0,1,1,1,1,1,1,1,1,1,1
North Carolina,Rad Onc/Research Scholar,,Thoracic Surgery,1529461C0,1,1,1,1,1,1,1,1,1,1
North Carolina,Rad Onc/Research Scholar,Medicine-Pediatrics,Medicine-Psychiatry,1529715C0,2,2,2,2,2,2,2,2,2,2
North Carolina,ECU Health Med Ctr-NC,Greenville,Emergency Medicine,3057110C0,12,12,12,12,12,12,12,9,12,12
North Carolina,Family Medicine,,Family Medicine/Rural-Ahoskie,3057120C1,3,3,3,2,3,3,2,2,2,2
North Carolina,Family Medicine,,Family Medicine/Rural-Duplin,3057120C2,3,3,3,1,3,3,2,2,2,2
North Carolina,Family Medicine,,Fam Med/Rural-Roanoke Rapids,3057120C3,3,3,3,3,3,3,,,,
North Carolina,Family Medicine,,Internal Medicine,3057140C0,21,21,22,22,19,19,18,18,18,18
North Carolina,Family Medicine,Internal Medicine/Rural,Medicine-Preliminary,3057140P0,,,2,2,3,1,4,0,5,
North Carolina,Family Medicine,Internal Medicine/Rural,Neurology,3057180C0,3,3,3,3,,,,,,
North Carolina,Family Medicine,Internal Medicine/Rural,Obstetrics-Gynecology,3057220C0,6,6,5,5,5,5,5,5,5,5
North Carolina,Family Medicine,Internal Medicine/Rural,Pathology,3057300C0,3,3,3,3,3,3,3,3,3,3
North Carolina,Family Medicine,Internal Medicine/Rural,Pediatrics,3057320C0,10,10,10,10,10,7,10,10,10,10
North Carolina,Phys Medicine & Rehab,,Psychiatry,3057400C0,13,13,13,13,9,9,9,8,9,9
North Carolina,Phys Medicine & Rehab,,General Surgery,3057440C0,6,6,6,6,5,5,5,5,5,5
North Carolina,Phys Medicine & Rehab,,Surgery-Preliminary,3057440P0,4,1,4,1,4,0,4,4,4,2
North Carolina,Phys Medicine & Rehab,,Medicine-Pediatrics,3057700C0,6,6,6,6,6,6,6,6,6,6
North Carolina,Phys Medicine & Rehab,,Emergency Med/Internal Med,3057705C0,2,2,2,2,2,2,2,2,2,2
North Carolina,Iredell Health System-NC,Statesville,Internal Medicine,2425140C0,7,5,7,7,,,,,,
North Carolina,Mountain AHEC-NC,Asheville,Family Medicine/Asheville,3023120C0,11,11,12,12,12,7,12,12,12,5
North Carolina,Mountain AHEC-NC,Asheville,Family Med/Hendersonville,3023120C1,6,3,6,6,6,6,6,3,6,6
North Carolina,Family Medicine/Boone,,Fam Med/Asheville/UNC FIRST Student,3023120C3,1,1,,,,,,,,
North Carolina,Family Medicine/Boone,,Internal Medicine,3023140C0,18,10,18,18,17,17,15,15,15,15
North Carolina,Family Medicine/Boone,,Internal Medicine/Rural,3023140C1,1,1,2,2,1,1,,,,
North Carolina,Family Medicine/Boone,,Internal Medicine/UNC FIRST Student,3023140C2,1,1,,,,,,,,
North Carolina,Family Medicine/Boone,,Obstetrics-Gynecology,3023220C0,5,5,5,5,5,5,5,5,5,5
North Carolina,Family Medicine/Boone,Psychiatry,Psychiatry/UNC FIRST Student,3023400C2,,,,,,,1,1,,
North Carolina,Family Medicine/Boone,Psychiatry,General Surgery,3023440C0,5,5,5,5,5,5,5,5,5,5
North Carolina,Family Medicine/Boone,Psychiatry,Transitional,3023999P0,13,13,13,13,13,11,13,13,12,10
North Carolina,New Hanover Reg Med Ctr-NC,Wilmington,Family Medicine,1534120C0,6,6,6,2,4,3,6,3,6,6
North Carolina,New Hanover Reg Med Ctr-NC,Wilmington,Family Medicine/Rural,1534120C1,2,0,2,1,2,0,,,,
North Carolina,New Hanover Reg Med Ctr-NC,Wilmington,Family Medicine/FIRST,1534120C2,,,,,2,2,,,,
North Carolina,New Hanover Reg Med Ctr-NC,Wilmington,Internal Medicine,1534140C0,8,5,8,8,7,7,7,7,7,7
North Carolina,Medicine-Preliminary,,Obstetrics-Gynecology,1534220C0,4,4,4,4,4,4,4,4,4,4
North Carolina,Medicine-Preliminary,,Ob-Gyn/Preliminary,1534220P1,1,1,1,1,1,0,1,1,1,1
North Carolina,Medicine-Preliminary,,Psychiatry,1534400C0,4,4,3,0,4,4,,,,
North Carolina,Medicine-Preliminary,,Psychiatry/FIRST,1534400C1,,,1,1,,,,,,
North Carolina,Medicine-Preliminary,,General Surgery,1534440C0,5,5,5,5,5,5,3,3,4,4
North Carolina,Medicine-Preliminary,General Surgery/FIRST,Surgery-Preliminary,1534440P0,1,0,1,0,1,1,1,1,1,1
North Carolina,Novant Health-NC,Cornelius,Family Medicine,1891120C0,6,6,6,6,6,6,6,6,6,6
North Carolina,Southeastern Regional Med Ctr-NC,Lumberton,Emergency Medicine,2475110C0,8,4,,,,,,,,
North Carolina,Southeastern Regional Med Ctr-NC,Lumberton,Family Medicine,2475120C0,8,8,,,,,,,,
North Carolina,Southeastern Regional Med Ctr-NC,Lumberton,Internal Medicine,2475140C0,13,6,,,,,,,,
North Carolina,Southern Regional AHEC-NC,Fayetteville,Family Medicine,3046120C0,8,4,8,6,8,1,8,7,8,6
North Carolina,U North Carolina Hospitals,Chapel Hill,Anesthesiology,1900040A0,,,,,,,,,2,2
North Carolina,U North Carolina Hospitals,Chapel Hill,Anesthesiology,1900040C0,16,16,16,16,14,14,14,14,12,12
North Carolina,U North Carolina Hospitals,Chapel Hill,Anesthesiology,1900040R0,1,1,2,2,2,2,2,2,4,4
North Carolina,U North Carolina Hospitals,Chapel Hill,Dermatology,1900080A0,6,6,6,6,6,6,6,6,6,6
North Carolina,U North Carolina Hospitals,Chapel Hill,Emergency Medicine,1900110C0,12,12,13,13,12,12,12,12,12,12
North Carolina,Emergency Med/Military,,Family Medicine,1900120C0,8,8,8,8,7,7,7,7,10,10
North Carolina,Emergency Med/Military,,Family Medicine/FQHC,1900120C1,5,5,5,5,6,6,6,6,3,3
North Carolina,Chapel Hill,,Family Medicine/FIRST,1900120C2,1,1,1,1,1,1,1,1,1,1
North Carolina,Chapel Hill,,Internal Medicine,1900140C0,29,29,31,31,28,28,27,27,26,26
North Carolina,Chapel Hill,Internal Med/Research,Medicine-Preliminary,1900140P0,8,8,10,10,9,9,10,10,10,10
North Carolina,Chapel Hill,Internal Med/Research,Neurological Surgery,1900160C0,2,2,2,2,2,2,2,2,2,2
North Carolina,Chapel Hill,Internal Med/Research,Neurology,1900180C0,7,7,7,7,7,7,7,7,7,7
North Carolina,Chapel Hill,Internal Med/Research,Child Neurology,1900185C0,2,2,2,2,2,2,2,2,2,1
North Carolina,Chapel Hill,Internal Med/Research,Obstetrics-Gynecology,1900220C0,7,7,7,7,7,7,7,7,7,7
North Carolina,Orthopaedic Surgery,,Ortho Surgery/Research 6 yr,1900260C1,,,,,1,1,1,1,1,1
North Carolina,Orthopaedic Surgery,,Otolaryngology,1900280C0,5,5,4,4,4,4,4,4,3,3
North Carolina,Orthopaedic Surgery,,Otolaryngology/Research,1900280C1,,,,,,,,,1,1
North Carolina,Orthopaedic Surgery,,Pathology,1900300C0,4,4,4,4,5,5,4,4,5,5
North Carolina,Orthopaedic Surgery,Pediatrics,Pediatrics/Physician Scientist,1900320C2,1,1,,,1,1,,,2,2
North Carolina,Orthopaedic Surgery,Pediatrics,Pediatrics/FIRST,1900320C3,1,1,2,2,,,1,1,,
North Carolina,Orthopaedic Surgery,Pediatrics,Pediatrics-Primary,1900320M0,4,1,4,4,4,4,4,4,4,4
North Carolina,Orthopaedic Surgery,Pediatrics,Pediatrics-Preliminary,1900320P0,1,1,2,2,1,1,1,0,1,1
North Carolina,Orthopaedic Surgery,Pediatrics,Phys Medicine & Rehab,1900340C0,4,4,4,4,4,4,4,4,4,4
North Carolina,Plastic Surgery (Integrated),,Public Health & Preventive Med/2yr-MPH,1900380R0,3,1,3,3,,,,,,
North Carolina,Plastic Surgery (Integrated),Available,Psychiatry,1900400C0,15,15,17,17,18,18,16,16,16,16
North Carolina,Psychiatry/FIRST,,Psychiatry/PSTP,1900400C2,2,2,1,1,,,1,1,1,1
North Carolina,Psychiatry/FIRST,,Interventional Radiology (Integ),1900416A0,3,3,3,3,3,3,3,3,1,1
North Carolina,Psychiatry/FIRST,,Radiology-Diagnostic,1900420A0,9,9,9,9,9,9,9,9,9,9
North Carolina,Psychiatry/FIRST,,Radiation Oncology,1900430A0,2,2,2,2,2,2,2,2,2,2
North Carolina,Psychiatry/FIRST,Radiation Oncology,General Surgery,1900440C0,7,7,7,7,7,7,7,7,7,7
North Carolina,Psychiatry/FIRST,Radiation Oncology,Surgery-Preliminary,1900440P0,8,6,8,7,7,3,8,3,7,2
North Carolina,Psychiatry/FIRST,Radiation Oncology,Vascular Surgery,1900451C0,1,1,1,1,1,1,1,1,1,1
North Carolina,Psychiatry/FIRST,Radiation Oncology,Thoracic Surgery,1900461C0,1,1,1,1,1,1,1,1,1,1
North Carolina,Psychiatry/FIRST,Radiation Oncology,Medicine-Pediatrics,1900700C0,6,6,6,6,6,6,6,6,6,6
North Carolina,Med-Peds/Community Health,,Pediatrics/Medical Genetics,1900765C0,1,0,,,1,1,,,,
North Carolina,Morganton,,Internal Medicine,1914140C0,8,8,9,7,9,9,9,9,8,8
North Carolina,Winston Salem,,Anesthesiology,1537040C0,14,14,14,14,14,14,14,14,14,14
North Carolina,Winston Salem,,Dermatology,1537080A0,4,4,4,4,4,4,4,4,4,4
North Carolina,Winston Salem,,Emergency Medicine,1537110C0,15,15,15,15,15,15,15,15,15,15
North Carolina,Winston Salem,Family Medicine,Family Medicine/Elkin,1537120C1,4,4,,,,,,,,
North Carolina,Winston Salem,Family Medicine,Internal Medicine,1537140C0,33,33,31,31,32,32,31,31,31,31
North Carolina,Winston Salem,Family Medicine,Medicine-Primary,1537140M0,1,1,3,3,2,2,3,3,3,3
North Carolina,Winston Salem,Family Medicine,Medicine-Preliminary,1537140P0,3,3,3,3,3,3,3,2,3,3
North Carolina,Winston Salem,Family Medicine,Neurological Surgery,1537160C0,3,3,2,2,2,2,2,2,2,2
North Carolina,Neurology,,Child Neurology,1537185C0,2,2,2,0,2,2,2,2,2,2
North Carolina,Neurology,,Obstetrics-Gynecology,1537220C0,7,7,6,6,6,6,6,6,6,6
North Carolina,Winston Salem,,Orthopaedic Surgery,1537260C0,5,5,5,5,5,5,5,5,5,5
North Carolina,Winston Salem,,Otolaryngology,1537280C0,3,3,3,3,3,3,3,3,3,3
North Carolina,Winston Salem,Pathology,Pediatrics,1537320C0,14,12,14,14,14,6,14,14,14,14
North Carolina,Winston Salem,Pathology,Plastic Surgery (Integrated),1537362C0,3,3,3,3,3,3,3,3,3,3
North Carolina,Winston Salem,Pathology,Psychiatry,1537400C0,9,9,9,9,9,9,9,9,7,7
North Carolina,Winston Salem,Pathology,Interventional Radiology (Integ),1537416C0,2,2,2,2,2,2,1,1,1,1
North Carolina,Winston Salem,Pathology,Radiology-Diagnostic,1537420A0,10,10,9,9,9,9,9,9,9,9
North Carolina,Radiation Oncology,,Radiation Oncology,1537430R0,,,,,1,1,,,,
North Carolina,Radiation Oncology,,General Surgery,1537440C0,6,6,7,7,7,7,7,7,7,7
North Carolina,Radiation Oncology,,Surgery-Preliminary,1537440P0,8,0,8,1,,,9,0,9,2
North Carolina,Radiation Oncology,,Vascular Surgery,1537451C0,1,1,1,1,1,1,,,,
North Carolina,Raleigh,,Internal Medicine,2275140C0,7,7,7,7,5,5,5,5,5,5
North Dakota,Grand Forks,,Family Med/Bismarck,1539120C1,5,5,5,5,5,5,5,5,5,5
North Dakota,Grand Forks,,Family Medicine/Minot,1539120C2,6,6,6,6,6,6,6,6,6,6
North Dakota,Grand Forks,Family Medicine/Hettinger,Family Medicine/Rural Williston,1539120C4,2,1,2,1,2,2,2,1,2,2
North Dakota,Grand Forks,Family Medicine/Hettinger,Family Medicine/Fargo,1539120C5,6,6,6,6,6,6,6,6,6,6
North Dakota,Grand Forks,Family Medicine/Hettinger,Internal Medicine/Fargo,1539140C0,8,8,8,8,7,7,8,8,8,8
North Dakota,Grand Forks,Family Medicine/Hettinger,Internal Medicine/Bismarck,1539140C1,4,4,,,,,,,,
North Dakota,Grand Forks,Family Medicine/Hettinger,Neurology,1539180C0,3,3,3,3,3,3,3,3,3,3
North Dakota,Orthopaedic Surgery,,Pediatrics,1539320C0,4,2,4,1,4,4,,,,
North Dakota,Orthopaedic Surgery,,Psychiatry,1539400C0,6,6,6,6,6,6,6,6,6,6
North Dakota,Orthopaedic Surgery,,General Surgery,1539440C0,3,3,3,3,3,3,3,3,3,3
North Dakota,Orthopaedic Surgery,,General Surgery/Rural,1539440C1,3,3,3,3,2,2,2,2,2,2
North Dakota,Orthopaedic Surgery,,Surgery-Preliminary,1539440P0,3,0,3,1,3,2,3,1,3,2
Ohio,Adena Health System-OH,Chillicothe,Family Medicine,2127120C0,5,3,5,2,5,3,5,5,5,4
Ohio,Chillicothe,,Psychiatry,2127400C0,3,3,3,3,3,3,3,3,3,3
Ohio,Akron,,Pediatrics,1895320C0,26,26,26,26,26,15,24,24,21,21
Ohio,Akron,Emergency Medicine,Family Medicine,1542120C0,4,4,4,4,4,4,4,4,4,4
Ohio,Akron,Emergency Medicine,Internal Medicine,1542140C0,14,14,13,13,12,12,11,11,12,12
Ohio,Akron,Emergency Medicine,Medicine-Preliminary,1542140P0,,,2,0,3,2,4,2,4,4
Ohio,Akron,Emergency Medicine,Obstetrics-Gynecology,1542220C0,5,5,5,5,5,5,5,5,5,5
Ohio,Akron,Emergency Medicine,Orthopaedic Surgery,1542260C0,4,4,3,3,3,3,3,3,3,3
Ohio,Psychiatry,,General Surgery,1542440C0,4,4,4,4,4,4,4,4,4,4
Ohio,Canton,,Emergency Medicine,1544110C0,6,6,6,6,6,4,6,2,6,6
Ohio,Canton,Family Medicine,Obstetrics-Gynecology,1544220C0,5,5,5,5,5,5,5,5,5,5
Ohio,Canton,Family Medicine,Orthopaedic Surgery,1544260C0,2,2,2,2,2,2,2,2,,
Ohio,Canton,Family Medicine,Radiology-Diagnostic,1544420A0,4,4,4,4,4,4,4,4,4,4
Ohio,Bethesda Hospital-OH,Cincinnati,Family Medicine,2689120C0,7,5,7,7,7,7,7,7,7,7
Ohio,Canton Med Ed Fdn/NEOMED-OH,Canton,Internal Medicine,2009140C0,13,13,13,13,13,13,13,13,13,13
Ohio,Case Western/Univ Hosps Cleveland,Cleveland,Anesthesiology,1552040C0,12,12,12,12,12,12,12,12,12,12
Ohio,Case Western/Univ Hosps Cleveland,Cleveland,Anes/CCM-Periop Leadership,1552040C1,1,1,1,1,1,1,1,1,1,1
Ohio,Case Western/Univ Hosps Cleveland,Cleveland,Anesthesiology/Funded,1552040C3,3,3,3,2,,,3,0,2,2
Ohio,Anesthesiology/Funded,,Dermatology,1552080A0,6,6,6,6,6,6,6,6,4,4
Ohio,Anesthesiology/Funded,,Dermatology,1552080A1,,,,,,,,,2,2
Ohio,Anesthesiology/Funded,,Dermatology,1552080R1,1,1,,,,,,,,
Ohio,Anesthesiology/Funded,,Emergency Medicine,1552110C0,12,12,12,12,12,12,12,12,12,12
Ohio,Anesthesiology/Funded,Family Medicine,Internal Medicine,1552140C0,26,26,27,27,31,31,30,30,23,23
Ohio,Anesthesiology/Funded,Family Medicine,Int Med/International Health,1552140C1,1,1,1,1,1,1,1,1,,
Ohio,Anesthesiology/Funded,Family Medicine,Int Med/Harrington Phys-Sci Path,1552140C2,2,2,2,2,2,2,1,1,2,2
Ohio,Anesthesiology/Funded,Family Medicine,Int Med/Ctr of Outpatient Ed,1552140C5,6,6,6,6,6,6,6,6,5,5
Ohio,Anesthesiology/Funded,Family Medicine,Int Med/International Scholar,1552140C6,2,2,2,2,2,2,2,2,2,2
Ohio,Int Med/Leadership in Med Ed,,Internal Medicine/POCUS,1552140C9,2,2,,,,,,,,
Ohio,Cleveland,,Medicine-Preliminary,1552140P0,6,6,5,5,6,6,6,6,6,6
Ohio,Cleveland,,Med-Prelim/Intl Scholar,1552140P2,,,,,1,1,,,,
Ohio,Cleveland,Med-Prelim/Ophthalmology,Neurological Surgery,1552160C0,3,3,3,3,2,2,2,2,1,1
Ohio,Cleveland,Med-Prelim/Ophthalmology,Neurology,1552180C0,10,10,10,10,10,10,10,10,10,10
Ohio,Cleveland,Med-Prelim/Ophthalmology,Neurology/Funded,1552180C1,,,1,1,2,2,2,2,2,2
Ohio,Cleveland,Med-Prelim/Ophthalmology,Child Neurology,1552185C0,1,1,1,1,1,1,1,1,1,1
Ohio,Cleveland,Med-Prelim/Ophthalmology,Obstetrics-Gynecology,1552220C0,6,6,6,6,6,6,6,6,6,6
Ohio,Orthopaedic Surgery,,Ortho Surgery/Research,1552260C2,1,1,1,1,1,1,1,1,1,1
Ohio,Orthopaedic Surgery,,Ortho Surgery/Regional,1552260C3,,,,,,,,,2,2
Ohio,Orthopaedic Surgery,,Otolaryngology,1552280C0,4,4,4,4,4,4,4,4,4,4
Ohio,Orthopaedic Surgery,,Pathology,1552300C0,7,7,6,6,6,6,4,4,7,7
Ohio,Orthopaedic Surgery,Pathology/CP Research,Pediatrics,1552320C0,27,27,29,29,27,27,28,28,27,27
Ohio,Orthopaedic Surgery,Pathology/CP Research,Psychiatry,1552400C0,9,9,9,9,9,9,9,9,9,9
Ohio,Orthopaedic Surgery,Pathology/CP Research,Interventional Radiology (Integ),1552416A0,,,,,,,1,1,1,1
Ohio,Orthopaedic Surgery,Pathology/CP Research,Interventional Radiology (Integ),1552416C0,1,1,1,1,1,1,,,,
Ohio,Orthopaedic Surgery,Pathology/CP Research,Radiology-Diagnostic,1552420A0,9,9,9,9,8,8,9,9,9,9
Ohio,Radiology-Diagnostic,,Radiation Oncology,1552430A0,1,1,2,2,2,2,3,1,1,1
Ohio,Radiology-Diagnostic,,General Surgery,1552440C0,3,3,3,3,6,6,7,7,7,7
Ohio,Radiology-Diagnostic,,General Surgery/Research,1552440C1,4,4,4,4,,,,,,
Ohio,Radiology-Diagnostic,,Surgery-Preliminary,1552440P0,9,5,9,7,10,6,8,2,10,7
Ohio,Radiology-Diagnostic,,Surg-Prelim/Int Radiology,1552440P4,,,,,,,1,1,,
Ohio,Radiology-Diagnostic,Vascular Surgery,Medicine-Pediatrics,1552700C0,3,3,3,3,4,4,4,4,4,4
Ohio,Radiology-Diagnostic,Vascular Surgery,Medicine-Pediatrics/LME,1552700C1,1,1,1,1,,,,,,
Ohio,Radiology-Diagnostic,Vascular Surgery,Family Med-Preventive Med,1552752C0,,,,,,,1,1,1,1
Ohio,Radiology-Diagnostic,Vascular Surgery,Pediatrics-Medical Genetics,1552765C0,1,1,,,1,1,,,1,1
Ohio,Radiology-Diagnostic,Vascular Surgery,Medicine-Medical Genetics,1552766C0,1,1,1,1,1,1,1,1,1,1
Ohio,Christ Hospital-OH,Cincinnati,Family Medicine,1547120C0,7,7,7,7,7,7,7,7,7,7
Ohio,Christ Hospital-OH,Cincinnati,Internal Medicine,1547140C0,16,16,11,11,9,9,9,9,9,9
Ohio,Cincinnati,,Child Neurology,1808185C0,7,7,6,4,6,6,6,6,5,5
Ohio,Cincinnati,,Child Neurology,1808185R0,,,1,0,,,,,,
Ohio,Cincinnati,Pediatrics,Peds/Psych/Child Psych,1808730C0,4,4,4,4,4,4,3,3,3,3
Ohio,Cincinnati,Pediatrics,Pediatrics-PM&R,1808735C0,1,1,,,,,,,,
Ohio,Cincinnati,Pediatrics,Pediatrics-Medical Genetics,1808765C0,2,2,2,2,3,1,2,2,2,2
Ohio,Cleveland Clinic Fdn-OH,Cleveland,Anesthesiology,1968040C0,24,24,24,24,24,24,22,22,22,22
Ohio,Cleveland Clinic Fdn-OH,Cleveland,Anesthesiology/South Pointe,1968040C1,3,3,3,3,3,3,3,3,3,3
Ohio,Cleveland Clinic Fdn-OH,Cleveland,Dermatology,1968080C0,4,4,4,4,4,4,4,4,4,4
Ohio,Cleveland Clinic Fdn-OH,Cleveland,Family Medicine,1968120C0,5,5,4,4,5,5,5,5,4,4
Ohio,Cleveland Clinic Fdn-OH,Cleveland,Internal Medicine,1968140C0,45,45,46,46,46,46,44,44,42,42
Ohio,Cleveland Clinic Fdn-OH (Continued),Cleveland,Internal Med/Clin Ed,1968140C1,3,3,3,3,3,3,3,3,3,3
Ohio,Cleveland Clinic Fdn-OH (Continued),Cleveland,Internal Med/VA,1968140C2,6,6,6,6,6,6,6,6,6,6
Ohio,Internal Med/South Pointe,,Internal Med/Fairview,1968140C4,12,12,12,12,12,12,12,12,12,12
Ohio,Internal Med/South Pointe,,Internal Med/ABIM Research,1968140C5,2,2,,,,,,,,
Ohio,Internal Med/South Pointe,,Medicine-Primary,1968140M0,,,,,,,2,2,4,4
Ohio,Internal Med/South Pointe,,Medicine-Preliminary,1968140P0,,,,,,,2,0,,
Ohio,Internal Med/South Pointe,,Med-Prelim/Fairview,1968140P2,2,2,2,2,2,2,2,2,2,2
Ohio,Internal Med/South Pointe,Neurological Surgery,Neurology,1968180C0,12,12,12,12,12,12,12,12,12,12
Ohio,Internal Med/South Pointe,Neurological Surgery,Child Neurology,1968185C0,2,0,2,2,2,2,2,2,2,2
Ohio,Internal Med/South Pointe,Neurological Surgery,Child Neurology,1968185R0,,,,,,,1,1,,
Ohio,Internal Med/South Pointe,Neurological Surgery,Obstetrics-Gynecology,1968220C0,8,8,8,8,7,7,7,7,7,7
Ohio,Orthopaedic Surgery,,Ortho Surgery/South Pointe,1968260C2,3,3,3,3,3,3,3,3,3,3
Ohio,Orthopaedic Surgery,,Otolaryngology,1968280C0,4,4,4,4,4,4,4,4,4,4
Ohio,Orthopaedic Surgery,,Pathology,1968300C0,8,8,8,8,7,7,8,8,7,7
Ohio,Orthopaedic Surgery,,Pediatrics,1968320C0,11,11,15,15,14,14,12,12,13,13
Ohio,Orthopaedic Surgery,,Phys Medicine & Rehab,1968340A0,2,2,2,2,2,2,2,2,2,2
Ohio,Orthopaedic Surgery,Plastic Surgery (Integrated),Plastic Surg (Integ)/South Pointe,1968362C1,,,1,1,1,1,1,1,1,1
Ohio,Orthopaedic Surgery,Plastic Surgery (Integrated),Psychiatry,1968400C0,9,9,9,9,8,8,8,8,8,8
Ohio,Orthopaedic Surgery,Plastic Surgery (Integrated),Interventional Radiology (Integ),1968416A0,2,2,2,2,2,2,2,2,2,2
Ohio,Orthopaedic Surgery,Plastic Surgery (Integrated),Radiology-Diagnostic,1968420A0,10,10,10,10,10,10,8,8,8,8
Ohio,Orthopaedic Surgery,Plastic Surgery (Integrated),Radiology-Diagnostic,1968420R0,,,,,2,2,,,,
Ohio,Radiation Oncology,,General Surgery,1968440C0,11,11,11,11,10,10,10,10,10,10
Ohio,Radiation Oncology,,General Surgery/South Pointe,1968440C1,2,2,2,2,2,2,2,2,2,2
Ohio,Radiation Oncology,,Surgery-Preliminary,1968440P0,12,12,13,12,10,10,7,7,9,9
Ohio,Radiation Oncology,,Surg-Prelim/Int Radiology,1968440P3,1,1,,,1,1,2,0,,
Ohio,Radiation Oncology,,Vascular Surgery,1968451C0,3,3,3,3,3,3,3,3,3,3
Ohio,East Liverpool City Hosp-OH,East Liverpool,Family Medicine,2199120C0,4,1,4,4,4,4,4,3,4,3
Ohio,Lancaster,,Family Medicine/Osteopathic,2208120C0,5,4,4,0,5,1,4,1,4,4
Ohio,Lancaster,,Internal Medicine,2208140C0,4,4,4,2,4,2,4,4,4,4
Ohio,Sandusky,,Family Medicine,1984120C0,4,3,4,4,4,1,4,1,4,4
Ohio,Sandusky,,Transitional,1984999P0,4,3,4,2,4,4,4,4,4,4
Ohio,Cincinnati,,Internal Medicine,1550140C0,11,11,10,10,10,10,11,11,10,10
Ohio,Cincinnati,,Ob-Gyn/GSH Bethesda,1550220C0,8,8,8,8,8,8,8,8,8,8
Ohio,Cincinnati,,General Surgery,1550440C0,5,5,4,4,4,4,4,4,4,4
Ohio,Cincinnati,,Surgery-Preliminary,1550440P0,1,0,1,0,1,1,1,0,1,1
Ohio,Cincinnati,,Vascular Surgery,1550451C0,1,1,1,1,1,1,1,1,1,1
Ohio,Cincinnati,,Internal Medicine,1551140C0,14,14,13,13,12,12,14,14,13,12
Ohio,Cincinnati,,Medicine-Preliminary,1551140P0,6,2,6,6,7,3,8,4,11,8
Ohio,Cincinnati,,General Surgery,1551440C0,2,2,2,2,,,2,2,2,2
Ohio,Kettering Health Network-OH,Kettering,Anesthesiology/Grandview,1576040C0,3,3,3,3,3,3,3,3,3,3
Ohio,Kettering Health Network-OH,Kettering,Emergency Med/Grandview,1576110C0,6,1,6,6,6,5,6,3,6,4
Ohio,Family Medicine/Soin,,Family Med/Grandview,1576120C1,5,5,5,5,5,5,5,4,5,3
Ohio,Family Medicine/Soin,,Family Med/Soin Rural,1576120C2,2,2,2,2,2,2,2,2,2,1
Ohio,Family Medicine/Soin,,Internal Medicine/Kettering,1576140C0,11,6,11,11,11,11,11,11,11,10
Ohio,Family Medicine/Soin,,Internal Med/Grandview,1576140C1,6,6,6,6,6,6,6,6,6,5
Ohio,Family Medicine/Soin,,Neurology/Grandview,1576180C0,3,3,3,3,3,3,3,3,3,3
Ohio,Family Medicine/Soin,Ob-Gyn/Grandview,Ortho Surgery/Grandview,1576260C0,4,4,4,4,4,4,3,3,3,3
Ohio,Family Medicine/Soin,Ob-Gyn/Grandview,Otolaryngology/Grandview,1576280C0,1,1,1,1,1,1,1,1,1,1
Ohio,Family Medicine/Soin,Ob-Gyn/Grandview,Radiology-Diag/Grandview,1576420A0,2,2,2,2,2,2,2,2,2,2
Ohio,Family Medicine/Soin,Ob-Gyn/Grandview,General Surgery/Grandview,1576440C0,3,3,3,3,3,3,3,3,2,2
Ohio,Transitional/Kettering,,Transitional/Soin,1576999P1,,,5,5,5,5,5,5,5,5
Ohio,Transitional/Kettering,,Trans/Soin/Ophthalmology,1576999P2,,,1,1,1,1,1,1,1,1
Ohio,Transitional/Kettering,,Trans/Kettering/Ophthalmology,1576999P3,,,1,1,1,1,1,1,1,1
Ohio,Marietta,,Emergency Medicine,1954110C0,6,5,6,6,6,5,6,0,6,4
Ohio,Marietta,,Family Medicine/Osteopathic,1954120C0,4,3,4,4,4,3,4,4,4,4
Ohio,Fairfield,Family Medicine,Internal Medicine,2424140C0,12,6,12,12,,,,,,
Ohio,Mercy Health-Anderson Hosp-OH,Cincinnati,Emergency Medicine,2302110C0,6,4,6,6,,,,,,
Ohio,Family Medicine,,Internal Medicine,2302140C0,8,8,8,8,,,,,,
Ohio,Lorain,,Family Medicine,2485120C0,6,6,,,,,,,,
Ohio,Lima,,Emergency Medicine,2203110C0,6,5,6,6,6,6,6,1,6,5
Ohio,Lima,,Family Medicine,2203120C0,6,1,6,6,6,6,6,6,6,3
Ohio,Mercy St Vincent Med Ctr-OH,Toledo,Emergency Medicine,1580110C0,12,12,10,10,11,11,13,11,11,11
Ohio,Mercy St Vincent Med Ctr-OH,Toledo,Family Medicine,1580120C0,6,0,6,6,6,6,6,6,6,6
Ohio,Family Medicine/Perrysburg,,Internal Medicine,1580140C0,12,12,12,12,12,12,12,12,12,12
Ohio,Family Medicine/Perrysburg,,Neurology,1580180A0,5,5,5,5,4,4,4,4,4,4
Ohio,Family Medicine/Perrysburg,,Neurology,1580180R0,,,1,1,,,,,,
Ohio,Family Medicine/Perrysburg,,Obstetrics-Gynecology,1580220C0,4,4,4,4,4,4,4,4,4,4
Ohio,Family Medicine/Perrysburg,,Orthopaedic Surgery,1580260C0,3,3,3,3,3,3,3,3,3,3
Ohio,Family Medicine/Perrysburg,Pediatrics,General Surgery,1580440C0,3,3,3,3,3,3,3,3,3,3
Ohio,Family Medicine/Perrysburg,Pediatrics,Transitional,1580999P0,3,3,3,3,4,4,4,4,4,4
Ohio,Family Medicine/Perrysburg,Pediatrics,Transitional/Neurology,1580999P1,5,5,5,5,4,4,4,4,4,4
Ohio,Mount Carmel Health System-OH,Grove City,Family Medicine,1565120C0,7,4,7,7,7,3,7,6,7,7
Ohio,Mount Carmel Health System-OH,Grove City,Internal Medicine,1565140C0,9,5,9,6,9,1,9,1,9,5
Ohio,Mount Carmel Health System-OH,Grove City,Orthopaedic Surgery,1565260C0,3,3,2,2,2,2,2,2,2,2
Ohio,Mount Carmel Health System-OH,Grove City,General Surgery,1565440C0,4,4,3,3,3,3,3,3,3,3
Ohio,Surgery-Preliminary,,Transitional,1565999P0,,,,,,,4,4,4,4
Ohio,Columbus,,Child Neurology,1351185C0,5,5,4,4,5,5,5,5,5,5
Ohio,Columbus,Child Neurology/Research,Child Neurology,1351185R0,,,1,1,,,2,0,,
Ohio,Columbus,Child Neurology/Research,Pediatrics,1351320C0,36,36,36,36,36,36,33,33,34,34
Ohio,Columbus,Child Neurology/Research,Pediatrics/Research,1351320C2,2,2,2,2,2,2,,,,
Ohio,Columbus,Child Neurology/Research,Pediatrics-Primary,1351320M0,3,3,4,4,4,4,4,4,4,4
Ohio,Columbus,Child Neurology/Research,Pediatrics-Medical Genetics,1351765C0,1,1,,,,,1,1,,
Ohio,Ohio State University Med Ctr,Columbus,Anest/Clinical Base Year,1566040C0,20,20,20,20,20,20,16,16,16,16
Ohio,Ohio State University Med Ctr,Columbus,Anesthesiology,1566040R1,1,1,2,2,6,6,2,2,2,1
Ohio,Ohio State University Med Ctr,Columbus,Dermatology,1566080A0,2,2,2,2,2,2,2,2,2,2
Ohio,Dermatology,,Emergency Medicine,1566110C0,16,16,16,16,16,16,16,16,16,16
Ohio,Dermatology,,Family Med/Rardin FPC,1566120C0,9,8,8,8,9,9,8,8,9,9
Ohio,Dermatology,,Internal Medicine,1566140C0,28,28,28,28,24,24,25,25,26,26
Ohio,Dermatology,,Internal Medicine/Research,1566140C1,2,2,3,3,5,5,4,4,3,3
Ohio,Dermatology,,Internal Med/Intl Scholars,1566140C4,2,2,2,2,2,2,2,2,2,2
Ohio,Dermatology,Medicine-Primary,Medicine-Preliminary,1566140P0,,,,,6,6,6,6,6,6
Ohio,Dermatology,Medicine-Primary,Neurological Surgery,1566160C0,4,4,4,4,4,4,3,3,3,3
Ohio,Dermatology,Medicine-Primary,Neurology,1566180C0,8,8,8,8,8,8,8,8,8,8
Ohio,Ohio State University Med Ctr,Columbus,Neurology,1566180R0,,,,,,,,,2,2
Ohio,Ohio State University Med Ctr,Columbus,Obstetrics-Gynecology,1566220C0,11,11,11,11,11,11,11,11,11,11
Ohio,Orthopaedic Surgery,,Otolaryngology,1566280C0,5,5,5,5,5,5,5,5,5,5
Ohio,Orthopaedic Surgery,,Pathology,1566300C0,5,5,4,4,4,4,4,4,4,4
Ohio,Orthopaedic Surgery,,Phys Medicine & Rehab,1566340A0,4,4,4,4,4,4,4,4,4,4
Ohio,Orthopaedic Surgery,,Phys Medicine & Rehab,1566340C0,3,3,3,3,2,2,3,3,3,3
Ohio,Orthopaedic Surgery,,Plastic Surgery (Integrated),1566362C0,5,5,4,4,4,4,4,4,4,4
Ohio,Orthopaedic Surgery,Psychiatry,Psychiatry/Research,1566400C1,2,2,2,2,,,1,1,,
Ohio,Orthopaedic Surgery,Psychiatry,Interventional Radiology (Integ),1566416A0,3,3,3,3,2,2,2,2,2,2
Ohio,Orthopaedic Surgery,Psychiatry,Radiology-Diagnostic,1566420A0,11,11,11,11,11,11,11,11,11,11
Ohio,Orthopaedic Surgery,Psychiatry,Radiation Oncology,1566430A0,2,2,3,3,2,2,3,3,2,2
Ohio,General Surgery,,Surgery-Preliminary,1566440P0,6,1,5,1,5,3,5,0,5,3
Ohio,General Surgery,,Vascular Surgery,1566451C0,1,1,1,1,1,1,1,1,1,1
Ohio,General Surgery,,Thoracic Surgery,1566461C0,1,1,1,1,1,1,1,1,1,1
Ohio,General Surgery,,Medicine-Pediatrics,1566700C0,10,10,10,10,10,10,10,10,10,10
Ohio,General Surgery,,Emergency Med/Internal Med,1566705C0,3,3,3,3,2,2,2,2,2,2
Ohio,Columbus,,Anesthesiology,2122040C0,3,3,3,3,2,2,2,2,2,2
Ohio,Columbus,,Emergency Medicine,2122110C0,8,8,9,9,8,8,8,4,8,8
Ohio,Columbus,,Family Medicine/Osteopathic,2122120C0,6,3,6,4,6,6,6,2,6,4
Ohio,Columbus,Internal Medicine,Obstetrics-Gynecology,2122220C0,6,6,6,6,6,6,6,6,6,6
Ohio,Columbus,Internal Medicine,Orthopaedic Surgery,2122260C0,5,5,5,5,5,5,5,5,5,5
Ohio,Columbus,Internal Medicine,Otolaryngology,2122280C0,1,1,,,1,1,1,1,1,1
Ohio,Columbus,Internal Medicine,General Surgery,2122440C0,4,4,4,4,4,4,4,4,4,4
Ohio,OhioHealth-Dublin Methodist Hosp,Dublin,Family Medicine,2100120C0,6,6,6,6,6,6,6,6,6,6
Ohio,Athens,,Family Medicine,2221120C0,4,4,4,4,4,4,4,4,4,4
Ohio,Columbus,,Dermatology,1567080C0,2,2,2,2,2,2,2,2,2,2
Ohio,Columbus,,Family Medicine,1567120C0,6,5,6,6,6,6,6,6,6,6
Ohio,Columbus,,Internal Medicine,1567140C0,18,18,18,18,18,13,18,18,18,18
Ohio,Columbus,,Medicine-Preliminary,1567140P0,4,4,4,4,4,4,4,4,6,6
Ohio,Columbus,Obstetrics-Gynecology,Psychiatry,1567400C0,3,3,3,3,3,3,3,3,3,3
Ohio,Columbus,Obstetrics-Gynecology,General Surgery,1567440C0,5,5,5,5,5,5,5,5,5,5
Ohio,OhioHealth-Riverside Methodist,Columbus,Surgery-Preliminary,1567440P0,4,0,4,0,4,1,4,2,4,1
Ohio,OhioHealth-Riverside Methodist,Columbus,Transitional,1567999P0,12,12,12,12,12,12,12,12,12,12
Ohio,St Elizabeth Boardman Hosp-OH,Boardman,Emergency Medicine,1904110C0,9,6,9,9,9,9,9,3,9,9
Ohio,St Elizabeth Boardman Hosp-OH,Boardman,Family Medicine,1904120C0,5,5,5,5,6,6,6,6,5,5
Ohio,St Elizabeth Boardman Hosp-OH,Boardman,Otolaryngology,1904280C0,1,1,1,1,1,1,1,1,1,1
Ohio,St Elizabeth Youngstown Hosp-OH,Youngstown,Family Medicine,1584120C0,3,3,4,4,4,4,4,4,4,4
Ohio,St Elizabeth Youngstown Hosp-OH,Youngstown,Internal Medicine,1584140C0,11,11,11,11,11,11,11,11,11,11
Ohio,St Elizabeth Youngstown Hosp-OH,Youngstown,Orthopaedic Surgery,1584260C0,3,3,3,3,3,3,3,3,3,3
Ohio,General Surgery,,Transitional,1584999P0,4,4,4,4,4,2,4,4,4,4
Ohio,Cleveland,,Internal Medicine,1560140C0,,,,,,,,,12,12
Ohio,Akron,,Emergency Medicine,1541110C0,10,8,8,8,8,8,8,6,8,8
Ohio,Akron,,Family Medicine,1541120C0,8,5,8,6,7,6,8,8,7,7
Ohio,Akron,,Family Med/Barberton Campus,1541120C1,5,4,6,6,5,5,6,0,6,6
Ohio,Akron,Internal Medicine,Medicine-Preliminary,1541140P0,3,3,3,2,3,1,2,1,2,2
Ohio,Akron,Internal Medicine,Obstetrics-Gynecology,1541220C0,7,7,7,7,7,7,6,6,6,6
Ohio,Akron,Internal Medicine,Orthopaedic Surgery,1541260C0,4,4,4,4,4,4,3,3,4,4
Ohio,Akron,Internal Medicine,Pathology,1541300C0,2,2,2,2,2,2,2,2,3,3
Ohio,Psychiatry,,General Surgery,1541440C0,4,4,4,4,4,4,4,4,4,4
Ohio,Psychiatry,,Transitional,1541999P0,10,10,10,10,10,10,10,10,10,10
Ohio,Cleveland,Anesthesiology,Anesthesiology,1553040C0,4,4,4,4,4,4,4,4,3,3
Ohio,Cleveland,Anesthesiology,Dermatology,1553080A0,3,3,3,3,2,2,3,3,3,3
Ohio,Cleveland,Anesthesiology,Emergency Medicine,1553110C0,13,13,13,13,13,13,13,7,13,13
Ohio,Cleveland,Anesthesiology,Family Medicine,1553120C0,9,9,9,5,9,9,9,6,6,6
Ohio,Cleveland,Anesthesiology,Internal Medicine,1553140C0,21,21,22,22,21,21,22,22,22,22
Ohio,Internal Med/Leadership in Med Ed,,Med-Primary/Vulnerable Pop,1553140M1,2,2,1,1,2,2,2,0,2,2
Ohio,Internal Med/Leadership in Med Ed,,Medicine-Preliminary,1553140P0,2,2,2,2,4,4,5,4,5,5
Ohio,Internal Med/Leadership in Med Ed,,Med-Prelim/Anesthesiology,1553140P1,1,1,1,1,,,1,0,1,1
Ohio,Internal Med/Leadership in Med Ed,,Med-Prelim/Radiology,1553140P2,3,3,3,3,2,2,,,,
Ohio,Internal Med/Leadership in Med Ed,,Neurology,1553180C0,2,2,,,,,,,,
Ohio,Internal Med/Leadership in Med Ed,Obstetrics-Gynecology,Pathology,1553300C0,,,,,,,2,2,3,3
Ohio,Internal Med/Leadership in Med Ed,Obstetrics-Gynecology,Pediatrics,1553320C0,8,8,8,8,8,8,8,8,8,8
Ohio,The MetroHealth Sys/Case Western-OH,Cleveland,Phys Medicine & Rehab,1553340C0,6,6,6,6,6,6,6,6,6,6
Ohio,The MetroHealth Sys/Case Western-OH,Cleveland,Phys Medicine & Rehab,1553340R0,1,1,,,,,,,,
Ohio,Psychiatry,,Radiology-Diagnostic,1553420A0,6,6,6,6,5,5,5,5,4,4
Ohio,Psychiatry,,General Surgery,1553440C0,4,4,4,4,3,3,3,3,3,3
Ohio,Psychiatry,,Surgery-Preliminary,1553440P0,3,1,3,0,3,1,5,2,2,1
Ohio,Psychiatry,,Medicine-Pediatrics,1553700C0,6,6,6,6,6,6,6,6,6,6
Ohio,Steubenville,,Emergency Medicine,2308110C0,8,8,8,8,8,8,8,3,7,1
Ohio,Steubenville,,Internal Medicine,2308140C0,10,8,10,10,10,10,10,10,10,8
Ohio,Cincinnati,,Anesthesiology,1548040C0,12,12,10,10,10,10,10,10,8,8
Ohio,Cincinnati,,Anesthesiology/Military,1548040R0,,,1,1,,,,,,
Ohio,Cincinnati,,Anesthesiology,1548040R1,2,2,,,,,,,,
Ohio,Cincinnati,,Dermatology,1548080A0,3,3,4,4,3,3,3,3,4,4
Ohio,Cincinnati,,Emergency Medicine,1548110C0,14,14,14,14,14,14,14,14,14,14
Ohio,Cincinnati,Internal Medicine,Internal Med/Clinical Sci,1548140C1,1,1,2,2,2,2,2,2,1,1
Ohio,Cincinnati,Internal Medicine,Medicine-Preliminary,1548140P0,3,3,3,3,3,3,3,3,3,3
Ohio,Cincinnati,Internal Medicine,Med-Prelim/Ophthalmology,1548140P2,4,4,4,4,4,4,4,4,4,4
Ohio,Cincinnati,Internal Medicine,Neurological Surgery,1548160C0,3,3,2,2,2,2,2,2,2,2
Ohio,Neurological Surgery/Military,,Neurology,1548180C0,10,10,10,10,10,10,10,10,10,10
Ohio,Neurological Surgery/Military,,Obstetrics-Gynecology,1548220C0,7,7,7,7,7,7,7,7,7,7
Ohio,Neurological Surgery/Military,,Orthopaedic Surgery,1548260C0,5,5,5,5,5,5,5,5,5,5
Ohio,Neurological Surgery/Military,,Otolaryngology,1548280C0,5,5,5,5,5,5,5,5,4,4
Ohio,Neurological Surgery/Military,,Pathology,1548300C0,3,3,3,3,3,3,3,3,3,3
Ohio,Neurological Surgery/Military,Phys Medicine & Rehab,Plastic Surgery (Integrated),1548362C0,1,1,1,1,1,1,1,1,1,1
Ohio,Neurological Surgery/Military,Phys Medicine & Rehab,Occupational & Environmental Med,1548382R0,1,0,2,2,,,,,,
Ohio,Neurological Surgery/Military,Phys Medicine & Rehab,Psychiatry,1548400C0,8,8,7,7,7,7,6,6,6,6
Ohio,Neurological Surgery/Military,Phys Medicine & Rehab,Interventional Radiology (Integ),1548416A0,1,1,1,1,1,1,1,1,,
Ohio,Neurological Surgery/Military,Phys Medicine & Rehab,Radiology-Diagnostic,1548420A0,8,8,8,8,8,8,8,8,8,8
Ohio,Radiation Oncology,,Radiation Oncology,1548430R0,,,,,1,1,,,,
Ohio,Radiation Oncology,,General Surgery,1548440C0,7,7,6,6,6,6,6,6,6,6
Ohio,Radiation Oncology,,Surgery-Preliminary,1548440P1,1,0,1,0,1,1,1,0,1,0
Ohio,Radiation Oncology,,Vascular Surgery,1548451C0,1,1,1,1,1,1,1,1,1,1
Ohio,Radiation Oncology,Thoracic Surgery,Medicine-Pediatrics,1548700C0,8,8,8,8,7,7,7,7,7,7
Ohio,Radiation Oncology,Thoracic Surgery,Psychiatry-Family Med,1548720C0,2,2,2,2,2,2,2,2,2,2
Ohio,Radiation Oncology,Thoracic Surgery,Pediatrics-PM&R,1548735C0,,,1,1,1,1,1,1,1,1
Ohio,U Cincinnati West Chester Hosp-OH,West Chester,Family Medicine,2343120C0,6,3,6,6,6,5,6,3,,
Ohio,U Cincinnati West Chester Hosp-OH,West Chester,Transitional,2343999P0,6,6,,,,,,,,
Ohio,Univ Hosps Community Consortium-OH,Westlake,Emergency Medicine/SJMC,2189110C0,,,4,3,4,3,6,2,6,2
Ohio,Univ Hosps Community Consortium-OH,Westlake,Family Medicine/SJMC,2189120C0,4,4,4,4,4,4,4,3,4,4
Ohio,Fam Med/Osteo/Regionals,,Internal Medicine/Parma,2189140C0,8,8,8,8,8,8,8,8,8,2
Ohio,Fam Med/Osteo/Regionals,,Internal Medicine/Regionals,2189140C1,8,4,8,8,7,7,7,6,7,6
Ohio,Fam Med/Osteo/Regionals,,Internal Medicine/SJMC,2189140C2,8,6,8,8,8,8,6,6,6,6
Ohio,Fam Med/Osteo/Regionals,,Med-Prelim/Regionals,2189140P0,4,4,4,1,,,,,,
Ohio,Fam Med/Osteo/Regionals,,PM&R/Osteopathic/Regionals,2189340C0,3,3,3,3,3,3,3,3,3,3
Ohio,University of Toledo-OH,Toledo,Anesthesiology,1579040C0,5,5,5,5,4,4,4,4,5,5
Ohio,University of Toledo-OH,Toledo,Emergency Medicine,1579110C0,8,6,8,8,8,8,8,5,8,7
Ohio,Family Medicine,,Internal Medicine,1579140C0,13,13,16,16,15,15,12,12,14,14
Ohio,Family Medicine,,Medicine-Primary,1579140M0,4,4,4,4,4,4,4,4,4,4
Ohio,Family Medicine,,Medicine-Preliminary,1579140P0,3,3,5,5,4,4,4,4,6,5
Ohio,Family Medicine,,Neurology,1579180C0,6,6,6,6,5,5,5,5,5,5
Ohio,Family Medicine,Neurology/PG2,Obstetrics-Gynecology,1579220C0,5,5,5,5,5,5,5,5,5,5
Ohio,Family Medicine,Neurology/PG2,Orthopaedic Surgery,1579260C0,4,4,4,4,4,4,4,4,4,4
Ohio,Family Medicine,Neurology/PG2,Pathology,1579300C0,2,2,2,2,2,2,2,2,2,2
Ohio,Family Medicine,Neurology/PG2,Pediatrics,1579320C0,7,6,8,5,10,6,10,5,10,5
Ohio,Family Medicine,Neurology/PG2,Phys Medicine & Rehab,1579340A0,3,3,3,3,3,3,3,3,3,3
Ohio,Psychiatry,,Psychiatry/Child-Adolescent Trk,1579400C1,1,1,1,1,1,1,,,1,1
Ohio,Psychiatry,,Radiology-Diagnostic,1579420A0,4,4,4,4,4,4,4,4,4,4
Ohio,Psychiatry,,Radiology-Diagnostic,1579420R0,1,1,,,,,,,,
Ohio,Psychiatry,,General Surgery,1579440C0,5,5,5,5,5,5,5,5,5,5
Ohio,Psychiatry,,Surgery-Preliminary,1579440P0,5,3,5,3,5,1,5,2,5,3
Ohio,Warren,,Family Medicine,1585120C0,,,,,,,6,6,6,1
Ohio,Warren,,Internal Medicine,1585140C0,,,12,12,12,12,12,12,12,12
Ohio,Warren,,Medicine-Preliminary,1585140P0,,,1,1,2,1,2,1,1,1
Ohio,Warren,General Surgery,Surgery-Preliminary,1585440P0,,,,,2,2,2,2,2,2
Ohio,Western Reserve Hosp-OH,Cuyahoga Falls,Family Medicine,2179120C0,,,,,2,1,2,2,2,1
Ohio,Internal Medicine,,Orthopaedic Surgery,2179260C0,2,2,2,2,2,2,2,2,2,2
Ohio,Internal Medicine,,Otolaryngology,2179280C0,1,1,1,1,1,1,1,1,1,1
Ohio,Internal Medicine,,General Surgery,2179440C0,2,2,2,2,2,2,2,2,2,2
Ohio,Dayton,,Dermatology,2011080A0,2,2,2,2,2,2,2,2,2,2
Ohio,Dayton,,Emergency Medicine,2011110C0,8,8,8,8,8,8,8,2,8,5
Ohio,Dayton,,Family Medicine,2011120C0,10,10,10,10,10,6,10,9,10,10
Ohio,Dayton,,Family Medicine/Rural,2011120C1,3,1,3,2,3,3,3,3,,
Ohio,Dayton,,Internal Medicine,2011140C0,12,12,12,12,12,4,11,10,11,9
Ohio,Dayton,Neurology,Obstetrics-Gynecology,2011220C0,3,3,3,3,3,3,3,3,3,3
Ohio,Dayton,Neurology,Orthopedic Surgery,2011260C0,2,2,2,2,2,2,2,2,2,2
Ohio,Dayton,Neurology,Ortho Surgery/Research,2011260C1,2,2,2,2,2,2,2,2,2,2
Ohio,Dayton,Neurology,Pediatrics,2011320C0,10,10,8,8,10,10,9,9,9,9
Ohio,Dayton,Neurology,Plastic Surgery (Integrated),2011362C0,2,2,2,2,2,2,2,2,2,2
Ohio,Psychiatry,,General Surgery,2011440C0,3,3,3,3,3,3,3,3,3,3
Ohio,Psychiatry,,Surgery-Preliminary,2011440P0,1,1,1,1,1,1,1,1,1,1
Oklahoma,Griffin Memorial Hospital-OK,Norman,Psychiatry,1184400C0,,,,,,,6,6,6,6
Oklahoma,Family Medicine,,Family Medicine/Urban,3192120C1,2,,,,,,,,,
Oklahoma,Oklahoma City,,Emergency Medicine,1830110C0,8,8,8,8,8,8,6,5,8,8
Oklahoma,Oklahoma City,Family Medicine,Radiology-Diagnostic,1830420A0,4,4,4,4,5,5,4,4,4,4
Oklahoma,Oklahoma City,Family Medicine,Radiology-Diagnostic,1830420R1,,,,,,,,,1,1
Oklahoma,Family Medicine/Tulsa,,Family Medicine/Talihina,2171120C1,4,4,4,2,5,3,4,4,3,3
Oklahoma,Family Medicine/Tulsa,,Family Medicine/Ada,2171120C2,4,3,4,1,4,1,4,1,4,4
Oklahoma,Family Medicine/Tulsa,,Family Med/Cherokee Nation,2171120C3,7,4,6,6,8,4,,,,
Oklahoma,Family Medicine/Tulsa,,Family Medicine/Enid,2171120C4,3,0,4,0,,,,,,
Oklahoma,Family Medicine/Tulsa,,Internal Medicine,2171140C1,5,0,5,1,5,1,5,2,5,1
Oklahoma,Family Medicine/Tulsa,Obstetrics-Gynecology/Osteopathic,Pediatrics/Osteopathic,2171320C0,9,5,10,6,10,6,5,4,6,2
Oklahoma,Family Medicine/Tulsa,Obstetrics-Gynecology/Osteopathic,Pediatrics/Osteo-Tribal,2171320C1,3,1,3,1,3,1,3,0,3,1
Oklahoma,Family Medicine/Tulsa,Obstetrics-Gynecology/Osteopathic,Psychiatry,2171400C0,8,2,8,8,8,8,,,,
Oklahoma,Oklahoma State U Ctr for Health,Tulsa,Anesthesiology,2162040C0,3,3,2,2,3,3,4,4,3,3
Oklahoma,Oklahoma State U Ctr for Health,Tulsa,Emergency Med/Osteopathic,2162110C0,8,8,7,5,7,7,6,5,7,6
Oklahoma,Oklahoma State U Ctr for Health,Tulsa,Emergency Med/Lawton,2162110C1,6,6,7,4,6,6,6,2,6,5
Oklahoma,Oklahoma State U Ctr for Health,Tulsa,Emergency Med/Norman,2162110C2,5,4,8,8,5,4,6,4,6,6
Oklahoma,Oklahoma State U Ctr for Health,Tulsa,Family Medicine/Tulsa,2162120C0,,,,,,,,,9,4
Oklahoma,Family Medicine/Lawton,,Family Medicine/Durant,2162120C4,5,3,5,4,5,5,5,4,5,1
Oklahoma,Tulsa,,Family Medicine/McAlester,2162120C5,4,3,4,0,4,2,4,1,4,3
Oklahoma,Tulsa,,Family Med/Cherokee Nation,2162120C6,,,,,,,8,7,6,6
Oklahoma,Tulsa,Internal Medicine/Tulsa,Internal Medicine/Stillwater,2162140C1,5,5,5,5,5,5,5,3,5,5
Oklahoma,Tulsa,Internal Medicine/Tulsa,Med-Prelim/Radiology,2162140P0,4,2,4,4,3,1,3,2,3,2
Oklahoma,Tulsa,Internal Medicine/Tulsa,Neurology,2162180C0,4,2,,,,,,,,
Oklahoma,Tulsa,Internal Medicine/Tulsa,Orthopaedic Surgery,2162260C0,3,3,3,3,2,2,2,2,2,2
Oklahoma,Tulsa,Internal Medicine/Tulsa,Otolaryngology,2162280C0,2,2,2,2,2,2,1,1,1,1
Oklahoma,Pediatrics/Osteopathic,,Psychiatry,2162400C0,8,8,8,8,8,8,6,6,6,6
Oklahoma,Pediatrics/Osteopathic,,Radiology-Diagnostic,2162420A0,4,4,4,4,3,3,3,3,3,3
Oklahoma,Pediatrics/Osteopathic,,Radiology-Diagnostic,2162420R0,,,1,1,,,,,,
Oklahoma,Pediatrics/Osteopathic,,General Surgery,2162440C0,5,5,5,5,3,3,3,3,3,3
Oklahoma,Oklahoma City,,Family Medicine,2087120C0,9,9,9,9,9,9,9,9,9,9
Oklahoma,Oklahoma City,,Obstetrics-Gynecology,2087220C0,3,3,3,3,3,3,3,3,3,3
Oklahoma,Oklahoma City,,Transitional,2087999P0,6,6,,,6,6,6,6,6,6
Oklahoma,Oklahoma City,,Anesthesiology,1588040C0,16,16,12,12,12,12,12,12,12,12
Oklahoma,Oklahoma City,,Dermatology,1588080A0,3,3,3,3,4,4,3,3,3,3
Oklahoma,Oklahoma City,,Dermatology,1588080R0,,,1,1,,,1,1,,
Oklahoma,Oklahoma City,Family Medicine,Internal Medicine,1588140C0,25,25,24,24,19,19,19,19,20,20
Oklahoma,Oklahoma City,Family Medicine,Med-Prelim/Rad-Onc,1588140P0,2,2,1,0,2,2,4,4,6,4
Oklahoma,Oklahoma City,Family Medicine,Neurological Surgery,1588160C0,2,2,2,2,2,2,1,1,2,2
Oklahoma,Oklahoma City,Family Medicine,Neurology,1588180C0,8,8,8,8,8,8,6,6,6,6
Oklahoma,Oklahoma City,Family Medicine,Neurology,1588180R0,,,,,2,2,,,,
Oklahoma,Child Neurology,,Nuclear Medicine,1588200A0,,,1,1,1,1,1,0,1,0
Oklahoma,Child Neurology,,Obstetrics-Gynecology,1588220C0,7,7,7,7,7,7,6,6,6,6
Oklahoma,Child Neurology,,Orthopaedic Surgery,1588260C0,7,7,7,7,7,7,7,7,6,6
Oklahoma,Child Neurology,,Otolaryngology,1588280C0,3,3,3,3,3,3,2,2,2,2
Oklahoma,Child Neurology,,Pathology,1588300C0,4,4,3,3,3,3,5,5,4,4
Oklahoma,Child Neurology,Pediatrics,Psychiatry,1588400C0,8,8,8,8,6,6,6,6,6,6
Oklahoma,Child Neurology,Pediatrics,Psychiatry/Child & Adolescent,1588400C1,2,2,2,2,,,,,,
Oklahoma,Child Neurology,Pediatrics,Interventional Radiology (Integ),1588416C0,2,1,,,,,,,,
Oklahoma,Child Neurology,Pediatrics,Radiology-Diagnostic,1588420A0,6,6,6,6,6,6,6,6,6,6
Oklahoma,Radiology-Diagnostic,,Radiation Oncology,1588430A0,2,2,1,1,2,2,2,2,2,1
Oklahoma,Radiology-Diagnostic,,Radiation Oncology,1588430R0,,,,,,,1,1,,
Oklahoma,Radiology-Diagnostic,,General Surgery,1588440C0,6,6,6,6,6,6,6,6,6,6
Oklahoma,Radiology-Diagnostic,,General Surgery/Rural,1588440C2,1,1,1,1,,,,,,
Oklahoma,Radiology-Diagnostic,,Surgery-Preliminary,1588440P0,,,,,,,1,1,6,3
Oklahoma,Radiology-Diagnostic,Medicine-Pediatrics,Pediatrics-Medical Genetics,1588765C0,,,,,,,,,1,1
Oklahoma,U Oklahoma COM-Tulsa,Tulsa,Emergency Medicine,2727110C0,10,10,10,10,9,9,9,9,9,9
Oklahoma,U Oklahoma COM-Tulsa (Continued),Tulsa,Family Medicine,2727120C0,8,7,8,8,8,8,8,5,8,8
Oklahoma,U Oklahoma COM-Tulsa (Continued),Tulsa,Internal Medicine,2727140C0,11,11,12,12,11,11,11,11,11,11
Oklahoma,Medicine-Preliminary,,Obstetrics-Gynecology,2727220C0,4,4,4,4,4,4,4,4,4,4
Oklahoma,Medicine-Preliminary,,Pediatrics,2727320C0,8,5,8,8,8,8,8,8,8,8
Oklahoma,Medicine-Preliminary,,Psychiatry,2727400C0,6,6,6,6,5,5,5,5,5,5
Oklahoma,Medicine-Preliminary,,General Surgery,2727440C0,4,4,4,4,4,4,4,4,4,4
Oklahoma,Medicine-Preliminary,,Surgery-Preliminary,2727440P0,2,2,2,2,,,2,2,2,2
Oregon,Legacy Emanuel/Good Samaritan-OR,Portland,Internal Medicine,1594140C0,18,18,18,18,18,18,18,18,18,18
Oregon,Oregon Health & Science Univ,Portland,Anesthesiology,1599040A0,2,2,2,2,2,2,2,2,,
Oregon,Oregon Health & Science Univ,Portland,Anesthesiology,1599040C0,11,11,11,11,11,11,11,11,12,12
Oregon,Oregon Health & Science Univ,Portland,Anesthesiology/Clin Scientist,1599040C2,1,1,1,1,1,1,1,1,,
Oregon,Anesthesiology/CCM,,Anesthesiology,1599040R0,,,,,,,3,3,,
Oregon,Anesthesiology/CCM,,Dermatology,1599080A0,4,4,5,5,4,4,4,4,4,4
Oregon,Anesthesiology/CCM,,Derm/2+2 Research,1599080A1,,,,,,,,,1,1
Oregon,Anesthesiology/CCM,,Derm/Academic Medical,1599080A2,,,,,1,1,1,1,,
Oregon,Anesthesiology/CCM,,Dermatology/Peds Derm Focus,1599080A3,1,1,,,,,,,,
Oregon,Anesthesiology/CCM,Emergency Medicine,Family Medicine,1599120C0,12,7,12,12,12,12,12,12,12,12
Oregon,Anesthesiology/CCM,Emergency Medicine,Family Med/Cascades East,1599120C2,9,9,9,9,9,9,9,9,8,8
Oregon,Anesthesiology/CCM,Emergency Medicine,Family Med/Hillsboro,1599120C3,8,6,8,8,8,8,8,8,8,8
Oregon,Anesthesiology/CCM,Emergency Medicine,Family Med/Three Sisters RTP,1599120C4,3,0,3,3,3,1,,,,
Oregon,Anesthesiology/CCM,Emergency Medicine,Internal Medicine,1599140C0,38,38,36,36,37,37,35,35,35,35
Oregon,Internal Medicine/Hillsboro,,Neurological Surgery,1599160C0,3,3,3,3,3,3,3,3,3,3
Oregon,Internal Medicine/Hillsboro,,Neurology,1599180C0,6,6,6,6,5,5,5,5,5,5
Oregon,Internal Medicine/Hillsboro,,Child Neurology,1599185C0,1,0,1,1,1,1,1,1,1,1
Oregon,Internal Medicine/Hillsboro,,Neurodevelopmental Disabilities,1599186C0,,,1,0,,,,,,
Oregon,Internal Medicine/Hillsboro,,Obstetrics-Gynecology,1599220C0,8,8,8,8,8,8,8,8,7,7
Oregon,Internal Medicine/Hillsboro,Orthopaedic Surgery,Otolaryngology,1599280C0,4,4,4,4,3,3,3,3,3,3
Oregon,Internal Medicine/Hillsboro,Orthopaedic Surgery,Pathology/Anatomic and Clinical,1599300C0,4,4,3,3,4,4,4,4,3,3
Oregon,Internal Medicine/Hillsboro,Orthopaedic Surgery,Pathology/AP/NP,1599300C1,,,1,1,,,,,,
Oregon,Internal Medicine/Hillsboro,Orthopaedic Surgery,Pediatrics,1599320C0,18,18,18,18,18,18,18,18,18,18
Oregon,Plastic Surgery (Integrated),,Public Health & Preventive Med/2yr-MPH,1599380R0,2,1,2,2,,,,,,
Oregon,Plastic Surgery (Integrated),Available,Psychiatry,1599400C0,12,12,12,12,8,8,8,8,8,8
Oregon,Interventional Radiology (Integ),,Interventional Radiology (Integ),1599416R0,1,1,1,0,,,,,,
Oregon,Interventional Radiology (Integ),,Radiology-Diagnostic,1599420A0,6,6,6,6,6,6,5,5,5,5
Oregon,Interventional Radiology (Integ),,Radiation Oncology,1599430A0,2,2,2,2,,,2,2,2,2
Oregon,Interventional Radiology (Integ),,General Surgery,1599440C0,12,12,12,12,12,12,12,12,12,12
Oregon,Interventional Radiology (Integ),Surgery-Preliminary,Surg-Prelim/Int Radiology,1599440P4,1,,,,,,,,,
Oregon,Interventional Radiology (Integ),Surgery-Preliminary,Vascular Surgery,1599451C0,1,1,1,1,1,1,1,1,,
Oregon,Oregon Health & Science Univ,Portland,Transitional/Radiology,1599999P0,1,1,3,3,3,3,3,3,3,3
Oregon,Oregon Health & Science Univ,Portland,Transitional,1599999P1,5,5,3,3,2,2,1,1,1,1
Oregon,Portland,,Family Medicine/Milwaukie,1827120C0,6,6,7,7,7,7,7,7,7,7
Oregon,Portland,,Family Medicine/Hood River,1827120C1,2,1,2,2,2,2,2,2,2,2
Oregon,Portland,Internal Medicine/Portland,Internal Medicine/St Vincent,1827140C1,8,8,8,8,8,8,8,8,8,8
Oregon,Portland,Internal Medicine/Portland,Med-Prelim/Portland,1827140P0,4,2,4,4,4,4,4,3,4,4
Oregon,Portland,Internal Medicine/Portland,Med-Prelim/St Vincent,1827140P1,4,4,4,2,4,4,4,4,4,4
Oregon,Roseburg Family Medicine-OR,Roseburg,Family Medicine,2190120C0,8,5,8,4,8,8,8,6,8,8
Oregon,Samaritan Health Services-Corvallis-OR,Corvallis,Dermatology,1715080A0,3,3,2,2,2,2,2,2,2,2
Oregon,Dermatology,,Family Medicine,1715120C0,8,4,8,8,7,7,9,9,9,9
Oregon,Dermatology,,Family Medicine/RTT-Newport,1715120C1,3,2,2,2,3,3,3,3,3,3
Oregon,Dermatology,,Internal Medicine,1715140C0,9,7,9,8,9,9,9,8,9,9
Oregon,Dermatology,,Medicine-Preliminary,1715140P0,2,1,2,2,2,2,2,2,2,2
Oregon,Dermatology,Orthopaedic Surgery,Psychiatry,1715400C0,3,,3,3,4,4,2,2,2,
Oregon,Dermatology,Orthopaedic Surgery,Psychiatry/Child Psych,1715400C1,1,1,1,1,,,2,2,2,2
Oregon,Dermatology,Orthopaedic Surgery,General Surgery,1715440C0,2,2,2,2,2,2,2,2,2,2
Oregon,Dermatology,Orthopaedic Surgery,Surgery-Preliminary,1715440P0,2,1,2,0,2,0,2,0,,
Pennsylvania,Abington Mem Hosp-PA,Abington,Family Medicine,1600120C0,8,8,8,8,7,7,8,8,8,8
Pennsylvania,Abington Mem Hosp-PA,Abington,Internal Medicine,1600140C0,20,20,20,20,20,20,20,20,20,20
Pennsylvania,Abington Mem Hosp-PA,Abington,Obstetrics-Gynecology,1600220C0,6,6,6,6,6,6,6,6,6,6
Pennsylvania,General Surgery,,Surgery-Preliminary,1600440P0,4,4,4,4,4,4,4,4,4,4
Pennsylvania,Philadelphia,,Med-Prelim/Rad-Montgomery,1631140P3,,,,,,,,,1,1
Pennsylvania,Philadelphia,Neurology,Radiology-Diagnostic,1631420R0,,,,,,,,,3,3
Pennsylvania,Allegheny Gen Hosp-PA,Pittsburgh,Anesthesiology,1648040A0,,,3,3,3,3,3,3,3,3
Pennsylvania,Pittsburgh,,Emergency Medicine,1648110C0,12,12,12,11,12,12,12,5,12,12
Pennsylvania,Pittsburgh,,Internal Medicine,1648140C0,31,31,31,31,31,31,31,31,31,31
Pennsylvania,Pittsburgh,Medicine-Preliminary,Med-Prelim/Neurology,1648140P1,6,5,5,5,5,5,5,5,5,5
Pennsylvania,Pittsburgh,Medicine-Preliminary,Neurological Surgery,1648160C0,2,2,2,2,2,2,2,2,2,2
Pennsylvania,Pittsburgh,Medicine-Preliminary,Neurology,1648180A0,6,6,5,5,5,5,5,5,5,5
Pennsylvania,Pittsburgh,Medicine-Preliminary,Orthopaedic Surgery,1648260C0,5,5,5,5,5,5,5,5,5,5
Pennsylvania,Pittsburgh,Medicine-Preliminary,Otolaryngology,1648280C0,1,1,1,1,1,1,1,1,1,1
Pennsylvania,Pathology,,Psychiatry,1648400C0,5,5,5,5,5,5,5,5,5,5
Pennsylvania,Pathology,,Interventional Radiology (Integ),1648416A0,1,1,1,1,1,1,,,,
Pennsylvania,Pathology,,Radiology-Diagnostic,1648420A0,7,7,6,6,6,6,7,7,7,7
Pennsylvania,Pathology,,Radiation Oncology,1648430A0,,,1,0,,,,,1,0
Pennsylvania,Pathology,Radiation Oncology,General Surgery,1648440C0,7,7,7,7,7,7,6,6,6,6
Pennsylvania,Pathology,Radiation Oncology,Surgery-Preliminary,1648440P0,4,0,4,2,4,2,6,4,6,0
Pennsylvania,Pathology,Radiation Oncology,Vascular Surgery,1648451C0,1,1,1,1,1,1,1,1,1,1
Pennsylvania,Allegheny Health Network St Vincent,Erie,Emergency Medicine,1612110C0,6,3,6,6,6,6,6,1,6,5
Pennsylvania,Allegheny Health Network St Vincent,Erie,Family Medicine,1612120C0,6,6,6,4,6,5,6,3,6,6
Pennsylvania,Family Medicine/Bryn Mawr FP,,Family Medicine/Wynnewood,1606120C1,2,2,,,2,2,2,1,,
Pennsylvania,Family Medicine/Bryn Mawr FP,,Psychiatry,1606400C0,5,5,,,,,,,,
Pennsylvania,Childrens Hosp-Philadelphia-PA,Philadelphia,Child Neurology,1863185C0,7,7,7,7,7,7,7,7,7,7
Pennsylvania,Childrens Hosp-Philadelphia-PA,Philadelphia,Child Neurology,1863185R0,,,1,1,,,1,1,,
Pennsylvania,Pediatrics,,Pediatrics/Global Health,1863320C1,2,2,2,2,2,2,2,2,2,2
Pennsylvania,Pediatrics,,Pediatrics/LEAP,1863320C2,4,4,4,4,4,4,4,4,,
Pennsylvania,Pediatrics,,Peds-Prelim/Dermatology,1863320P0,1,1,1,1,1,0,,,,
Pennsylvania,Pediatrics,,Pediatrics-Preliminary,1863320P2,3,3,3,2,,,,,,
Pennsylvania,Pediatrics,,Pediatrics-Medical Genetics,1863765C0,1,1,2,2,3,3,2,2,2,2
Pennsylvania,Clarion,,Family Medicine,2164120C0,4,2,4,1,4,0,4,4,4,1
Pennsylvania,Clarion,,Transitional,2164999P0,,,,,4,0,4,1,4,2
Pennsylvania,Johnstown,,Emergency Medicine,1616110C0,8,8,8,8,8,8,8,8,8,8
Pennsylvania,Johnstown,,Family Medicine/Osteopathic,1616120C0,6,6,6,5,6,6,6,6,6,5
Pennsylvania,Johnstown,Internal Medicine,Medicine-Preliminary,1616140P0,4,4,4,4,4,4,4,4,4,4
Pennsylvania,Johnstown,Internal Medicine,General Surgery,1616440C0,3,3,3,3,3,3,3,3,3,3
Pennsylvania,Johnstown,Internal Medicine,Surgery-Preliminary,1616440P0,2,2,2,2,2,1,2,2,2,2
Pennsylvania,Cornerstone Care THC-PA,Mount Morris,Family Medicine,2310120C0,4,4,4,4,4,4,4,4,4,3
Pennsylvania,Corry Memorial Hospital-PA,Corry,Internal Medicine,2423140C0,3,1,7,1,,,,,,
Pennsylvania,Crozer-Chester Med Ctr-PA,Upland,Emergency Medicine,3185110C0,,,8,8,8,8,8,8,8,8
Pennsylvania,Crozer-Chester Med Ctr-PA,Upland,Family Medicine,3185120C0,,,10,4,10,10,10,10,10,10
Pennsylvania,Crozer-Chester Med Ctr-PA,Upland,Internal Medicine,3185140C0,,,8,8,8,8,8,3,8,8
Pennsylvania,Obstetrics-Gynecology,,Psychiatry,3185400C0,,,4,4,4,4,4,4,,
Pennsylvania,Obstetrics-Gynecology,,General Surgery,3185440C0,,,,,,,3,3,3,3
Pennsylvania,Obstetrics-Gynecology,,Transitional,3185999P0,,,13,7,14,6,14,14,14,12
Pennsylvania,Philadelphia,,Family Medicine,2382120C0,4,4,4,4,4,4,,,,
Pennsylvania,Doylestown,,Family Medicine,2355120C0,8,8,8,8,8,8,8,8,,
Pennsylvania,Forbes Family Medicine-PA,Monroeville,Family Medicine,3087120C0,8,8,8,8,8,8,8,8,8,8
Pennsylvania,Geisinger Health System-PA,Danville,Anesthesiology,1608040C0,6,6,6,6,6,6,6,6,6,6
Pennsylvania,Geisinger Health System-PA,Danville,Dermatology,1608080A0,4,4,4,4,4,4,4,4,4,4
Pennsylvania,Geisinger Health System-PA,Danville,Emergency Medicine/Danville,1608110C0,9,9,9,9,9,9,9,6,9,9
Pennsylvania,Emergency Med/Wilkes-Barre,,Family Medicine/Wilkes-Barre,1608120C1,6,,6,1,6,3,6,3,6,
Pennsylvania,Emergency Med/Wilkes-Barre,,Family Medicine/Lewistown,1608120C2,5,5,6,6,6,6,6,6,6,6
Pennsylvania,Emergency Med/Wilkes-Barre,,Internal Medicine/Danville,1608140C0,18,18,17,17,17,17,17,17,17,17
Pennsylvania,Emergency Med/Wilkes-Barre,,Internal Medicine/Wilkes-Barre,1608140C1,16,16,16,16,15,15,13,13,13,13
Pennsylvania,Emergency Med/Wilkes-Barre,,Internal Med/AIRE,1608140C2,1,1,,,,,,,,
Pennsylvania,Geisinger Health System-PA (Continued),Danville,Neurological Surgery,1608160C0,1,1,1,1,1,1,1,1,1,1
Pennsylvania,Geisinger Health System-PA (Continued),Danville,Neurology,1608180C0,4,4,4,4,4,4,4,4,4,4
Pennsylvania,Neurology/Wilkes-Barre,,Child Neurology,1608185C0,2,2,2,2,2,2,2,2,,
Pennsylvania,Neurology/Wilkes-Barre,,Obstetrics-Gynecology,1608220C0,4,4,4,4,4,4,4,4,4,4
Pennsylvania,Neurology/Wilkes-Barre,,Orthopaedic Surgery,1608260C0,4,4,4,4,4,4,4,4,4,4
Pennsylvania,Neurology/Wilkes-Barre,,Ortho Surgery/Wilkes-Barre,1608260C1,4,4,4,4,4,4,4,4,4,4
Pennsylvania,Neurology/Wilkes-Barre,,Otolaryngology,1608280C0,3,3,3,3,2,2,2,2,2,2
Pennsylvania,Neurology/Wilkes-Barre,Pathology,Pediatrics,1608320C0,11,1,11,6,11,11,11,11,11,4
Pennsylvania,Neurology/Wilkes-Barre,Pathology,Pediatrics-Preliminary,1608320P0,,,,,,,,,2,1
Pennsylvania,Neurology/Wilkes-Barre,Pathology,Phys Medicine & Rehab,1608340C0,4,4,3,3,3,3,3,3,3,3
Pennsylvania,Neurology/Wilkes-Barre,Pathology,Plastic Surgery (Integrated),1608362C0,1,1,1,1,1,1,1,1,1,1
Pennsylvania,Psychiatry,,Interventional Radiology (Integ),1608416A0,2,2,2,2,2,2,2,2,2,2
Pennsylvania,Psychiatry,,Radiology-Diagnostic,1608420A0,4,4,4,4,4,4,5,5,5,5
Pennsylvania,Psychiatry,,General Surgery,1608440C0,5,5,5,5,5,5,5,5,5,5
Pennsylvania,Psychiatry,,General Surgery/Wilkes Barre,1608440C1,5,5,5,5,5,5,5,5,5,5
Pennsylvania,Psychiatry,,Surg-Prelim/Non-Designated,1608440P0,2,0,2,2,2,1,2,2,2,1
Pennsylvania,Psychiatry,Surg-Prelim/Wilkes-Barre,Vascular Surgery,1608451C0,2,2,2,2,2,2,2,2,,
Pennsylvania,Psychiatry,Surg-Prelim/Wilkes-Barre,Medicine-Pediatrics,1608700C0,5,5,5,5,5,5,5,5,5,5
Pennsylvania,Psychiatry,Surg-Prelim/Wilkes-Barre,Transitional,1608999P0,8,8,8,8,8,8,8,8,8,8
Pennsylvania,Guthrie/Robert Packer Hosp-PA,Sayre,Anesthesiology,1664040A0,3,3,3,3,3,3,3,3,3,3
Pennsylvania,Guthrie/Robert Packer Hosp-PA,Sayre,Emergency Medicine,1664110C0,6,3,6,4,6,5,6,1,6,3
Pennsylvania,Guthrie/Robert Packer Hosp-PA,Sayre,Family Medicine,1664120C0,6,6,6,6,6,6,6,6,6,6
Pennsylvania,Guthrie/Robert Packer Hosp-PA,Sayre,Internal Medicine,1664140C0,12,12,12,12,12,12,12,12,12,12
Pennsylvania,Guthrie/Robert Packer Hosp-PA,Sayre,Orthopaedic Surgery,1664260C0,3,3,3,3,3,3,3,3,3,3
Pennsylvania,General Surgery,,Surgery-Preliminary,1664440P0,4,4,4,3,3,3,4,3,4,2
Pennsylvania,General Surgery,,Surg-Prelim/Anesthesiology,1664440P1,,,,,1,1,,,,
Pennsylvania,Hosp of the Univ of PA,Philadelphia,Anesthesiology,1628040A0,4,4,4,4,4,4,4,4,4,4
Pennsylvania,Hosp of the Univ of PA,Philadelphia,Anesthesiology,1628040C0,19,19,19,19,19,19,19,19,20,20
Pennsylvania,Anesthesiology/Dripps Scholars,,Anesthesiology,1628040R0,4,4,2,2,,,2,2,4,4
Pennsylvania,Anesthesiology/Dripps Scholars,,Dermatology/3 yr,1628080A0,2,2,3,3,4,4,3,3,3,3
Pennsylvania,Anesthesiology/Dripps Scholars,,Derm Res & Cut Onc Fell/4 yr,1628080A1,1,1,1,1,1,1,1,1,1,1
Pennsylvania,Anesthesiology/Dripps Scholars,,Dermatology/Research,1628080A4,2,2,1,1,1,1,2,2,2,2
Pennsylvania,Anesthesiology/Dripps Scholars,Dermatology/Comm Eng,Dermatology/Pediatric,1628080A6,1,1,1,1,1,1,,,,
Pennsylvania,Anesthesiology/Dripps Scholars,Dermatology/Comm Eng,Emergency Medicine,1628110C0,14,14,14,14,14,14,14,14,14,14
Pennsylvania,Anesthesiology/Dripps Scholars,Dermatology/Comm Eng,Family Medicine,1628120C0,12,12,12,12,12,12,12,12,12,12
Pennsylvania,Anesthesiology/Dripps Scholars,Dermatology/Comm Eng,Family Med/Chester County Hosp,1628120C2,9,9,,,,,,,,
Pennsylvania,Anesthesiology/Dripps Scholars,Dermatology/Comm Eng,Internal Medicine,1628140C0,44,44,45,45,45,45,44,44,44,44
Pennsylvania,Hosp of the Univ of PA (Continued),Philadelphia,Int Med/ABIM Research Pathway,1628140C1,6,6,6,6,6,6,6,6,6,6
Pennsylvania,Hosp of the Univ of PA (Continued),Philadelphia,Internal Medicine/Penn Hosp,1628140C3,13,13,,,,,,,,
Pennsylvania,Medicine-Primary,,Med-Prelim/Penn Hosp,1628140P2,11,11,,,,,,,,
Pennsylvania,Medicine-Primary,,Med-Prelim/Neurology HUP,1628140P3,3,3,,,,,,,,
Pennsylvania,Medicine-Primary,,Neurological Surgery,1628160C0,4,4,3,3,3,3,3,3,3,3
Pennsylvania,Medicine-Primary,,Neurology,1628180A0,4,4,4,4,4,4,4,4,4,4
Pennsylvania,Medicine-Primary,,Neurology,1628180C0,10,10,10,10,10,10,10,10,10,10
Pennsylvania,Medicine-Primary,Obstetrics-Gynecology,Obstetrics-Gynecology/Penn Hosp,1628220C1,7,7,,,,,,,,
Pennsylvania,Medicine-Primary,Obstetrics-Gynecology,Ortho Surgery/Clinical-5 yr,1628260C0,6,6,6,6,6,6,6,6,6,6
Pennsylvania,Medicine-Primary,Obstetrics-Gynecology,Ortho Surgery/Research-6 yr,1628260C1,2,2,2,2,2,2,2,2,2,2
Pennsylvania,Medicine-Primary,Obstetrics-Gynecology,Otolaryngology,1628280C0,6,6,6,6,5,5,5,5,5,5
Pennsylvania,Pathology-AP/CP,,Pathology-AP/NP,1628300C1,1,1,1,1,1,1,1,1,1,1
Pennsylvania,Pathology-AP/CP,,Pathology-CP Only,1628300C3,1,1,2,2,2,2,1,1,1,1
Pennsylvania,Pathology-AP/CP,,Phys Medicine & Rehab,1628340A0,2,2,2,2,2,2,2,2,2,2
Pennsylvania,Pathology-AP/CP,,Phys Medicine & Rehab,1628340C0,4,4,4,4,4,4,4,4,4,4
Pennsylvania,Pathology-AP/CP,,Plastic Surgery (Integrated),1628362C0,4,4,4,4,4,4,3,3,3,3
Pennsylvania,Pathology-AP/CP,Plastic Surgery (Integ)/Military,Occupational & Environmental Med,1628382R0,1,1,,,,,,,,
Pennsylvania,Pathology-AP/CP,Plastic Surgery (Integ)/Military,Psychiatry,1628400C0,10,10,9,9,9,9,9,9,12,12
Pennsylvania,Pathology-AP/CP,Plastic Surgery (Integ)/Military,Psychiatry/Research Trk (EPSP),1628400C1,2,2,3,3,3,3,3,3,,
Pennsylvania,Pathology-AP/CP,Plastic Surgery (Integ)/Military,Interventional Radiology (Integ),1628416A0,5,5,4,4,4,4,4,4,4,4
Pennsylvania,Pathology-AP/CP,Plastic Surgery (Integ)/Military,Radiology-Diag/Clinical-4 yr,1628420A0,10,10,10,10,10,10,10,10,10,10
Pennsylvania,Radiology-Diag/Research-4 yr,,Radiology-Diag/IR Research-4 yr,1628420A2,1,1,,,,,,,,
Pennsylvania,Radiology-Diag/Research-4 yr,,Radiation Oncology,1628430C0,5,5,4,4,5,5,5,5,4,4
Pennsylvania,Radiology-Diag/Research-4 yr,,General Surgery,1628440C0,8,8,8,8,9,9,9,9,9,9
Pennsylvania,Radiology-Diag/Research-4 yr,,Surgery-Preliminary,1628440P0,10,10,10,9,10,9,10,10,10,10
Pennsylvania,Radiology-Diag/Research-4 yr,,Vascular Surgery,1628451C0,2,2,2,2,2,2,2,2,1,1
Pennsylvania,Radiology-Diag/Research-4 yr,Thoracic Surgery,Medicine-Pediatrics,1628700C0,6,6,6,6,6,6,6,6,6,6
Pennsylvania,Radiology-Diag/Research-4 yr,Thoracic Surgery,Dermatology/Internal Med,1628785C0,1,1,1,1,1,1,1,1,2,2
Pennsylvania,Indiana Regional Med Ctr,Indiana,Family Medicine,2322120C0,8,,8,5,6,6,6,6,6,
Pennsylvania,JHME-Jefferson Einstein Montgomery-PA,Philadelphia,Emergency Medicine,2206110C0,8,8,8,8,8,8,8,4,8,7
Pennsylvania,Family Medicine,,Internal Med/Montgomery,2206140C0,15,15,16,16,15,15,15,15,15,15
Pennsylvania,Family Medicine,,Radiology-Diagnostic,2206420A0,,,,,3,3,3,3,3,3
Pennsylvania,Family Medicine,,Vascular Surgery,2206451C0,1,1,1,1,1,1,1,1,1,1
Pennsylvania,Family Medicine,,Transitional,2206999P0,11,11,12,12,12,8,14,14,,
Pennsylvania,Family Medicine,,Transitional/Radiology,2206999P1,,,,,2,2,,,,
Pennsylvania,Philadelphia,,Emergency Medicine,1631110C0,9,9,8,8,9,9,14,6,13,13
Pennsylvania,Philadelphia,,Family Medicine,1631120C0,6,4,6,1,6,3,6,6,6,6
Pennsylvania,Philadelphia,,Internal Medicine,1631140C0,29,29,29,29,30,30,30,30,30,30
Pennsylvania,Philadelphia,,Medicine-Preliminary,1631140P0,11,11,13,13,13,13,13,13,11,11
Pennsylvania,Philadelphia,,Med-Prelim/Neurology,1631140P1,4,4,4,4,4,4,4,4,4,4
Pennsylvania,Philadelphia,Med-Prelim/Rad-Philadelphia,Med-Prelim/PM&R,1631140P4,1,1,2,2,2,2,1,1,2,2
Pennsylvania,Philadelphia,Med-Prelim/Rad-Philadelphia,Neurology,1631180A0,4,4,4,4,4,4,4,4,4,4
Pennsylvania,Philadelphia,Med-Prelim/Rad-Philadelphia,Obstetrics-Gynecology,1631220C0,5,5,5,5,5,5,5,5,5,5
Pennsylvania,Philadelphia,Med-Prelim/Rad-Philadelphia,Orthopaedic Surgery,1631260C0,3,3,3,3,3,3,3,3,3,3
Pennsylvania,Philadelphia,Med-Prelim/Rad-Philadelphia,Pediatrics,1631320C0,,,,,,,10,10,10,10
Pennsylvania,Phys Medicine & Rehab,,Phys Medicine & Rehab,1631340R0,,,1,1,1,0,,,1,1
Pennsylvania,Phys Medicine & Rehab,,Psychiatry,1631400C0,10,10,10,10,9,9,10,10,10,10
Pennsylvania,Phys Medicine & Rehab,,Interventional Radiology (Integ),1631416A0,2,2,2,2,2,2,1,1,1,1
Pennsylvania,Phys Medicine & Rehab,,Radiology-Diagnostic,1631420A0,6,6,6,6,6,6,6,6,6,6
Pennsylvania,Phys Medicine & Rehab,General Surgery,Surgery-Preliminary,1631440P0,5,2,5,3,4,4,5,2,4,0
Pennsylvania,Phys Medicine & Rehab,General Surgery,Surg-Prelim/Int Radiology,1631440P1,,,,,1,1,,,1,1
Pennsylvania,Emergency Medicine,,Emergency Med/Military Track,2103110C1,,,,,,,,,1,1
Pennsylvania,Emergency Medicine,,Family Medicine,2103120C0,8,8,8,8,8,8,8,8,8,8
Pennsylvania,Emergency Medicine,,Internal Medicine,2103140C0,9,9,9,9,9,9,9,9,9,9
Pennsylvania,Emergency Medicine,,Emergency Med/Internal Med,2103705C0,5,5,5,5,5,5,5,2,5,5
Pennsylvania,Emergency Medicine,,Emergency Med-Family Med,2103795C0,2,2,2,2,2,2,2,2,2,2
Pennsylvania,Erie,,Family Medicine,2031120C0,6,1,6,0,4,2,4,4,4,2
Pennsylvania,Erie,,Internal Medicine,2031140C0,,,,,,,,,5,1
Pennsylvania,Erie,,Orthopaedic Surgery,2031260C0,,,,,,,3,3,3,3
Pennsylvania,Erie,Psychiatry,Transitional,2031999P0,6,1,6,2,4,4,4,3,4,4
Pennsylvania,Lancaster Gen Hosp-PA,Lancaster,Family Medicine,1618120C0,13,13,13,13,13,13,13,13,13,13
Pennsylvania,Lankenau Med Ctr-PA,Wynnewood,Internal Medicine,1632140C0,16,16,16,16,16,16,16,16,16,16
Pennsylvania,Lankenau Med Ctr-PA,Wynnewood,Medicine-Preliminary,1632140P0,15,15,16,16,16,16,16,16,16,16
Pennsylvania,Lankenau Med Ctr-PA,Wynnewood,Obstetrics-Gynecology,1632220C0,5,5,5,5,4,4,4,4,4,4
Pennsylvania,General Surgery,,Surgery-Preliminary,1632440P0,,,1,1,2,1,2,2,2,0
Pennsylvania,Latrobe,,Family Medicine,2965120C0,8,8,8,6,8,7,8,6,8,8
Pennsylvania,Allentown,,Anesthesiology,1601040C0,6,6,,,,,,,,
Pennsylvania,Allentown,,Dermatology,1601080A0,2,2,2,2,2,2,2,2,2,2
Pennsylvania,Allentown,Emergency Medicine,Family Medicine/Lehigh,1601120C0,8,8,7,6,8,8,8,8,6,6
Pennsylvania,Allentown,Emergency Medicine,Family Medicine/USF Osteopathic,1601120C1,,,1,1,,,,,2,2
Pennsylvania,Allentown,Emergency Medicine,Family Medicine/Pottsville,1601120C2,4,3,4,0,4,4,4,4,4,4
Pennsylvania,Allentown,Emergency Medicine,Internal Medicine,1601140C0,18,18,18,18,18,18,18,18,18,18
Pennsylvania,Allentown,Emergency Medicine,Neurology,1601180A0,6,6,6,6,5,5,5,5,5,5
Pennsylvania,Neurology,,Obstetrics-Gynecology,1601220C0,6,6,6,6,6,6,6,6,6,6
Pennsylvania,Neurology,,Otolaryngology,1601280C0,1,1,1,1,1,1,1,1,,
Pennsylvania,Neurology,,Pediatrics,1601320C0,8,3,8,8,8,1,8,8,6,6
Pennsylvania,Neurology,,Plastic Surgery (Integrated),1601362C0,1,1,1,1,1,1,1,1,1,1
Pennsylvania,Neurology,Psychiatry,Radiology-Diagnostic,1601420A0,5,3,,,,,,,,
Pennsylvania,Neurology,Psychiatry,General Surgery,1601440C0,6,6,6,6,6,6,6,6,6,6
Pennsylvania,Neurology,Psychiatry,Surgery-Preliminary,1601440P1,2,0,2,1,2,1,2,1,2,1
Pennsylvania,Neurology,Psychiatry,Vascular Surgery,1601451C0,1,1,1,1,1,1,,,,
Pennsylvania,Neurology,Psychiatry,Transitional,1601999P0,8,8,9,9,11,11,11,11,10,10
Pennsylvania,Transitional/Neurology,,Transitional/Dermatology,1601999P2,,,1,1,,,1,1,1,1
Pennsylvania,Transitional/Neurology,,Transitional/Radiology,1601999P3,2,2,,,,,,,,
Pennsylvania,Bristol,Family Medicine,Internal Medicine,2229140C0,,,6,6,6,6,6,6,6,6
Pennsylvania,Meadville Med Ctr-PA,Meadville,Family Medicine,2446120C0,4,3,4,2,4,2,4,4,4,4
Pennsylvania,Mercy Catholic Med Ctr-PA,Darby,Internal Medicine,1636140C0,21,21,21,21,22,22,20,20,21,21
Pennsylvania,Mercy Catholic Med Ctr-PA,Darby,Medicine-Preliminary,1636140P0,7,7,6,6,6,6,5,5,6,6
Pennsylvania,Mercy Catholic Med Ctr-PA,Darby,Radiology-Diagnostic,1636420C0,4,4,2,2,3,3,3,3,2,2
Pennsylvania,General Surgery,,Surgery-Preliminary,1636440P0,2,2,2,0,2,0,2,1,2,1
Pennsylvania,General Surgery,,Transitional,1636999P0,8,8,10,5,9,9,9,9,10,6
Pennsylvania,Philadelphia,Emergency Medicine,Internal Medicine,1932140C0,13,13,13,13,13,13,12,12,11,11
Pennsylvania,Philadelphia,Emergency Medicine,General Surgery,1932440C0,,,2,2,2,2,2,2,,
Pennsylvania,Philadelphia,Emergency Medicine,Surgery/Preliminary,1932440P0,,,2,0,2,0,2,0,,
Pennsylvania,Philadelphia,Emergency Medicine,Transitional,1932999P0,,,6,6,4,4,6,5,6,6
Pennsylvania,Penn Highlands Healthcare-PA,Dubois,Family Medicine,2226120C0,6,2,6,2,6,3,6,6,6,4
Pennsylvania,Penn Highlands Healthcare-PA,Dubois,Psychiatry,2226400C0,4,4,4,4,4,4,4,2,4,4
Pennsylvania,Penn State Hershey Med Ctr-PA,Hershey,Anesthesiology,1617040C0,19,19,18,18,17,17,18,18,19,19
Pennsylvania,Penn State Hershey Med Ctr-PA,Hershey,Anesthesiology,1617040R0,1,1,1,1,,,,,1,1
Pennsylvania,Penn State Hershey Med Ctr-PA,Hershey,Dermatology,1617080A0,4,4,4,4,4,4,4,4,4,4
Pennsylvania,Penn State Hershey Med Ctr-PA,Hershey,Derm/Community Health,1617080A2,,,,,1,1,,,,
Pennsylvania,Emergency Medicine,,Family Medicine,1617120C0,8,8,8,6,8,8,8,8,9,9
Pennsylvania,Emergency Medicine,,Family Med/State College,1617120C1,6,6,6,5,6,1,6,1,6,6
Pennsylvania,Emergency Medicine,,Family Med/St Joseph,1617120C2,6,3,7,6,6,3,6,2,7,7
Pennsylvania,Emergency Medicine,,Internal Medicine,1617140C0,21,21,21,21,21,21,21,21,21,21
Pennsylvania,Emergency Medicine,,Internal Med/Research,1617140C1,1,1,1,0,1,1,2,0,2,2
Pennsylvania,Emergency Medicine,Medicine-Preliminary,Neurological Surgery,1617160C0,3,3,3,3,3,3,3,3,3,3
Pennsylvania,Emergency Medicine,Medicine-Preliminary,Neurology,1617180C0,5,5,5,5,5,5,5,5,5,5
Pennsylvania,Emergency Medicine,Medicine-Preliminary,Obstetrics-Gynecology,1617220C0,5,5,5,5,5,5,5,5,5,5
Pennsylvania,Emergency Medicine,Medicine-Preliminary,Orthopaedic Surgery,1617260C0,5,5,5,5,5,5,5,5,5,5
Pennsylvania,Otolaryngology,,Otolaryngology/Research,1617280C1,,,,,1,1,1,1,1,1
Pennsylvania,Otolaryngology,,Pathology,1617300C0,4,4,4,4,4,4,5,5,3,3
Pennsylvania,Otolaryngology,,Pediatrics,1617320C0,16,16,16,16,16,9,16,16,16,16
Pennsylvania,Otolaryngology,,Phys Medicine & Rehab,1617340A0,4,4,4,4,4,4,4,4,4,4
Pennsylvania,Otolaryngology,,Phys Medicine & Rehab,1617340R0,,,,,1,1,,,,
Pennsylvania,Otolaryngology,Plastic Surgery (Integrated),Psychiatry,1617400C0,5,5,5,5,5,5,5,5,6,6
Pennsylvania,Otolaryngology,Plastic Surgery (Integrated),Psychiatry/Community Psych,1617400C1,,,1,1,,,,,,
Pennsylvania,Otolaryngology,Plastic Surgery (Integrated),Interventional Radiology (Integ),1617416A0,1,1,1,1,1,1,1,1,1,1
Pennsylvania,Otolaryngology,Plastic Surgery (Integrated),Radiology-Diagnostic,1617420A0,6,6,6,6,6,6,6,6,6,6
Pennsylvania,Otolaryngology,Plastic Surgery (Integrated),General Surgery,1617440C0,4,4,4,4,4,4,4,4,4,4
Pennsylvania,Surgery-Preliminary,,Surg-Prelim/Int Radiology,1617440P2,,,,,,,1,1,,
Pennsylvania,Surgery-Preliminary,,Vascular Surgery,1617451C0,2,2,2,2,1,1,1,1,1,1
Pennsylvania,Surgery-Preliminary,,Medicine-Pediatrics,1617700C0,4,4,4,4,4,4,4,4,4,4
Pennsylvania,Philadelphia,,Internal Medicine,1639140C0,,,14,14,14,14,14,14,14,14
Pennsylvania,Philadelphia,,Medicine-Preliminary,1639140P0,,,12,12,10,10,10,10,11,11
Pennsylvania,Philadelphia,,Med-Prelim/Neurology HUP,1639140P1,,,2,2,4,4,4,4,3,3
Pennsylvania,Philadelphia,,Obstetrics-Gynecology,1639220C0,,,7,7,6,6,6,6,6,6
Pennsylvania,Philadelphia Coll of Osteo Med-PA,Philadelphia,Dermatology,2158080A0,,,1,1,1,1,1,1,1,1
Pennsylvania,Philadelphia Coll of Osteo Med-PA,Philadelphia,Dermatology,2158080R0,,,1,1,1,1,1,1,2,2
Pennsylvania,Internal Medicine,,Internal Medicine/Osteopathic,2158140C2,8,8,8,4,9,3,10,8,8,1
Pennsylvania,Internal Medicine,,Medicine-Preliminary,2158140P0,6,2,6,0,,,2,1,4,0
Pennsylvania,Internal Medicine,,Neurological Surgery,2158160C0,,,,,,,,,1,1
Pennsylvania,Internal Medicine,,Orthopaedic Surgery,2158260C0,4,4,4,4,4,4,4,4,4,4
Pennsylvania,Internal Medicine,,Otolaryngology,2158280C0,3,3,3,3,3,3,3,3,3,3
Pennsylvania,Philadelphia,,General Surgery,2158440C0,6,6,6,6,6,6,6,6,6,6
Pennsylvania,Pittsburgh,,Internal Medicine,2429140C0,8,3,8,5,,,,,,
Pennsylvania,Pittsburgh,,Transitional,2429999P0,12,12,12,7,,,,,,
Pennsylvania,Easton,,Dermatology,2176080A0,3,3,3,3,3,3,2,2,2,2
Pennsylvania,Easton,,Emergency Medicine,2176110C0,10,9,10,10,10,10,10,10,10,10
Pennsylvania,Easton,,Family Medicine,2176120C0,6,3,6,6,6,6,8,8,6,6
Pennsylvania,Easton,,Internal Medicine,2176140C0,13,13,13,13,13,13,13,13,13,13
Pennsylvania,Easton,,Neurology,2176180C0,4,4,4,4,4,4,4,4,4,4
Pennsylvania,Easton,Otolaryngology,Pediatrics,2176320C0,6,3,6,6,6,6,6,2,,
Pennsylvania,Easton,Otolaryngology,Psychiatry,2176400C0,6,6,6,6,6,6,6,6,6,6
Pennsylvania,Easton,Otolaryngology,Interventional Radiology (Integ),2176416A0,1,1,1,1,1,1,1,0,,
Pennsylvania,Easton,Otolaryngology,Radiology-Diagnostic,2176420A0,6,6,6,3,6,6,6,6,,
Pennsylvania,Easton,Otolaryngology,Radiology-Diagnostic,2176420R0,1,0,1,1,,,6,6,,
Pennsylvania,Transitional,,Transitional/Dermatology,2176999P1,1,1,,,2,2,1,1,,
Pennsylvania,Transitional,,Transitional/Radiology,2176999P2,,,1,1,,,1,1,,
Pennsylvania,Easton,,Dermatology,2176080R0,,,,,1,1,,,,
Pennsylvania,Easton,,Interventional Radiology (Integ),2176416R0,,,,,,,1,1,,
Pennsylvania,Bethlehem,Emergency Medicine,Family Medicine,1605120C0,6,5,7,7,6,1,6,6,6,6
Pennsylvania,Bethlehem,Emergency Medicine,Family Medicine/Rural,1605120C1,4,4,4,4,4,4,4,2,4,4
Pennsylvania,Bethlehem,Emergency Medicine,Family Medicine/Grandview,1605120C2,4,4,,,,,,,,
Pennsylvania,Bethlehem,Emergency Medicine,Internal Medicine,1605140C0,12,12,12,12,12,12,12,12,11,11
Pennsylvania,Bethlehem,Emergency Medicine,Internal Medicine/Cardiology,1605140C1,,,,,,,,,1,1
Pennsylvania,Obstetrics-Gynecology,,Orthopaedic Surgery,1605260C0,4,4,4,4,3,3,3,3,3,3
Pennsylvania,Obstetrics-Gynecology,,Plastic Surgery (Integrated),1605362C0,1,1,,,,,,,,
Pennsylvania,Obstetrics-Gynecology,,Psychiatry/Rural Program,1605400C0,4,4,2,2,2,2,2,2,2,2
Pennsylvania,Obstetrics-Gynecology,,General Surgery,1605440C0,5,5,5,5,5,5,5,5,5,5
Pennsylvania,Obstetrics-Gynecology,,Transitional,1605999P0,5,5,6,6,6,6,6,6,6,6
Pennsylvania,Philadelphia,,Internal Medicine,2139140C0,12,12,12,12,12,12,12,12,11,11
Pennsylvania,Philadelphia,,General Surgery,2139440C0,2,2,,,,,,,,
Pennsylvania,Philadelphia,,Surgery-Preliminary,2139440P0,2,1,,,,,,,,
Pennsylvania,East Norriton,,Family Medicine/Osteopathic,1970120C0,,,5,5,5,5,5,3,4,4
Pennsylvania,East Norriton,,Internal Medicine/Osteopathic,1970140C0,,,5,5,5,5,5,5,5,5
Pennsylvania,East Norriton,Med-Prelim/Osteopathic,Transitional/Osteopathic,1970999P0,,,,,,,,,4,4
Pennsylvania,TJU/Nemours Childrens Health-PA,Philadelphia,Child Neurology,1654185C0,2,2,2,2,1,1,1,1,2,1
Pennsylvania,Pediatrics,,Pediatrics-PM&R,1654735C0,2,2,2,2,2,2,2,2,1,1
Pennsylvania,Philadelphia,,Anesthesiology,1646040A0,1,1,1,1,2,2,3,3,3,3
Pennsylvania,Philadelphia,Anesthesiology,Anesthesiology,1646040R0,3,3,2,2,2,2,1,1,,
Pennsylvania,Philadelphia,Anesthesiology,Dermatology,1646080A0,4,4,3,3,3,3,3,3,3,3
Pennsylvania,Philadelphia,Anesthesiology,Dermatology,1646080R0,1,1,,,,,,,,
Pennsylvania,Philadelphia,Anesthesiology,Emergency Medicine,1646110C0,14,14,14,14,14,14,14,14,14,14
Pennsylvania,Philadelphia,Anesthesiology,Family Medicine,1646120C0,4,1,4,1,4,1,4,3,4,2
Pennsylvania,Family Med/Chestnut Hill,,Family Med/Northwest Community,1646120C2,,,,,7,7,7,7,,
Pennsylvania,Family Med/Chestnut Hill,,Internal Medicine,1646140C0,41,41,41,41,40,40,39,39,41,41
Pennsylvania,Family Med/Chestnut Hill,,Int Med/Sabbath Observed,1646140C2,,,,,,,1,1,1,1
Pennsylvania,Family Med/Chestnut Hill,,Medicine-Primary,1646140M0,2,2,2,2,2,2,2,2,,
Pennsylvania,Family Med/Chestnut Hill,Medicine-Preliminary,Neurological Surgery,1646160C0,1,1,1,1,1,1,1,1,1,1
Pennsylvania,Family Med/Chestnut Hill,Medicine-Preliminary,Neurology,1646180C0,7,7,6,6,6,6,6,6,6,6
Pennsylvania,Family Med/Chestnut Hill,Medicine-Preliminary,Obstetrics-Gynecology,1646220C0,6,6,6,6,6,6,6,6,6,6
Pennsylvania,Family Med/Chestnut Hill,Medicine-Preliminary,Ob-Gyn/Preliminary,1646220P0,1,1,1,0,1,1,1,0,1,1
Pennsylvania,Family Med/Chestnut Hill,Medicine-Preliminary,Orthopaedic Surgery,1646260C0,4,4,4,4,4,4,4,4,4,4
Pennsylvania,Otolaryngology,,Pathology,1646300C0,4,4,3,3,5,5,4,4,4,4
Pennsylvania,Otolaryngology,,Phys Medicine & Rehab,1646340A0,8,8,8,8,8,8,9,9,9,7
Pennsylvania,Otolaryngology,,Phys Medicine & Rehab,1646340R0,1,1,,,,,,,1,1
Pennsylvania,Otolaryngology,,Psychiatry,1646400C0,12,12,12,12,12,12,12,12,12,12
Pennsylvania,Otolaryngology,,Interventional Radiology (Integ),1646416A0,2,2,2,2,2,2,2,2,2,2
Pennsylvania,Otolaryngology,Radiology-Diagnostic,Radiology-Diagnostic,1646420R0,,,,,,,,,1,1
Pennsylvania,Otolaryngology,Radiology-Diagnostic,General Surgery,1646440C0,6,6,6,6,6,6,6,6,6,6
Pennsylvania,Otolaryngology,Radiology-Diagnostic,Surgery-Preliminary,1646440P0,,,11,2,,,11,0,11,0
Pennsylvania,Temple Univ/Chestnut Hill Hosp-PA,Philadelphia,Family Med/Chestnut Hill,2427120C0,6,6,6,6,,,,,,
Pennsylvania,Temple Univ/Chestnut Hill Hosp-PA,Philadelphia,Family Med/Northwest Community,2427120C1,7,2,7,7,,,,,,
Pennsylvania,Philadelphia,,Anesthesiology,1630040A0,5,5,5,5,5,5,5,5,5,5
Pennsylvania,Philadelphia,,Anesthesiology,1630040C0,10,10,10,10,10,10,10,10,10,10
Pennsylvania,Philadelphia,Dermatology,Emergency Medicine,1630110C0,17,17,17,17,17,17,16,16,17,17
Pennsylvania,Philadelphia,Dermatology,Family Medicine,1630120C0,10,10,10,10,10,10,10,10,10,10
Pennsylvania,Philadelphia,Dermatology,Internal Medicine,1630140C0,33,33,33,33,33,33,33,33,33,33
Pennsylvania,Philadelphia,Dermatology,Medicine-Primary,1630140M0,4,4,4,4,4,4,4,4,4,4
Pennsylvania,Philadelphia,Dermatology,Med-Prelim/Ophthalmology,1630140P2,8,8,8,8,8,8,8,8,8,8
Pennsylvania,Neurological Surgery,,Neurology,1630180C0,10,10,10,10,10,10,10,10,10,10
Pennsylvania,Neurological Surgery,,Obstetrics-Gynecology,1630220C0,6,6,6,6,5,5,5,5,7,7
Pennsylvania,Neurological Surgery,,Orthopaedic Surgery,1630260C0,6,6,6,6,6,6,6,6,6,6
Pennsylvania,Neurological Surgery,,Otolaryngology,1630280C0,5,5,5,5,5,5,5,5,5,5
Pennsylvania,Neurological Surgery,Pathology,Phys Medicine & Rehab,1630340A0,7,7,7,7,7,7,7,7,7,7
Pennsylvania,Neurological Surgery,Pathology,Psychiatry,1630400C0,10,10,10,10,10,10,10,10,10,10
Pennsylvania,Neurological Surgery,Pathology,Interventional Radiology (Integ),1630416A0,2,2,2,2,2,2,2,2,2,2
Pennsylvania,Neurological Surgery,Pathology,Radiology-Diagnostic,1630420A0,8,8,8,8,8,8,8,8,7,7
Pennsylvania,Neurological Surgery,Pathology,Radiation Oncology,1630430A0,2,2,2,1,2,1,2,2,1,0
Pennsylvania,Radiation Oncology,,General Surgery,1630440C0,7,7,7,7,7,7,7,7,7,7
Pennsylvania,Radiation Oncology,,Surgery-Preliminary,1630440P0,3,0,3,1,3,1,3,0,3,3
Pennsylvania,Radiation Oncology,,Surg-Prelim/Int Radiology,1630440P1,2,2,2,2,2,1,2,2,2,1
Pennsylvania,Philadelphia,,Family Medicine,2966120C0,,,,,,,,,6,6
Pennsylvania,Philadelphia,,Family Medicine,2225120C0,,,,,,,,,7,7
Pennsylvania,Phoenixville,,Internal Medicine,2290140C0,10,10,10,10,10,10,10,10,,
Pennsylvania,Phoenixville,,Psychiatry,2290400C0,8,8,8,8,8,8,8,8,8,8
Pennsylvania,Reading,,Anesthesiology,1661040C0,6,6,6,6,6,6,6,6,6,6
Pennsylvania,Reading,,Emergency Medicine,1661110C0,10,10,10,10,10,8,10,5,9,9
Pennsylvania,Reading,,Family Medicine,1661120C0,7,5,8,8,8,8,8,7,8,8
Pennsylvania,Reading,,Family Medicine/Osteopathic,1661120C1,1,1,,,,,,,,
Pennsylvania,Reading,Internal Medicine,Internal Medicine/Osteopathic,1661140C1,5,5,7,7,6,6,8,8,2,2
Pennsylvania,Reading,Internal Medicine,Medicine-Primary/Osteopathic,1661140M0,,,,,1,1,2,2,3,3
Pennsylvania,Reading,Internal Medicine,Neurology,1661180C0,6,6,6,6,6,6,6,6,4,4
Pennsylvania,Reading,Internal Medicine,Obstetrics-Gynecology,1661220C0,5,5,5,5,5,5,5,5,5,5
Pennsylvania,Reading,Internal Medicine,Phys Medicine & Rehab,1661340C0,4,4,4,4,4,4,4,4,4,4
Pennsylvania,Psychiatry,,General Surgery,1661440C0,4,4,4,4,4,4,4,4,4,4
Pennsylvania,Philadelphia,,Child Neurology,1653185C0,2,2,,,,,,,2,2
Pennsylvania,Philadelphia,,Child Neurology,1653185R0,2,0,2,0,,,,,1,0
Pennsylvania,UPMC Altoona Hospital-PA,Altoona,Family Medicine,1603120C0,8,7,8,8,8,8,8,8,8,8
Pennsylvania,UPMC Altoona Hospital-PA,Altoona,Transitional,1603999P0,,,4,4,4,4,4,4,4,4
Pennsylvania,UPMC Hamot Med Ctr-PA,Erie,Emergency Medicine,1611110C0,6,3,6,5,6,5,6,2,6,5
Pennsylvania,UPMC Hamot Med Ctr-PA,Erie,Neurology,1611180C0,3,3,3,3,3,3,2,2,2,1
Pennsylvania,UPMC Hamot Med Ctr-PA,Erie,Orthopaedic Surgery,1611260C0,3,3,3,3,3,3,3,3,3,3
Pennsylvania,Harrisburg,,Emergency Medicine,1615110C0,6,6,6,6,6,6,6,6,6,2
Pennsylvania,Harrisburg,,Family Medicine/Osteopathic,1615120C0,4,3,4,4,4,2,4,0,4,3
Pennsylvania,Harrisburg,Internal Medicine,Internal Medicine/Osteopathic,1615140C1,6,6,6,6,6,6,6,6,6,6
Pennsylvania,Harrisburg,Internal Medicine,Obstetrics-Gynecology,1615220C0,4,4,4,4,4,4,4,4,4,4
Pennsylvania,Harrisburg,Internal Medicine,Orthopaedic Surgery,1615260C0,5,5,5,5,5,5,5,5,5,5
Pennsylvania,Harrisburg,Internal Medicine,General Surgery,1615440C0,,,,,,,4,4,4,4
Pennsylvania,General Surgery/Community,,General Surgery,1615440C2,6,,6,6,6,6,,,,
Pennsylvania,General Surgery/Community,,Surgery-Preliminary,1615440P0,,,,,,,,,2,0
Pennsylvania,Lititz,Anesthesiology/Osteopathic,Family Medicine/Osteopathic,2173120C0,,,,,2,1,4,4,4,4
Pennsylvania,Lititz,Anesthesiology/Osteopathic,Internal Medicine/Osteopathic,2173140C0,3,1,3,3,3,0,3,0,3,3
Pennsylvania,Family Medicine,,Internal Medicine,1620140C0,,,,,13,13,13,13,12,12
Pennsylvania,Pittsburgh,,Anesthesiology,1652040A0,,,3,3,2,2,3,3,2,2
Pennsylvania,Pittsburgh,Anesthesiology,Anesthesiology/Research,1652040C1,2,2,1,1,3,3,1,1,1,1
Pennsylvania,Pittsburgh,Anesthesiology,Anesthesiology,1652040R0,1,1,,,1,1,,,,
Pennsylvania,Pittsburgh,Anesthesiology,Dermatology,1652080A0,6,6,6,6,6,6,6,6,6,6
Pennsylvania,Pittsburgh,Anesthesiology,Dermatology,1652080R0,,,,,,,,,1,1
Pennsylvania,Pittsburgh,Anesthesiology,Emergency Medicine,1652110C0,16,16,16,16,16,16,16,16,16,16
Pennsylvania,Family Medicine/Horizon,,Family Med/Susquehanna,1652120C1,,,,,,,,,7,7
Pennsylvania,Pittsburgh,,Internal Medicine,1652140C0,32,32,33,33,37,37,34,34,33,33
Pennsylvania,Pittsburgh,,Int Med/Womens Health,1652140C1,5,5,5,5,3,3,4,4,5,5
Pennsylvania,Pittsburgh,Int Med/Intl Scholars,Int Med/Global Health,1652140C3,4,4,4,4,4,4,4,4,4,4
Pennsylvania,Pittsburgh,Int Med/Intl Scholars,Int Med/ABIM Research Path,1652140C4,3,3,2,2,1,1,4,4,4,4
Pennsylvania,Pittsburgh,Int Med/Intl Scholars,Int Med/Geriatrics Integ,1652140C5,2,2,2,2,1,1,,,,
Pennsylvania,Pittsburgh,Int Med/Intl Scholars,Medicine-Preliminary,1652140P0,8,8,8,8,8,8,8,8,8,8
Pennsylvania,Pittsburgh,Int Med/Intl Scholars,Neurological Surgery,1652160C0,5,5,5,5,4,4,4,4,4,4
Pennsylvania,Neurology,,Neurology/Research,1652180C1,1,1,1,1,,,,,,
Pennsylvania,Neurology,,Child Neurology,1652185C0,4,4,4,4,4,4,3,3,3,3
Pennsylvania,Neurology,,Child Neurology,1652185R0,,,,,2,1,,,,
Pennsylvania,Neurology,,Neurodevelopmental Disabilities,1652186C0,1,1,,,1,1,1,1,1,1
Pennsylvania,Neurology,Obstetrics-Gynecology,Orthopaedic Surgery,1652260C0,4,4,4,4,4,4,4,4,4,4
Pennsylvania,Neurology,Obstetrics-Gynecology,Ortho Surgery/Research,1652260C1,4,4,4,4,4,4,4,4,4,4
Pennsylvania,Neurology,Obstetrics-Gynecology,Otolaryngology,1652280C0,5,5,5,5,5,5,5,5,5,5
Pennsylvania,Neurology,Obstetrics-Gynecology,Pathology,1652300C0,7,7,6,6,5,5,7,7,8,8
Pennsylvania,Neurology,Obstetrics-Gynecology,Pediatrics,1652320C0,25,25,31,31,25,25,28,28,24,24
Pennsylvania,Peds/Scientist Development,,Pediatrics-Primary,1652320M0,2,2,,,2,2,2,2,2,2
Pennsylvania,Peds/Scientist Development,,Phys Medicine & Rehab,1652340A0,4,4,4,4,4,4,4,4,4,4
Pennsylvania,Peds/Scientist Development,,Phys Medicine & Rehab,1652340C0,5,5,5,5,5,5,5,5,5,5
Pennsylvania,Peds/Scientist Development,,Plastic Surgery (Integrated),1652362C0,3,3,3,3,3,3,3,3,3,3
Pennsylvania,Peds/Scientist Development,,Psychiatry/General,1652400C0,6,6,6,6,9,9,9,9,9,9
Pennsylvania,Peds/Scientist Development,Psychiatry/General/Child,Psychiatry/Research,1652400C2,3,3,3,3,,,,,,
Pennsylvania,Peds/Scientist Development,Psychiatry/General/Child,Interventional Radiology (Integ),1652416A0,2,2,2,2,2,2,2,2,2,2
Pennsylvania,Peds/Scientist Development,Psychiatry/General/Child,Radiology-Diagnostic,1652420A0,10,10,10,10,10,10,10,10,10,10
Pennsylvania,Peds/Scientist Development,Psychiatry/General/Child,Radiation Oncology,1652430A0,2,2,2,2,2,2,2,0,2,2
Pennsylvania,Peds/Scientist Development,Psychiatry/General/Child,General Surgery,1652440C0,7,7,7,7,8,8,7,7,7,7
Pennsylvania,General Surgery/Horizon,,Surgery-Preliminary,1652440P0,,,,,,,,,4,4
Pennsylvania,General Surgery/Horizon,,Surg-Prelim/Non-Designated,1652440P1,,,2,1,,,,,1,1
Pennsylvania,General Surgery/Horizon,,Vascular Surgery,1652451C0,2,2,2,2,2,2,2,2,2,2
Pennsylvania,General Surgery/Horizon,,Thoracic Surgery,1652461C0,,,,,,,1,1,1,1
Pennsylvania,General Surgery/Horizon,Cardiothoracic Surgery,Medicine-Pediatrics,1652700C0,4,4,4,4,4,4,4,4,4,4
Pennsylvania,General Surgery/Horizon,Cardiothoracic Surgery,Psych-Fam Med/McKeesport,1652720C2,,,1,1,1,1,1,1,1,1
Pennsylvania,General Surgery/Horizon,Cardiothoracic Surgery,Psych-Fam Med/St Margaret,1652720C3,2,2,1,1,1,1,1,1,1,1
Pennsylvania,General Surgery/Horizon,Cardiothoracic Surgery,Pediatrics-Anesthesiology,1652726C0,1,1,1,1,1,1,1,1,1,1
Pennsylvania,General Surgery/Horizon,Cardiothoracic Surgery,Peds/Psych/Child Psych,1652730C0,2,2,2,2,2,2,2,2,2,2
Pennsylvania,Pediatrics/Medical Genetics,,Transitional,1652999P0,2,2,1,1,3,3,2,2,3,3
Pennsylvania,Pediatrics/Medical Genetics,,Transitional/Radiology,1652999P2,1,1,1,1,1,1,1,1,1,1
Pennsylvania,Pediatrics/Medical Genetics,,Transitional/PM&R,1652999P3,1,1,2,2,1,1,1,1,,
Pennsylvania,Pediatrics/Medical Genetics,,Transitional/Ophthalmology,1652999P4,6,6,6,6,5,5,6,6,6,6
Pennsylvania,Pittsburgh,,Internal Medicine,1649140C0,21,21,21,21,21,21,21,21,21,21
Pennsylvania,Pittsburgh,,General Surgery,1649440C0,4,4,4,4,4,4,4,4,4,4
Pennsylvania,Pittsburgh,,Surgery-Preliminary,1649440P0,5,1,5,0,5,2,5,4,5,3
Pennsylvania,Pittsburgh,,Family Medicine,1657120C0,8,8,8,8,7,7,6,6,6,6
Pennsylvania,Pittsburgh,,Family Medicine/Osteopathic,1657120C1,4,4,4,4,4,4,4,4,4,4
Pennsylvania,Pittsburgh,,Family Medicine,1656120C0,13,13,13,13,13,13,13,13,13,13
Pennsylvania,Washington,,Family Medicine,1669120C0,7,7,7,4,8,5,7,5,8,4
Pennsylvania,Williamsport,,Family Medicine,2336120C0,7,7,7,6,7,7,7,7,,
Pennsylvania,Williamsport,Family Medicine/Rural Cole,Family Med/Rural Wellsboro,2336120C2,1,1,1,1,1,0,,,,
Pennsylvania,Wayne Memorial Community Health,Honesdale,Family Medicine/Rural,2481120C0,5,2,,,,,,,,
Pennsylvania,Wellspan Health Chambersburg,York,Family Medicine,2410120C0,6,6,6,6,,,,,,
Pennsylvania,Wellspan Health Good Sam Hosp-PA,York,Family Medicine,2181120C0,7,7,7,7,7,7,7,7,7,7
Pennsylvania,Wellspan Health York Hosp-PA,York,Emergency Medicine,1674110C0,13,13,13,13,13,13,13,7,13,9
Pennsylvania,Family Medicine,,Internal Medicine,1674140C0,12,12,12,12,12,12,12,12,12,12
Pennsylvania,Family Medicine,,Obstetrics-Gynecology,1674220C0,5,5,5,5,5,5,5,5,5,5
Pennsylvania,Family Medicine,,Ortho Surgery/Osteopathic,1674260C0,3,3,3,3,3,3,3,3,3,3
Pennsylvania,Family Medicine,,Psychiatry,1674400C0,6,6,6,6,,,,,,
Pennsylvania,Family Medicine,,General Surgery,1674440C0,5,5,5,5,5,5,4,4,4,4
Pennsylvania,Western Pennsylvania Hosp,Pittsburgh,Obstetrics-Gynecology,1659220C0,6,6,6,6,6,6,6,6,5,5
Pennsylvania,Wright Center for GME-PA,Scranton,Family Medicine,3056120C0,6,4,,,13,13,11,11,12,12
Pennsylvania,Wright Center for GME-PA,Scranton,Family Medicine/Arizona,3056120C1,,,,,,,4,3,4,4
Pennsylvania,Wright Center for GME-PA (Continued),Scranton,Family Medicine/DC,3056120C2,,,,,,,6,2,6,6
Pennsylvania,Wright Center for GME-PA (Continued),Scranton,Family Medicine/Washington,3056120C3,,,,,,,6,3,4,2
Pennsylvania,Family Medicine/Ohio,,Family Medicine/Ohio Rural,3056120C5,4,4,4,1,,,,,,
Pennsylvania,Family Medicine/Ohio,,Internal Medicine/Geriatrics,3056140C1,2,2,2,2,,,,,,
Pennsylvania,Family Medicine/Ohio,,Medicine-Primary,3056140M0,43,43,32,32,33,33,40,40,34,34
Pennsylvania,Family Medicine/Ohio,,Phys Medicine & Rehab,3056340C0,7,7,7,7,5,5,5,5,5,5
Pennsylvania,Family Medicine/Ohio,,Phy Medicine & Rehab,3056340R0,,,2,2,,,,,,
Puerto Rico,Centro Medico Menonita Cayey-PR,Cayey,Family Medicine,2426120C0,6,3,6,6,,,,,,
Puerto Rico,Internal Medicine,,General Surgery,2426440C0,3,3,,,,,,,,
Puerto Rico,Internal Medicine,,Surgery Preliminary,2426440P0,2,1,,,,,,,,
Puerto Rico,Ponce,,Internal Medicine,2039140C0,7,,7,7,7,7,7,7,7,
Puerto Rico,Ponce,,Transitional,2039999P0,12,12,12,12,12,12,12,12,12,12
Puerto Rico,Ponce,Emergency Medicine,Internal Medicine,2101140C0,10,10,10,10,8,8,8,8,7,7
Puerto Rico,Ponce,Emergency Medicine,Obstetrics-Gynecology,2101220C0,5,5,5,5,5,5,4,4,4,4
Puerto Rico,Ponce,Emergency Medicine,Pediatrics,2101320C0,7,4,7,3,7,4,6,6,6,6
Puerto Rico,Ponce,Emergency Medicine,General Surgery,2101440C0,4,4,4,4,4,4,4,4,3,3
Puerto Rico,Ponce,Emergency Medicine,Surgery-Preliminary,2101440P0,2,2,2,2,1,1,1,1,2,1
Puerto Rico,San German,,Internal Medicine,1202140C0,,,7,7,7,7,7,7,7,7
Puerto Rico,Ponce,,Dermatology,1433080A0,3,3,,,,,,,,
Puerto Rico,Ponce,,Dermatology,1433080R0,3,3,,,,,,,,
Puerto Rico,Ponce,,Orthopaedic Surgery,1433260C0,4,4,,,,,,,,
Puerto Rico,Ponce,,Psychiatry,1433400C0,6,6,6,6,6,6,6,6,6,6
Puerto Rico,San Juan VA Med Ctr-PR,San Juan,Internal Medicine,3012140C0,21,21,21,21,21,21,20,20,20,20
Puerto Rico,San Juan VA Med Ctr-PR,San Juan,Medicine-Preliminary,3012140P0,7,7,6,6,7,7,6,6,5,5
Puerto Rico,Bayamon,,Internal Medicine,1775140C0,14,14,13,13,13,13,9,9,9,9
Puerto Rico,Bayamon,,Medicine-Preliminary,1775140P0,8,8,9,5,9,7,8,8,8,8
Puerto Rico,San Juan,,Anesthesiology,1116040C0,4,4,4,4,4,4,3,3,3,3
Puerto Rico,San Juan,,Dermatology,1116080A0,3,3,2,2,2,2,3,3,3,3
Puerto Rico,San Juan,,Emergency Medicine,1116110C0,10,10,10,10,10,10,10,10,10,10
Puerto Rico,San Juan,Family Medicine,Internal Medicine,1116140C0,14,14,16,16,16,16,15,15,14,14
Puerto Rico,San Juan,Family Medicine,Medicine-Preliminary,1116140P0,1,1,1,0,2,1,1,0,2,0
Puerto Rico,San Juan,Family Medicine,Neurological Surgery,1116160C0,1,1,,,,,,,,
Puerto Rico,San Juan,Family Medicine,Neurology,1116180C0,4,4,3,3,3,3,3,3,3,3
Puerto Rico,San Juan,Family Medicine,Child Neurology,1116185C0,1,1,1,1,1,1,1,1,1,0
Puerto Rico,Child Neurology,,Obstetrics-Gynecology,1116220C0,6,6,5,5,5,5,5,5,5,5
Puerto Rico,Child Neurology,,Ob-Gyn/Preliminary,1116220P0,1,1,,,,,,,,
Puerto Rico,Child Neurology,,Orthopaedic Surgery,1116260C0,4,4,4,4,4,4,4,4,4,4
Puerto Rico,Child Neurology,,Otolaryngology,1116280C0,2,2,2,2,2,2,2,2,2,2
Puerto Rico,Child Neurology,Pathology,Pediatrics,1116320C0,13,13,13,13,13,13,13,7,13,13
Puerto Rico,Child Neurology,Pathology,Phys Medicine & Rehab,1116340C0,3,3,3,3,3,3,3,3,3,3
Puerto Rico,Child Neurology,Pathology,Psychiatry,1116400C0,6,6,6,6,6,6,6,6,6,6
Puerto Rico,Child Neurology,Pathology,Radiology-Diagnostic,1116420A0,4,4,4,4,4,4,4,4,4,4
Puerto Rico,Child Neurology,Pathology,General Surgery,1116440C0,5,5,5,5,5,5,5,5,5,5
Puerto Rico,Surgery-Preliminary,,Medicine-Pediatrics,1116700C0,2,2,2,1,2,2,2,2,2,2
Puerto Rico,Surgery-Preliminary,,Transitional,1116999P0,4,4,4,4,4,4,4,4,4,4
Rhode Island,Brown Univ/Butler Hospital-RI,Providence,Psychiatry,3170400C0,10,10,10,10,10,10,10,10,10,10
Rhode Island,Brown Univ/Kent Hospital-RI,Warwick,Family Medicine/Pawtucket,2270120C0,12,12,12,12,12,12,11,11,12,12
Rhode Island,Family Medicine/Warwick,,Internal Medicine,2270140C0,13,13,13,13,13,13,13,13,13,13
Rhode Island,Providence,,Anesthesiology,1677040A0,24,24,24,24,20,20,20,20,16,16
Rhode Island,Providence,Anesthesiology,Dermatology,1677080A0,4,4,4,4,4,4,4,4,4,4
Rhode Island,Providence,Anesthesiology,Emergency Medicine,1677110C0,14,14,14,14,14,14,14,14,14,14
Rhode Island,Providence,Anesthesiology,Internal Medicine,1677140C0,29,29,30,30,29,29,29,29,29,29
Rhode Island,Providence,Anesthesiology,Medicine-Primary,1677140M0,10,10,9,9,10,10,10,10,10,10
Rhode Island,Medicine-Preliminary,,Med-Prelim/Neurology,1677140P1,7,,7,7,7,7,6,6,6,
Rhode Island,Medicine-Preliminary,,Med-Prelim/Anesthesiology,1677140P2,2,2,2,2,2,2,2,2,2,2
Rhode Island,Medicine-Preliminary,,Neurological Surgery,1677160C0,2,2,2,2,2,2,1,1,2,2
Rhode Island,Providence,,Neurology,1677180A0,7,7,7,7,7,7,6,6,6,6
Rhode Island,Providence,,Neurology,1677180R2,,,,,1,1,,,,
Rhode Island,Providence,Orthopaedic Surgery,Pathology/AP Only or AP/CP,1677300C0,4,4,4,4,4,4,4,4,4,4
Rhode Island,Providence,Orthopaedic Surgery,Pathology-AP/NP,1677300C1,,,1,1,,,,,,
Rhode Island,Providence,Orthopaedic Surgery,Pediatrics,1677320C0,16,16,16,16,16,16,16,16,16,16
Rhode Island,Providence,Orthopaedic Surgery,Plastic Surgery (Integrated),1677362C0,2,2,2,2,2,2,2,2,2,2
Rhode Island,Providence,Orthopaedic Surgery,Interventional Radiology (Integ),1677416A0,2,2,2,2,2,2,1,1,2,2
Rhode Island,Radiology-Diagnostic,,General Surgery,1677440C0,7,7,7,7,7,7,7,7,7,7
Rhode Island,Radiology-Diagnostic,,Surgery-Preliminary,1677440P0,6,1,6,0,6,1,6,1,6,1
Rhode Island,Radiology-Diagnostic,,Medicine-Pediatrics,1677700C0,4,4,4,4,4,4,4,4,4,4
Rhode Island,Radiology-Diagnostic,,Peds/Psych/Child Psych,1677730C0,3,3,3,3,3,3,3,3,3,3
Rhode Island,Providence,,Obstetrics-Gynecology,2793220C0,8,8,8,8,8,8,8,8,8,8
Rhode Island,NYMC-Landmark Med Ctr-RI,Woonsocket,Internal Medicine,2307140C0,12,12,12,12,12,12,7,7,7,7
Rhode Island,Medicine-Preliminary,,Med-Prelim/Anesthesiology,2307140P1,4,,,,,,,,,
Rhode Island,Providence,,Internal Medicine,1678140C0,14,14,14,14,14,14,12,12,12,12
Rhode Island,Providence,Med-Prelim/Brown Anesthesiology,Medicine-Preliminary,1678140P1,2,2,2,2,2,2,2,2,1,1
South Carolina,Family Medicine,,Internal Medicine,2321140C0,10,10,10,10,10,10,,,,
South Carolina,Family Medicine,,Transitional,2321999P0,13,12,,,,,,,,
South Carolina,Bon Secours St Francis-SC,Greenville,Internal Medicine,2453140C0,12,10,12,12,,,,,,
South Carolina,Grand Strand Reg Med Ctr-SC,Myrtle Beach,Anesthesiology,1761040C0,6,6,6,6,6,6,6,6,6,6
South Carolina,Grand Strand Reg Med Ctr-SC,Myrtle Beach,Emergency Medicine,1761110C0,12,10,12,12,12,9,12,12,12,12
South Carolina,Family Medicine,,Internal Medicine,1761140C0,13,13,13,13,13,13,13,11,13,13
South Carolina,Family Medicine,,General Surgery,1761440C0,3,3,3,3,3,3,3,3,3,3
South Carolina,Family Medicine,,Surgery-Preliminary,1761440P0,4,1,,,,,,,,
South Carolina,Family Medicine,,Transitional,1761999P0,12,12,12,10,12,12,12,12,12,12
South Carolina,West Columbia,,Family Medicine,2341120C0,13,1,14,3,13,2,13,3,,
South Carolina,West Columbia,,Internal Medicine,2341140C0,13,13,,,,,,,,
South Carolina,West Columbia,,Transitional,2341999P0,,,13,1,13,8,13,13,,
South Carolina,Florence,,Family Med/Urban Florence/Osteopathic,2032120C0,9,9,9,4,9,9,10,6,8,4
South Carolina,Florence,,Family Med/Rural Cheraw,2032120C1,4,1,4,1,4,2,4,0,4,4
South Carolina,Florence,,Family Med/Rural Clarendon,2032120C2,4,4,5,5,4,3,4,4,4,1
South Carolina,Florence,,Internal Medicine,2032140C0,10,10,,,,,,,,
South Carolina,Charleston,,Family Medicine/Florence,2398120C0,8,4,8,8,,,,,,
South Carolina,Charleston,,Internal Medicine/Florence,2398140C0,8,8,8,8,8,8,,,,
South Carolina,Medical University of SC,Charleston,Anesthesiology,1680040C0,18,18,18,18,18,18,18,18,15,15
South Carolina,Medical University of SC,Charleston,Anesthesiology,1680040R0,,,,,,,3,3,,
South Carolina,Dermatology,,Dermatology/Pediatrics Trained,1680080A1,1,1,1,1,,,,,,
South Carolina,Dermatology,,Dermatology/International,1680080C0,,,,,1,1,,,1,1
South Carolina,Dermatology,,Dermatology,1680080R0,1,1,,,1,1,,,,
South Carolina,Dermatology,,Emergency Medicine,1680110C0,12,12,10,10,10,10,10,9,10,10
South Carolina,Dermatology,,Family Medicine/Charleston,1680120C1,10,8,10,10,10,7,9,6,10,10
South Carolina,Dermatology,Family Medicine/3 Yr MD Path,Family Medicine/Orangeburg,1680120C3,4,1,,,,,,,,
South Carolina,Dermatology,Family Medicine/3 Yr MD Path,Internal Medicine,1680140C0,26,26,26,26,24,24,25,25,26,26
South Carolina,Dermatology,Family Medicine/3 Yr MD Path,Internal Medicine/COM AMP,1680140C2,,,1,1,2,2,1,1,,
South Carolina,Dermatology,Family Medicine/3 Yr MD Path,Medicine-Preliminary,1680140P0,3,3,2,2,2,2,3,3,2,2
South Carolina,Dermatology,Family Medicine/3 Yr MD Path,Med-Prelim/Ophthalmology,1680140P1,,,2,2,2,2,1,1,2,2
South Carolina,Neurological Surgery,,Neurology,1680180C0,8,8,8,8,8,8,8,8,8,8
South Carolina,Neurological Surgery,,Child Neurology,1680185C0,2,2,2,2,1,1,1,1,1,0
South Carolina,Neurological Surgery,,Obstetrics-Gynecology,1680220C0,6,6,6,6,6,6,6,6,6,6
South Carolina,Neurological Surgery,,Orthopaedic Surgery,1680260C0,5,5,5,5,5,5,5,5,4,4
South Carolina,Neurological Surgery,,Otolaryngology,1680280C0,5,5,5,5,4,4,4,4,4,4
South Carolina,Neurological Surgery,Pathology,Pediatrics,1680320C0,18,18,16,16,15,15,12,12,14,14
South Carolina,Neurological Surgery,Pathology,Pediatrics/AMP,1680320C1,,,,,1,1,2,2,,
South Carolina,Neurological Surgery,Pathology,Pediatrics-Primary,1680320M0,3,3,3,2,3,3,3,3,3,3
South Carolina,Medical University of SC (Continued),Charleston,Phys Medicine & Rehab,1680340C0,4,4,,,,,,,,
South Carolina,Medical University of SC (Continued),Charleston,Plastic Surgery (Integrated),1680362C0,2,2,2,2,2,2,1,1,1,1
South Carolina,Psychiatry/Charleston,,Psychiatry/Orangeburg,1680400C1,4,2,,,,,,,,
South Carolina,Psychiatry/Charleston,,Interventional Radiology (Integ),1680416A0,3,2,3,3,2,2,2,2,2,2
South Carolina,Psychiatry/Charleston,,Radiology-Diagnostic,1680420A0,13,13,13,13,11,11,11,11,11,11
South Carolina,Psychiatry/Charleston,,Radiology-Diagnostic,1680420R0,,,2,2,,,,,,
South Carolina,Psychiatry/Charleston,,Radiation Oncology,1680430A0,1,1,2,2,2,2,2,1,2,0
South Carolina,Psychiatry/Charleston,General Surgery,General Surgery/Research,1680440C1,,,2,2,,,,,,
South Carolina,Psychiatry/Charleston,General Surgery,Surgery-Preliminary,1680440P0,13,7,10,7,11,5,12,12,12,12
South Carolina,Psychiatry/Charleston,General Surgery,Surg-Prelim/Int Radiology,1680440P1,,,3,3,2,2,2,2,2,2
South Carolina,Psychiatry/Charleston,General Surgery,Vascular Surgery,1680451C0,1,1,1,1,1,1,1,1,2,2
South Carolina,Vascular Surgery/Research,,Thoracic Surgery,1680461C0,1,1,1,1,2,2,2,2,2,2
South Carolina,Vascular Surgery/Research,,Thoracic Surgery/Cardiac Research,1680461C1,1,1,1,1,,,,,,
South Carolina,Vascular Surgery/Research,,Medicine-Pediatrics,1680700C0,4,4,4,4,4,4,4,4,4,4
South Carolina,Vascular Surgery/Research,,Medicine-Psychiatry,1680715C0,2,2,2,2,2,2,2,2,2,2
South Carolina,Vascular Surgery/Research,,Psychiatry-Neurology,1680755C0,1,1,1,1,1,1,1,1,1,0
South Carolina,Vascular Surgery/Research,Transitional,Transitional/Ophthalmology,1680999P1,,,2,2,2,2,2,2,2,2
South Carolina,Prisma Health-U of SC SOM Columbia,Greenville,Emergency Medicine,1681110C0,13,13,13,13,13,13,13,13,13,13
South Carolina,Family Medicine/Columbia,,Family Medicine/Sumter,1681120C1,4,2,4,0,4,2,4,3,4,4
South Carolina,Family Medicine/Columbia,,Family Med/Winnsboro Rural,1681120C2,1,0,1,1,1,0,1,0,1,0
South Carolina,Family Medicine/Columbia,,Internal Medicine,1681140C0,11,11,11,11,11,11,11,11,11,11
South Carolina,Family Medicine/Columbia,,Medicine-Primary,1681140M0,3,3,3,1,3,3,3,3,3,3
South Carolina,Family Medicine/Columbia,,Medicine-Preliminary,1681140P0,3,3,3,3,3,3,3,3,3,3
South Carolina,Family Medicine/Columbia,Neurology,Obstetrics-Gynecology,1681220C0,5,5,5,5,5,5,5,5,4,4
South Carolina,Family Medicine/Columbia,Neurology,Orthopaedic Surgery,1681260C0,4,4,4,4,4,4,4,4,4,4
South Carolina,Family Medicine/Columbia,Neurology,Pediatrics,1681320C0,13,5,13,8,13,7,13,13,13,12
South Carolina,Family Medicine/Columbia,Neurology,Plastic Surgery (Integrated),1681362C0,1,1,1,1,1,1,1,1,1,1
South Carolina,Public Health & Preventive Med/2yr-MPH,Avail,Public Health & Preventive Med/2yr-MPH,1681380R0,2,2,2,2,,,,,,
South Carolina,Avail,,Psychiatry,1681400C0,8,8,8,8,8,8,8,8,8,8
South Carolina,Avail,,General Surgery,1681440C0,4,4,4,4,4,4,4,4,4,4
South Carolina,Avail,,Surgery-Preliminary,1681440P0,2,2,2,2,2,0,2,0,2,1
South Carolina,Greenville,,Emergency Medicine,1683110C0,10,10,10,10,10,10,10,10,10,10
South Carolina,Greenville,,Family Medicine/Greenville,1683120C0,6,6,6,6,6,6,6,6,6,6
South Carolina,Greenville,,Family Medicine/Seneca,1683120C2,6,6,6,3,6,6,6,5,6,6
South Carolina,Greenville,Family Medicine/Greer,Internal Medicine,1683140C0,13,13,13,13,13,13,12,12,12,12
South Carolina,Greenville,Family Medicine/Greer,Neurology,1683180C0,6,6,6,6,6,6,6,6,6,6
South Carolina,Greenville,Family Medicine/Greer,Obstetrics-Gynecology,1683220C0,7,7,7,7,7,7,7,7,6,6
South Carolina,Greenville,Family Medicine/Greer,Orthopaedic Surgery,1683260C0,4,4,4,4,4,4,4,4,4,4
South Carolina,Greenville,Family Medicine/Greer,Pediatrics,1683320C0,12,11,12,12,11,11,11,11,11,11
South Carolina,Prisma Health-U of SC SOM Greenville,Greenville,Psychiatry,1683400C0,5,5,5,5,5,5,5,5,5,5
South Carolina,Prisma Health-U of SC SOM Greenville,Greenville,Psychiatry/Greer,1683400C1,8,8,6,6,8,8,8,8,8,8
South Carolina,General Surgery,,Surgery-Preliminary,1683440P0,1,0,3,0,4,1,2,0,2,0
South Carolina,General Surgery,,Medicine-Pediatrics,1683700C0,5,5,5,5,5,5,5,5,5,5
South Carolina,Spartanburg Medical Center-SC,Spartanburg,Family Medicine,1685120C0,12,7,12,2,12,9,12,12,12,11
South Carolina,Spartanburg Medical Center-SC,Spartanburg,Obstetrics-Gynecology,1685220C0,4,4,4,4,,,,,,
South Carolina,General Surgery,,Surgery-Preliminary,1685440P0,3,0,3,0,3,0,3,0,3,1
South Carolina,General Surgery,,Transitional,1685999P0,6,6,6,6,6,6,6,6,6,6
South Carolina,Summerville,Family Medicine,Obstetrics-Gynecology,2329220C0,3,3,3,3,3,3,3,3,3,2
South Carolina,Summerville,Family Medicine,Transitional,2329999P0,13,13,13,11,,,,,,
South Carolina,Family Medicine,,Transitional,1979999P0,6,6,6,6,,,,,,
South Carolina,Orangeburg,,Psychiatry,2378400C0,,,,,,,10,0,,
South Carolina,Charleston,,Emergency Medicine,2056110C0,11,9,11,10,10,10,10,7,10,10
South Carolina,Charleston,,Internal Medicine,2056140C0,10,10,15,14,10,4,10,3,10,1
South Carolina,Charleston,,Phys Medicine & Rehab,2056340A0,2,2,2,2,,,,,,
South Carolina,Charleston,Phys Medicine & Rehab,General Surgery,2056440C0,4,4,3,3,4,4,4,4,4,4
South Carolina,Charleston,Phys Medicine & Rehab,Surgery-Preliminary,2056440P0,4,2,4,2,4,0,,,4,4
South Dakota,Center for Family Medicine-SD,Sioux Falls,Family Medicine,2979120C0,9,9,9,9,9,9,9,9,9,6
South Dakota,Center for Family Medicine-SD,Sioux Falls,Family Medicine/Pierre,2979120C1,2,0,2,2,2,2,2,2,2,0
South Dakota,Rapid City Hospital-SD,Rapid City,Family Medicine,1177120C0,8,5,8,4,8,8,6,3,6,6
South Dakota,Univ of South Dakota SSOM,Sioux Falls,Emergency Medicine,2805110C0,6,6,,,,,,,,
South Dakota,Univ of South Dakota SSOM,Sioux Falls,Internal Medicine,2805140C0,9,9,9,9,9,9,8,8,8,8
South Dakota,Univ of South Dakota SSOM,Sioux Falls,Medicine-Preliminary,2805140P0,,,,,,,2,2,2,2
South Dakota,Univ of South Dakota SSOM,Sioux Falls,Neurology,2805180C0,3,3,3,3,3,3,,,,
South Dakota,Neurology,,Pathology,2805300C0,2,2,3,3,3,3,,,2,1
South Dakota,Neurology,,Pediatrics,2805320C0,6,6,6,5,6,6,6,6,6,3
South Dakota,Neurology,,Psychiatry,2805400C0,8,8,9,9,7,7,9,9,7,7
South Dakota,Neurology,,General Surgery,2805440C0,4,4,4,4,4,4,4,4,4,4
South Dakota,Neurology,,Transitional,2805999P0,6,6,6,6,6,6,6,6,6,6
Tennessee,Baptist Mem Med Education-TN,Memphis,Family Medicine,1694120C0,6,6,6,6,6,6,6,2,6,3
Tennessee,Obstetrics-Gynecology,,Radiology-Diagnostic,1694420A0,8,,6,6,6,6,6,6,6,
Tennessee,Obstetrics-Gynecology,,General Surgery,1694440C0,3,3,3,3,3,3,3,3,3,3
Tennessee,Johnson City,Family Med/Johnson City,Family Med/Bristol,2066120C2,8,8,8,8,8,7,8,8,8,8
Tennessee,Johnson City,Family Med/Johnson City,Family Med/Kingsport,2066120C3,6,4,6,6,6,4,6,5,6,6
Tennessee,Johnson City,Family Med/Johnson City,Internal Medicine,2066140C0,14,14,14,14,13,9,14,14,13,13
Tennessee,Johnson City,Family Med/Johnson City,Medicine-Preliminary,2066140P0,4,0,4,1,4,1,4,2,1,1
Tennessee,Johnson City,Family Med/Johnson City,Obstetrics-Gynecology,2066220C0,3,3,3,3,3,3,3,3,3,3
Tennessee,Ob-Gyn/Preliminary,,Orthopaedic Surgery,2066260C0,2,2,2,2,2,2,2,2,2,2
Tennessee,Ob-Gyn/Preliminary,,Orthopaedic Surgery/Military,2066260C1,1,1,,,,,,,,
Tennessee,Ob-Gyn/Preliminary,,Pathology,2066300C0,2,2,2,2,2,2,2,2,2,2
Tennessee,Ob-Gyn/Preliminary,,Pediatrics,2066320C0,8,8,8,8,8,3,8,8,8,8
Tennessee,Ob-Gyn/Preliminary,,Psychiatry,2066400C0,7,7,7,7,7,7,7,7,7,7
Tennessee,Ob-Gyn/Preliminary,General Surgery,Surgery-Preliminary,2066440P0,3,2,3,2,3,2,2,1,2,0
Tennessee,HCA Healthcare/TriStar Nashville-TN,Brentwood,Emergency Medicine,2252110C0,12,12,12,12,12,12,12,12,,
Tennessee,Family Medicine,,Internal Medicine,2252140C0,9,8,12,11,10,3,10,4,10,2
Tennessee,Family Medicine,,Neurology,2252180A0,4,4,4,4,4,4,4,4,,
Tennessee,Family Medicine,,Neurology,2252180R0,2,2,,,,,4,1,,
Tennessee,Family Medicine,,Phys Medicine & Rehab,2252340A0,4,4,4,4,4,2,,,,
Tennessee,Family Medicine,Phys Medicine & Rehab,Psychiatry,2252400C0,10,,10,10,8,8,8,8,8,
Tennessee,Family Medicine,Phys Medicine & Rehab,Transitional,2252999P0,10,10,9,9,9,9,10,10,,
Tennessee,Family Medicine,Phys Medicine & Rehab,Transitional/Neurology,2252999P1,3,3,4,4,4,4,3,3,,
Tennessee,HCA Healthcare/TriStar Southern,Nashville,Family Medicine,2263120C0,,,,,,,8,8,9,3
Tennessee,Health Education Services-TN,Franklin,Dermatology/Lake Granbury,2335080A0,3,3,3,3,3,3,,,,
Tennessee,Health Education Services-TN,Franklin,Dermatology/Lake Granbury,2335080R0,,,,,3,3,,,,
Tennessee,Health Education Services-TN,Franklin,Emer Med/Merit Health Wesley,2335110C0,8,8,8,8,8,8,6,0,,
Tennessee,Health Education Services-TN,Franklin,Family Medicine/Gadsden,2335120C0,8,8,8,8,8,8,8,7,,
Tennessee,Family Medicine/Baldwin Health,,Family Medicine/Valparaiso,2335120C3,6,3,6,6,6,5,6,6,,
Tennessee,Family Medicine/Baldwin Health,,Family Medicine/Crestwood,2335120C4,8,8,8,7,8,8,,,,
Tennessee,Family Medicine/Baldwin Health,,Family Medicine/Tucson,2335120C5,9,9,9,9,,,,,,
Tennessee,Family Medicine/Baldwin Health,,Int Med/Merit Health Wesley,2335140C0,,,,,10,10,10,3,,
Tennessee,Family Medicine/Baldwin Health,,Internal Medicine/Poplar Bluff,2335140C1,8,6,6,6,6,6,6,6,,
Tennessee,Family Medicine/Baldwin Health,Internal Medicine/Tucson,Internal Med/Mountain View,2335140C3,10,10,9,9,9,9,,,,
Tennessee,Family Medicine/Baldwin Health,Internal Medicine/Tucson,Internal Medicine/Crestwood,2335140C4,11,11,12,12,12,12,,,,
Tennessee,Family Medicine/Baldwin Health,Internal Medicine/Tucson,Internal Med/North Knoxville,2335140C5,12,12,13,13,13,13,,,,
Tennessee,Family Medicine/Baldwin Health,Internal Medicine/Tucson,Internal Medicine/Porter,2335140C6,13,13,13,13,13,13,,,,
Tennessee,Internal Med/Flowers Hosp,,Internal Medicine/Pine Ridge,2335140C8,13,13,,,,,,,,
Tennessee,Internal Med/Flowers Hosp,,ONMM/Mountain View,2335275C1,2,2,2,1,2,0,,,,
Tennessee,Internal Med/Flowers Hosp,,ONMM/Lake Granbury 3 yr,2335275C2,4,1,4,0,4,1,,,,
Tennessee,Internal Med/Flowers Hosp,,ONMM/Lake Granbury 2 yr,2335275R0,3,0,,,2,1,,,,
Tennessee,Internal Med/Flowers Hosp,,ONMM/Lake Granbury 1 yr,2335275R1,4,1,2,0,2,1,,,,
Tennessee,Internal Med/Flowers Hosp,Trans/Merit Health Wesley,Transitional/Tucson,2335999P1,13,10,13,12,13,9,,,,
Tennessee,Internal Med/Flowers Hosp,Trans/Merit Health Wesley,Transitional/Mountain View,2335999P2,9,9,9,9,9,9,,,,
Tennessee,Family Medicine,,Internal Medicine,1028140C0,15,4,15,0,15,2,15,5,14,14
Tennessee,Family Medicine,,Medicine-Preliminary,1028140P0,3,1,3,0,3,1,3,0,2,2
Tennessee,Family Medicine,,Obstetrics-Gynecology,1028220C0,,,,,3,3,3,2,3,3
Tennessee,Family Medicine,,Public Health & Preventive Med/2yr-MPH,1028380R0,3,0,3,0,,,,,,
Tennessee,Family Medicine,Available,Occupational & Environmental Med,1028382R0,3,0,3,0,,,,,,
Tennessee,Family Medicine,Available,Psychiatry,1028400C0,,,4,4,4,4,6,2,6,6
Tennessee,Methodist Healthcare Memphis,Memphis,Internal Medicine,2330140C0,6,2,6,2,6,0,6,2,,
Tennessee,Chattanooga,,Emergency Medicine,1689110C0,7,7,7,7,7,7,7,7,7,7
Tennessee,Chattanooga,,Family Medicine,1689120C0,6,3,6,3,7,4,7,3,7,7
Tennessee,Chattanooga,,Family Medicine/Rural,1689120C1,1,0,1,1,,,,,,
Tennessee,Chattanooga,,Internal Medicine,1689140C0,11,11,11,11,11,6,11,11,10,10
Tennessee,Chattanooga,Neurology,Obstetrics-Gynecology,1689220C0,4,4,4,4,4,4,4,4,4,4
Tennessee,Chattanooga,Neurology,Orthopaedic Surgery,1689260C0,3,3,3,3,3,3,3,3,3,3
Tennessee,Chattanooga,Neurology,Pediatrics,1689320C0,12,11,10,9,10,10,9,9,9,9
Tennessee,Chattanooga,Neurology,General Surgery,1689440C0,6,6,6,6,5,5,5,5,5,5
Tennessee,Chattanooga,Neurology,Surgery-Preliminary,1689440P0,,,2,1,4,0,4,0,,
Tennessee,U Tennessee Grad SOM-Knoxville,Knoxville,Anesthesiology,1839040C0,12,12,10,10,10,10,10,10,10,10
Tennessee,U Tennessee Grad SOM-Knoxville,Knoxville,Anesthesiology,1839040R0,2,2,,,,,,,2,2
Tennessee,U Tennessee Grad SOM-Knoxville,Knoxville,Family Medicine,1839120C0,9,9,9,9,9,4,9,9,9,9
Tennessee,Internal Medicine,,Neurology,1839180C0,2,2,2,2,,,,,,
Tennessee,Internal Medicine,,Obstetrics-Gynecology,1839220C0,5,5,5,5,5,5,4,4,4,4
Tennessee,Internal Medicine,,Pathology,1839300C0,2,2,2,2,3,3,3,3,3,1
Tennessee,Internal Medicine,,Radiology-Diagnostic,1839420A0,7,7,6,6,6,6,6,6,6,6
Tennessee,Internal Medicine,Radiology-Diagnostic,General Surgery,1839440C0,7,7,7,7,6,6,6,6,6,6
Tennessee,Internal Medicine,Radiology-Diagnostic,Surgery-Preliminary,1839440P0,4,0,7,0,7,3,5,2,5,2
Tennessee,Internal Medicine,Radiology-Diagnostic,Transitional,1839999P0,2,2,2,2,2,2,3,3,2,2
Tennessee,Internal Medicine,Radiology-Diagnostic,Transitional/Radiology,1839999P2,4,4,4,4,4,2,3,3,4,4
Tennessee,U Tennessee Health Sci Ctr-Memphis,Memphis,Anesthesiology,1844040C0,3,3,3,3,3,3,2,2,3,3
Tennessee,U Tennessee Health Sci Ctr-Memphis,Memphis,Anesthesiology,1844040R0,,,,,1,1,,,,
Tennessee,U Tennessee Health Sci Ctr-Memphis,Memphis,Dermatology,1844080A0,4,4,3,3,4,4,4,4,3,3
Tennessee,U Tennessee Health Sci Ctr-Memphis,Memphis,Emergency Medicine,1844110C0,8,8,8,8,7,7,8,3,8,8
Tennessee,Family Med/St Francis,,Family Med/Jackson,1844120C1,12,12,12,12,12,9,11,9,12,12
Tennessee,Family Med/St Francis,,Family Medicine/Rural,1844120C4,2,1,2,2,2,1,2,2,,
Tennessee,Family Med/St Francis,,Internal Medicine,1844140C0,24,24,24,24,20,20,20,20,20,20
Tennessee,Family Med/St Francis,,Internal Med/Maury Regional,1844140C1,10,10,,,,,,,,
Tennessee,Family Med/St Francis,,Medicine-Preliminary,1844140P0,10,6,18,11,11,5,10,7,6,6
Tennessee,Family Med/St Francis,Med-Prelim/Neurology-GME,Med-Prelim/Radiology,1844140P2,2,2,1,1,1,1,3,3,3,3
Tennessee,Family Med/St Francis,Med-Prelim/Neurology-GME,Med-Prelim/Dermatology,1844140P4,3,3,3,3,1,1,,,3,3
Tennessee,Family Med/St Francis,Med-Prelim/Neurology-GME,Med-Prelim/Neurology-COM,1844140P5,,,,,,,3,2,,
Tennessee,Family Med/St Francis,Med-Prelim/Neurology-GME,Neurological Surgery,1844160C0,4,4,3,3,3,3,3,3,3,3
Tennessee,Neurology,,Neurology,1844180R0,,,1,1,,,4,4,,
Tennessee,Neurology,,Child Neurology,1844185C0,2,2,2,2,2,2,2,2,2,1
Tennessee,Neurology,,Obstetrics-Gynecology,1844220C0,9,9,9,9,8,8,8,8,7,7
Tennessee,Neurology,,Orthopaedic Surgery,1844260C0,8,8,8,8,8,8,8,8,8,8
Tennessee,Neurology,,Otolaryngology,1844280C0,4,4,4,4,4,4,4,4,4,4
Tennessee,Neurology,Pathology,Pediatrics,1844320C0,23,23,22,22,23,11,23,18,23,23
Tennessee,Neurology,Pathology,Plastic Surgery (Integrated),1844362C0,2,0,,,,,,,,
Tennessee,Neurology,Pathology,Psychiatry,1844400C0,6,6,6,6,6,6,6,6,8,8
Tennessee,Neurology,Pathology,Radiology-Diagostic,1844420A1,4,4,4,4,4,4,4,4,3,3
Tennessee,Neurology,Pathology,Radiology-Diagnostic,1844420R0,,,,,,,1,1,,
Tennessee,Memphis,,General Surgery,1844440C0,8,8,8,8,8,8,8,8,8,8
Tennessee,Memphis,,Surgery-Preliminary,1844440P0,5,0,,,5,0,5,0,5,0
Tennessee,UT Ascension St Thomas-TN,Nashville,Emergency Med/Murfreesboro,1699110C0,8,8,8,8,8,8,8,8,8,8
Tennessee,UT Ascension St Thomas-TN,Nashville,Family Med/Murfreesboro-Main,1699120C0,8,8,8,8,8,8,8,6,8,8
Tennessee,Family Med/Murfreesboro-Rural,,Internal Medicine/Midtown,1699140C0,8,8,8,8,8,8,8,8,8,8
Tennessee,Family Med/Murfreesboro-Rural,,Med-Prelim/Midtown,1699140P0,2,2,2,2,1,1,2,0,2,2
Tennessee,Family Med/Murfreesboro-Rural,,Med-Prelim/Neurology-Midtown,1699140P1,,,,,1,1,,,,
Tennessee,Family Med/Murfreesboro-Rural,,Obstetrics-Gynecology/Midtown,1699220C0,4,4,4,4,3,3,3,3,3,3
Tennessee,Family Med/Murfreesboro-Rural,,General Surgery/West,1699440C0,3,3,3,3,3,3,3,3,3,3
Tennessee,Nashville,,Anesthesiology,1702040C0,22,22,21,21,21,21,21,21,18,18
Tennessee,Nashville,,Anesthesiology/Research,1702040C1,1,1,,,,,,,,
Tennessee,Nashville,,Dermatology,1702080A0,5,5,5,5,5,5,5,5,5,5
Tennessee,Nashville,Emergency Medicine,Internal Medicine,1702140C0,44,44,47,47,47,47,38,38,42,42
Tennessee,Nashville,Emergency Medicine,Int Med/ABIM Research Path,1702140C1,7,7,7,7,4,4,7,7,5,5
Tennessee,Nashville,Emergency Medicine,Internal Medicine/Lebanon,1702140C2,8,8,,,,,,,,
Tennessee,Nashville,Emergency Medicine,Medicine-Preliminary,1702140P0,,,6,6,2,2,5,5,5,5
Tennessee,Neurological Surgery,,Neurology,1702180C0,8,8,8,8,7,7,7,7,7,7
Tennessee,Neurological Surgery,,Neurology,1702180R1,,,1,1,,,,,,
Tennessee,Neurological Surgery,,Child Neurology,1702185C0,4,4,4,4,4,4,4,4,4,4
Tennessee,Neurological Surgery,,Child Neurology,1702185R0,,,,,,,,,1,1
Tennessee,Neurological Surgery,,Obstetrics-Gynecology,1702220C0,7,7,7,7,6,6,6,6,6,6
Tennessee,Neurological Surgery,Orthopaedic Surgery,Otolaryngology,1702280C0,5,5,4,4,5,5,5,5,5,5
Tennessee,Neurological Surgery,Orthopaedic Surgery,Otolaryngology/Research,1702280C1,,,1,0,1,1,1,1,,
Tennessee,Neurological Surgery,Orthopaedic Surgery,Pathology,1702300C0,5,5,7,7,8,8,3,3,6,6
Tennessee,Neurological Surgery,Orthopaedic Surgery,Pathology-AP/NP,1702300C2,1,1,,,1,1,,,,
Tennessee,Neurological Surgery,Orthopaedic Surgery,Pediatrics,1702320C0,28,28,28,28,28,28,26,26,24,24
Tennessee,Phys Medicine & Rehab,,Plastic Surgery (Integrated),1702362C0,2,2,2,2,2,2,2,2,1,1
Tennessee,Phys Medicine & Rehab,,Psychiatry,1702400C0,6,6,6,6,7,7,6,6,5,5
Tennessee,Phys Medicine & Rehab,,Psychiatry/Child Fast Track,1702400C1,3,3,3,3,3,3,3,3,3,3
Tennessee,Phys Medicine & Rehab,,Psychiatry/Research,1702400C2,1,1,1,1,,,1,1,1,1
Tennessee,Phys Medicine & Rehab,Interventional Radiology (Integ),Interventional Radiology (Integ),1702416R1,1,1,,,,,,,,
Tennessee,Phys Medicine & Rehab,Interventional Radiology (Integ),Radiology-Diagnostic,1702420A0,8,8,8,8,6,6,6,6,6,6
Tennessee,Phys Medicine & Rehab,Interventional Radiology (Integ),Radiology-Diagnostic,1702420R0,,,2,2,,,,,,
Tennessee,Phys Medicine & Rehab,Interventional Radiology (Integ),Radiation Oncology,1702430A0,2,2,3,3,3,3,2,2,2,2
Tennessee,Phys Medicine & Rehab,Interventional Radiology (Integ),General Surgery,1702440C0,9,9,8,8,8,8,8,8,8,8
Tennessee,Surgery-Preliminary,,Surg-Prelim/Int Radiology,1702440P1,2,2,3,3,2,2,1,1,3,3
Tennessee,Surgery-Preliminary,,Surg-Prelim/Ophthalmology,1702440P2,5,5,5,5,5,5,5,5,5,5
Tennessee,Surgery-Preliminary,,Medicine-Pediatrics,1702700C0,6,6,6,6,6,6,6,6,6,6
Tennessee,Surgery-Preliminary,,Pediatrics-Medical Genetics,1702765C0,1,1,1,1,1,0,1,1,1,1
Texas,Baptist Hosps of Southeast Texas,Beaumont,Family Medicine,2312120C0,,,,,,,4,1,,
Texas,Internal Medicine,,Psychiatry,2312400C0,5,5,5,5,5,5,4,4,,
Texas,Houston,,Anesthesiology,1716040A0,3,3,3,3,3,3,3,3,3,3
Texas,Houston,Anesthesiology,Anesthesiology,1716040R0,3,3,3,3,3,3,3,3,5,5
Texas,Houston,Anesthesiology,Dermatology,1716080A0,4,4,4,4,4,4,4,4,3,3
Texas,Houston,Anesthesiology,Dermatology,1716080R0,,,,,1,1,,,,
Texas,Houston,Anesthesiology,Emergency Medicine,1716110C0,14,14,14,14,14,14,14,14,15,15
Texas,Houston,Anesthesiology,Emergency Medicine/SACM,1716110C1,1,1,1,1,1,0,1,1,1,1
Texas,Family Med/Comm Hlth Ctr,,Family Med/St Lukes Lufkin,1716120C6,2,2,3,3,3,3,3,1,3,3
Texas,Family Med/Comm Hlth Ctr,,Internal Medicine,1716140C0,49,49,48,48,48,48,48,48,48,48
Texas,Family Med/Comm Hlth Ctr,,Internal Medicine/Research,1716140C1,1,1,2,2,2,2,2,2,2,2
Texas,Family Med/Comm Hlth Ctr,,Internal Medicine/MDACC,1716140C2,5,5,5,5,5,5,5,5,5,5
Texas,Family Med/Comm Hlth Ctr,Medicine-Preliminary,Med-Prelim/Ophthalmology,1716140P1,,,,,6,6,6,6,6,6
Texas,Family Med/Comm Hlth Ctr,Medicine-Preliminary,Med-Prelim/PM&R,1716140P2,1,1,2,2,2,2,2,2,2,2
Texas,Family Med/Comm Hlth Ctr,Medicine-Preliminary,Med-Prelim/Dermatology,1716140P3,3,3,2,2,1,1,2,2,2,2
Texas,Family Med/Comm Hlth Ctr,Medicine-Preliminary,Neurological Surgery,1716160C0,3,3,3,3,3,3,4,4,4,4
Texas,Family Med/Comm Hlth Ctr,Medicine-Preliminary,Neurology,1716180C0,11,11,11,11,10,10,10,10,10,10
Texas,Neurology,,Child Neurology/Neuroscience,1716185C0,2,2,,,2,1,2,2,2,1
Texas,Neurology,,Child Neurology,1716185C1,5,5,7,7,3,3,3,3,3,3
Texas,Neurology,,Child Neurology,1716185R0,,,1,1,,,,,1,1
Texas,Neurology,,Neurodevelopmental Disabilities,1716186C0,2,2,2,1,2,2,2,2,2,2
Texas,Neurology,,Obstetrics-Gynecology,1716220C0,12,12,12,12,12,12,12,12,12,12
Texas,Neurology,Orthopaedic Surgery,Otolaryngology,1716280C0,5,5,5,5,5,5,5,5,5,5
Texas,Neurology,Orthopaedic Surgery,Pathology,1716300C0,7,7,8,8,10,10,8,8,8,8
Texas,Neurology,Orthopaedic Surgery,Pediatrics,1716320C0,34,34,36,36,41,41,35,35,36,36
Texas,Neurology,Orthopaedic Surgery,Pediatrics/Global Health,1716320C1,5,5,5,5,,,5,5,5,5
Texas,Pediatrics/San Antonio,,Peds/Scientist Development,1716320C3,2,2,2,2,1,1,2,2,1,1
Texas,Pediatrics/San Antonio,,Peds/PC Leadership Prog,1716320C4,4,4,4,4,4,4,4,4,4,4
Texas,Pediatrics/San Antonio,,Phys Medicine & Rehab,1716340A0,8,8,8,8,8,8,8,8,8,8
Texas,Pediatrics/San Antonio,,Phy Medicine & Rehab,1716340R0,,,,,1,1,,,,
Texas,Pediatrics/San Antonio,,Plastic Surgery (Integrated),1716362C0,3,3,3,3,3,3,3,3,3,3
Texas,Pediatrics/San Antonio,Psychiatry,Psychiatry/Research,1716400C1,1,1,1,1,1,1,1,1,1,1
Texas,Pediatrics/San Antonio,Psychiatry,Psychiatry/Child & Adolescent,1716400C2,2,2,,,,,,,,
Texas,Pediatrics/San Antonio,Psychiatry,Radiology-Diagnostic,1716420A0,8,8,8,8,8,8,8,8,8,8
Texas,Pediatrics/San Antonio,Psychiatry,Radiology-Diagnostic/ESIR,1716420A1,4,4,4,4,4,4,4,4,4,4
Texas,Pediatrics/San Antonio,Psychiatry,Radiation Oncology,1716430A0,2,2,2,2,2,2,2,2,2,0
Texas,General Surgery/5 yr,,General Surgery/7 yr Research,1716440C1,5,5,4,4,4,4,4,4,4,4
Texas,General Surgery/5 yr,,General Surgery/7 yr Global,1716440C2,1,1,1,1,1,1,1,1,1,1
Texas,General Surgery/5 yr,,General Surgery/7 yr Innovation,1716440C3,1,1,1,1,1,1,1,1,,
Texas,General Surgery/5 yr,,Surgery-Preliminary,1716440P0,16,4,17,1,17,1,17,0,17,1
Texas,General Surgery/5 yr,,Vascular Surgery,1716451C0,1,1,1,1,1,1,1,1,1,1
Texas,Baylor Coll Med-Houston-TX (Continued),Houston,Medicine-Pediatrics,1716700C0,9,9,9,9,9,9,9,9,9,9
Texas,Baylor Coll Med-Houston-TX (Continued),Houston,Pediatrics-Medical Genetics,1716765C0,2,2,1,1,2,2,2,1,2,2
Texas,Fort Worth,,Anesthesiology,2259040C0,4,4,4,4,4,4,,,,
Texas,Fort Worth,,Emergency Medicine,2259110C0,8,8,8,8,6,6,6,6,6,6
Texas,Fort Worth,Internal Medicine,Obstetrics-Gynecology,2259220C0,6,6,6,6,6,6,6,6,6,6
Texas,Fort Worth,Internal Medicine,General Surgery,2259440C0,3,3,3,3,3,3,3,3,,
Texas,Fort Worth,Internal Medicine,Transitional,2259999P0,9,9,17,17,17,17,18,18,13,13
Texas,Fort Worth,Internal Medicine,Transitional/PM&R,2259999P1,3,3,3,3,3,3,2,2,2,2
Texas,Baylor S&W Med Ctr-Round Rock-TX,Round Rock,Family Medicine,2318120C0,6,6,6,6,6,6,6,6,6,4
Texas,Baylor S&W Med Ctr-Round Rock-TX,Round Rock,Internal Medicine,2318140C0,6,6,6,6,6,6,8,8,8,6
Texas,Baylor S&W-Baylor COM Temple-TX,Temple,Anesthesiology,1725040C0,12,12,12,12,12,12,12,12,10,10
Texas,Baylor S&W-Baylor COM Temple-TX,Temple,Anesthesiology,1725040R0,,,,,1,1,2,2,,
Texas,Baylor S&W-Baylor COM Temple-TX,Temple,Dermatology,1725080A0,4,4,4,4,4,4,4,4,3,3
Texas,Baylor S&W-Baylor COM Temple-TX,Temple,Emergency Medicine,1725110C0,18,18,18,18,14,14,14,14,14,13
Texas,Family Medicine,,Internal Medicine,1725140C0,24,,24,24,24,24,22,22,22,
Texas,Family Medicine,,Medicine-Preliminary,1725140P0,8,8,9,9,8,8,5,5,8,8
Texas,Family Medicine,,Med-Prelim/Radiology,1725140P2,5,5,4,4,5,5,7,7,4,4
Texas,Family Medicine,,Med-Prelim/Dermatology,1725140P3,,,,,,,1,1,1,1
Texas,Family Medicine,,Neurological Surgery,1725160C0,1,1,2,2,2,2,1,1,1,1
Texas,Family Medicine,Neurology,Neurology,1725180R0,2,2,,,,,1,1,,
Texas,Family Medicine,Neurology,Obstetrics-Gynecology,1725220C0,5,5,5,5,5,5,4,4,4,4
Texas,Family Medicine,Neurology,Orthopaedic Surgery,1725260C0,4,4,4,4,4,4,4,4,4,4
Texas,Family Medicine,Neurology,Otolaryngology,1725280C0,2,2,2,2,2,2,2,2,1,1
Texas,Family Medicine,Neurology,Pathology,1725300C0,4,4,3,3,4,4,3,3,2,2
Texas,Pediatrics,,Plastic Surgery (Integrated),1725362C0,2,2,2,2,2,2,2,2,2,2
Texas,Pediatrics,,Psychiatry,1725400C0,5,5,5,5,5,5,5,5,5,5
Texas,Pediatrics,,Radiology-Diagnostic,1725420A0,7,7,7,7,7,7,7,7,7,7
Texas,Pediatrics,,Radiology-Diagnostic,1725420R0,,,,,1,1,,,,
Texas,Pediatrics,,General Surgery,1725440C0,6,6,6,6,6,6,6,6,6,6
Texas,Baylor Univ Med Ctr-Dallas-TX,Dallas,Dermatology,1706080A0,2,2,2,2,2,2,2,2,,
Texas,Baylor Univ Med Ctr-Dallas-TX,Dallas,Emergency Medicine,1706110C0,8,8,8,8,8,8,8,3,8,8
Texas,Family Medicine,,Family Medicine/Waxahachie,1706120C1,4,4,4,4,4,4,,,,
Texas,Family Medicine,,Internal Medicine,1706140C0,16,16,16,16,16,16,13,13,13,13
Texas,Family Medicine,,Medicine-Preliminary,1706140P0,2,2,2,2,3,3,3,3,3,3
Texas,Dallas,,Neurology,1706180C0,4,4,,,,,,,,
Texas,Dallas,,Obstetrics-Gynecology,1706220C0,6,6,6,6,5,5,5,5,5,5
Texas,Dallas,Orthopaedic Surgery,Pathology,1706300C0,4,4,4,4,5,5,4,4,5,5
Texas,Dallas,Orthopaedic Surgery,Phys Medicine & Rehab,1706340A0,3,3,3,3,3,3,3,3,3,3
Texas,Dallas,Orthopaedic Surgery,Radiology-Diagnostic,1706420A0,2,2,2,2,2,2,2,2,2,2
Texas,Dallas,Orthopaedic Surgery,Radiology-Diagnostic,1706420C0,5,5,5,5,5,5,5,5,5,5
Texas,Dallas,Orthopaedic Surgery,Radiology-Diagnostic,1706420R0,1,1,1,1,,,,,,
Texas,General Surgery,,Surgery-Preliminary,1706440P0,2,0,2,2,4,2,4,2,2,2
Texas,Irving,,Emergency Medicine/Spohn,2116110C0,12,12,12,12,12,12,12,12,12,12
Texas,Irving,Family Medicine/Spohn,Family Med/Santa Rosa,2116120C1,10,10,10,9,10,9,10,10,10,10
Texas,Irving,Family Medicine/Spohn,Internal Medicine/GSMC,2116140C0,13,13,13,13,13,13,13,13,12,12
Texas,Victoria,,Family Medicine,1797120C0,8,8,8,5,8,7,8,6,8,8
Texas,Edinburg,,Emergency Medicine,2353110C0,6,6,6,6,6,6,,,,
Texas,Edinburg,,Family Medicine,2353120C0,4,4,4,4,4,4,,,,
Texas,Edinburg,,Internal Medicine,2353140C0,11,11,12,12,12,12,,,,
Texas,Edinburg,Neurology,Neurology,2353180R0,2,2,,,,,,,,
Texas,Edinburg,Neurology,Obstetrics-Gynecology,2353220C0,4,4,4,4,,,,,,
Texas,Edinburg,Neurology,Orthopaedic Surgery,2353260C0,4,4,4,4,,,,,,
Texas,Edinburg,Neurology,Psychiatry,2353400C0,4,4,,,,,,,,
Texas,Edinburg,Neurology,Radiology-Diagnostic,2353420C0,3,3,3,3,3,3,,,,
Texas,Corpus Christi,,Pediatrics,1703320C0,18,18,18,18,18,18,16,16,16,16
Texas,Corpus Christi,,Pediatrics/Rio Grande Valley,1703320C1,8,7,,,,,,,,
Texas,Corpus Christi,,Dermatology,2110080R0,3,3,3,3,1,1,1,1,2,2
Texas,Corpus Christi,,Internal Medicine,2110140C0,5,4,4,3,6,1,6,2,6,1
Texas,Houston,,Emergency Med/Kingwood,2211110C0,13,13,12,12,13,12,13,7,13,3
Texas,Houston,,Emergency Medicine/Clear Lake,2211110C1,8,8,,,,,,,,
Texas,Houston,Family Medicine,Internal Medicine/Kingwood,2211140C0,25,25,25,25,29,29,25,25,25,23
Texas,Houston,Family Medicine,Internal Medicine/Clear Lake,2211140C1,25,25,25,25,25,25,,,,
Texas,Houston,Family Medicine,Obstetrics-Gynecology,2211220C0,4,4,,,,,,,3,3
Texas,Houston,Family Medicine,General Surgery/Kingwood,2211440C0,5,5,4,4,4,4,4,4,4,4
Texas,Houston,Family Medicine,General Surgery/Clear Lake,2211440C1,3,3,3,3,,,,,,
Texas,Surg-Prelim/Kingwood,,Transitional/West,2211999P0,,,,,,,13,13,13,10
Texas,Surg-Prelim/Kingwood,,Transitional/Kingwood,2211999P1,8,8,5,5,13,13,13,13,13,13
Texas,El Paso,Internal Medicine,Obstetrics-Gynecology,2188220C0,6,6,6,6,6,4,6,6,6,6
Texas,El Paso,Internal Medicine,Transitional,2188999P0,,,,,,,13,8,13,8
Texas,Dermatology/Fort Worth,,Dermatology/Fort Worth,2244080R0,,,,,1,1,,,,
Texas,Dermatology/Fort Worth,,Emergency Medicine,2244110C0,8,8,8,8,8,8,8,7,8,8
Texas,Dermatology/Fort Worth,,Family Medicine/Arlington,2244120C0,,,,,,,18,11,18,13
Texas,Dermatology/Fort Worth,,Family Medicine/Fort Worth,2244120C1,5,4,4,3,3,3,6,2,6,6
Texas,Dermatology/Fort Worth,Internal Medicine/Arlington,Internal Medicine/Fort Worth,2244140C1,15,15,15,6,10,10,10,10,10,6
Texas,Dermatology/Fort Worth,Internal Medicine/Arlington,Internal Medicine/Weatherford,2244140C2,,,,,,,8,2,8,1
Texas,Dermatology/Fort Worth,Internal Medicine/Arlington,Med-Prelim/Weatherford,2244140P0,,,,,,,12,2,12,10
Texas,Dermatology/Fort Worth,Internal Medicine/Arlington,Ob-Gyn/Arlington,2244220C0,5,5,5,5,5,5,5,5,5,5
Texas,Dermatology/Fort Worth,Internal Medicine/Arlington,Orthopaedic Surgery,2244260C0,3,3,3,3,3,3,3,3,,
Texas,General Surgery/Plano,,Transitional,2244999P0,12,12,12,12,12,12,12,2,,
Texas,Houston,,Anesthesiology,1167040C0,6,6,6,6,6,6,6,6,6,6
Texas,Houston,Family Medicine,Family Medicine/Sugar Land,1167120C2,8,5,,,,,,,,
Texas,Houston,Family Medicine,Internal Medicine,1167140C0,22,22,22,22,17,17,17,17,17,17
Texas,Houston,Family Medicine,Internal Medicine/Woodlands,1167140C1,6,6,6,6,6,6,,,,
Texas,Houston,Family Medicine,Neurological Surgery,1167160C0,3,3,3,3,,,3,3,2,2
Texas,Houston,Family Medicine,Neurology,1167180C0,9,9,7,7,7,7,7,7,7,7
Texas,Obstetrics-Gynecology,,Ob-Gyn/Willowbrook,1167220C1,5,5,5,5,,,,,,
Texas,Obstetrics-Gynecology,,Orthopaedic Surgery,1167260C0,3,3,3,3,3,3,3,3,3,3
Texas,Obstetrics-Gynecology,,Otolaryngology,1167280C0,2,2,2,2,2,2,2,2,,
Texas,Obstetrics-Gynecology,,Pathology,1167300C0,6,6,6,6,6,6,6,6,5,5
Texas,Obstetrics-Gynecology,Radiology-Diagnostic,General Surgery,1167440C0,6,6,6,6,6,6,6,6,6,6
Texas,Obstetrics-Gynecology,Radiology-Diagnostic,Surgery-Preliminary,1167440P0,2,0,2,2,2,2,2,2,1,1
Texas,Obstetrics-Gynecology,Radiology-Diagnostic,Vascular Surgery,1167451C0,2,2,2,2,2,2,2,2,2,2
Texas,Obstetrics-Gynecology,Radiology-Diagnostic,Transitional,1167999P0,6,6,,,,,,,,
Texas,John Peter Smith Hosp-TX,Fort Worth,Emergency Medicine,1711110C0,15,15,15,15,15,15,15,15,15,15
Texas,John Peter Smith Hosp-TX,Fort Worth,Family Medicine,1711120C0,24,24,24,24,24,24,24,24,24,24
Texas,Obstetrics-Gynecology,,Orthopaedic Surgery,1711260C0,4,4,4,4,4,4,4,4,4,4
Texas,Obstetrics-Gynecology,,Psychiatry,1711400C0,12,12,10,10,10,10,10,10,8,8
Texas,Obstetrics-Gynecology,,Transitional,1711999P1,12,12,12,12,12,12,12,11,12,12
Texas,Granbury,,Osteo Neuromusculo Med,2338275C0,,,,,,,4,2,,
Texas,Sugar Land,,Family Medicine,1785120C0,14,14,14,14,14,14,14,14,14,14
Texas,Dallas,,Family Medicine,1707120C0,6,6,6,6,6,6,6,6,6,6
Texas,Dallas,,Internal Medicine,1707140C0,13,13,13,13,13,13,13,13,13,13
Texas,Dallas,,Obstetrics-Gynecology,1707220C0,3,3,3,3,3,3,3,3,3,3
Texas,Dallas,General Surgery,Surgery-Preliminary,1707440P0,3,2,3,3,3,2,3,2,3,3
Texas,Methodist Healthcare Sys-San,San Antonio,Internal Medicine,1535140C0,15,15,15,12,15,0,,,,
Texas,Obstetrics-Gynecology,,General Surgery,1535440C0,4,4,4,4,4,4,,,,
Texas,Dallas,,Internal Medicine,1719140C0,,,,,,,6,6,6,6
Texas,Prime South Consortium-TX,Weslaco,Family Medicine,2408120C0,4,3,,,,,,,,
Texas,Prime South Consortium-TX,Weslaco,Int Med/Southern Reg Med Ctr,2408140C0,14,14,15,15,15,15,,,,
Texas,Internal Med/Harlingen Med Ctr,,Internal Med/St Joseph Med Ctr,2408140C2,13,13,13,13,,,,,,
Texas,Internal Med/Harlingen Med Ctr,,Internal Medicine/Weslaco,2408140C3,13,13,,,,,,,,
Texas,El Paso,,Psychiatry,2386400C0,3,,3,3,3,3,,,,
Texas,Conroe,,Family Medicine/Huntsville,2291120C0,4,2,4,3,4,3,,,,
Texas,Conroe,,Family Medicine/Conroe,2291120C1,4,0,,,,,,,,
Texas,Conroe,,Psychiatry/Conroe,2291400C0,4,4,,,,,,,,
Texas,San Angelo,,Family Medicine,2387120C0,6,6,6,2,6,6,,,,
Texas,San Angelo,,Internal Medicine,2387140C0,10,10,,,,,,,,
Texas,Mcallen,,Emergency Medicine,2407110C0,10,10,10,7,,,,,,
Texas,Mcallen,,Family Medicine,2407120C0,10,8,10,10,10,10,,,,
Texas,Mcallen,,Internal Medicine,2407140C0,20,7,20,11,,,,,,
Texas,Mcallen,,General Surgery,2407440C0,4,4,,,,,,,,
Texas,Mcallen,Surgery-Preliminary,Transitional,2407999P0,13,3,,,,,,,,
Texas,St Davids Healthcare GME-TX,Austin,Obstetrics-Gynecology,2285220C0,5,5,5,5,5,5,5,5,5,5
Texas,San Antonio,,Family Medicine/San Antonio,2169120C0,10,10,10,10,8,5,8,8,8,5
Texas,San Antonio,,Family Medicine/Laredo,2169120C1,8,3,8,6,8,8,9,9,8,3
Texas,San Antonio,Internal Medicine/San Antonio,Medicine-Primary/Laredo,2169140M0,9,9,8,8,8,8,8,8,8,5
Texas,San Antonio,Internal Medicine/San Antonio,Psychiatry,2169400C0,12,12,12,12,12,12,12,12,12,12
Texas,Family Medicine,,Family Med/Rural Madisonville,1713120C1,2,0,2,0,,,,,,
Texas,Family Medicine,,Psychiatry,1713400C0,4,4,4,4,4,4,4,4,4,4
Texas,Texas Dept State Health Services,Austin,Public Health & Preventive Med/2yr-MPH,1521380R0,2,2,2,2,,,,,,
Texas,Arlington,Internal Med/Harris Methodist,Internal Medicine/HEB Denton,2279140C1,20,20,20,20,20,20,20,20,20,20
Texas,Texas Health Resources (Continued),Arlington,Internal Med/Presbyterian Plano,2279140C2,10,10,10,10,10,10,,,,
Texas,Texas Health Resources (Continued),Arlington,Internal Med/Presbyterian Dallas,2279140C3,6,6,6,6,6,6,,,,
Texas,Medi-Prelim/Presbyterian Dallas,,General Surgery/Harris Methodist,2279440C0,3,3,3,3,3,3,3,3,3,3
Texas,Fort Worth,,Phys Medicine & Rehab,2374340C0,6,6,6,6,6,6,6,6,,
Texas,Texas Tech U Affil-Amarillo,Amarillo,Family Medicine,2993120C0,8,8,8,3,8,5,5,5,3,3
Texas,Texas Tech U Affil-Amarillo,Amarillo,Internal Medicine,2993140C0,11,11,13,13,13,13,13,13,13,13
Texas,Obstetrics-Gynecology,,Pediatrics,2993320C0,5,5,6,6,7,7,7,7,7,7
Texas,Obstetrics-Gynecology,,General Surgery,2993440C0,2,2,,,,,,,,
Texas,Obstetrics-Gynecology,,Surgery-Preliminary,2993440P0,2,2,,,,,,,,
Texas,El Paso,,Emergency Medicine,1710110C0,12,12,12,12,12,12,12,12,12,8
Texas,El Paso,,Family Medicine,1710120C0,8,8,8,2,8,6,8,4,8,4
Texas,El Paso,,Family Medicine/Transmountain,1710120C1,6,6,6,6,6,6,6,6,6,6
Texas,El Paso,,Internal Medicine,1710140C0,17,5,17,17,17,17,17,17,15,15
Texas,El Paso,Internal Med/Transmountain,Neurology,1710180A0,,,,,4,4,4,4,3,
Texas,El Paso,Internal Med/Transmountain,Neurology,1710180C0,4,4,4,4,,,,,,
Texas,El Paso,Internal Med/Transmountain,Obstetrics-Gynecology,1710220C0,5,4,5,5,5,5,5,5,5,5
Texas,El Paso,Internal Med/Transmountain,Orthopaedic Surgery,1710260C0,3,3,,,,,,,,
Texas,El Paso,Internal Med/Transmountain,Pathology,1710300C0,3,3,3,3,3,3,3,3,,
Texas,Pediatrics,,Psychiatry,1710400C0,8,8,8,8,8,8,8,8,8,8
Texas,Pediatrics,,Psychiatry/Transmountain,1710400C1,4,4,4,4,4,4,3,3,4,4
Texas,Pediatrics,,Radiology-Diagnostic,1710420A0,3,3,3,3,3,3,3,3,3,3
Texas,Pediatrics,,General Surgery,1710440C0,4,4,4,4,4,4,4,4,4,4
Texas,Pediatrics,,Surgery-Preliminary,1710440P0,3,3,3,1,2,2,3,2,2,2
Texas,Texas Tech U Affil-Lubbock,Lubbock,Anesthesiology,2973040C0,5,5,5,5,4,4,4,4,4,4
Texas,Texas Tech U Affil-Lubbock,Lubbock,Anesthesiology,2973040R0,,,,,,,,,1,1
Texas,Dermatology,,Emergency Medicine,2973110C0,9,9,9,9,8,8,8,8,8,8
Texas,Dermatology,,Family Medicine,2973120C0,6,6,7,7,9,9,11,11,6,4
Texas,Dermatology,,Internal Medicine,2973140C0,14,14,14,14,14,14,14,14,14,14
Texas,Dermatology,,Medicine-Preliminary,2973140P0,2,2,2,2,2,2,2,2,2,2
Texas,Dermatology,,Neurology,2973180C0,4,4,5,5,5,5,3,3,4,4
Texas,Dermatology,Neurology - PG-2 Neurology,Obstetrics-Gynecology,2973220C0,4,4,4,4,4,4,3,3,3,3
Texas,Dermatology,Neurology - PG-2 Neurology,Orthopaedic Surgery,2973260C0,4,4,4,4,4,4,4,4,4,4
Texas,Dermatology,Neurology - PG-2 Neurology,Otolaryngology,2973280C0,1,1,1,1,1,0,1,1,1,1
Texas,Texas Tech U Affil-Lubbock (Continued),Lubbock,Pediatrics,2973320C0,8,8,8,7,8,8,8,7,8,8
Texas,Texas Tech U Affil-Lubbock (Continued),Lubbock,Phys Medicine & Rehab,2973340C0,2,2,2,2,2,2,2,2,,
Texas,Phys Medicine & Rehab,,Psychiatry,2973400C0,6,6,6,6,4,4,4,4,4,4
Texas,Phys Medicine & Rehab,,Psychiatry/CAP,2973400C1,2,2,2,2,2,2,2,2,2,2
Texas,Phys Medicine & Rehab,,General Surgery,2973440C0,5,5,5,5,5,5,5,5,5,5
Texas,Phys Medicine & Rehab,,Surgery-Preliminary,2973440P0,5,1,5,2,4,0,5,1,5,2
Texas,Odessa,,Family Medicine/Odessa,3124120C0,11,11,13,13,11,11,13,13,12,12
Texas,Odessa,,Family Med/Rural-Ft Stockton,3124120C2,1,0,1,1,1,1,1,1,1,0
Texas,Odessa,,Family Med/Rural-Sweetwater,3124120C3,1,1,1,1,1,1,1,1,1,1
Texas,Odessa,,Family Med/Rural-Alpine,3124120C4,1,1,1,1,1,1,1,1,1,1
Texas,Odessa,Family Med/Rural-Pecos,Family Med/Rural-Carlsbad,3124120C6,1,0,1,1,1,1,1,1,1,1
Texas,Odessa,Family Med/Rural-Pecos,Family Med/Rural-Hobbs,3124120C7,1,1,1,1,1,1,1,1,1,1
Texas,Odessa,Family Med/Rural-Pecos,Family Medicine/Midland,3124120C8,3,3,4,4,4,4,3,3,1,1
Texas,Odessa,Family Med/Rural-Pecos,Internal Medicine,3124140C0,17,17,17,17,17,17,14,14,13,13
Texas,Obstetrics-Gynecology,,Psychiatry,3124400C0,6,6,4,3,4,4,6,6,2,1
Texas,Obstetrics-Gynecology,,General Surgery,3124440C1,2,2,2,2,2,2,2,2,,
Texas,Obstetrics-Gynecology,,Surgery-Preliminary,3124440P0,,,2,0,,,,,,
Texas,Denison,,Family Medicine,2234120C0,8,2,8,3,8,8,8,3,8,7
Texas,Houston,,Anesthesiology,2923040C0,26,26,25,25,24,24,24,24,25,25
Texas,Houston,Anesthesiology/Research,Anesthesiology,2923040R0,4,4,4,4,4,4,4,4,1,1
Texas,Houston,Anesthesiology/Research,Dermatology,2923080A0,7,7,7,7,7,7,7,7,7,7
Texas,Houston,Anesthesiology/Research,Emergency Medicine,2923110C0,21,21,21,21,21,21,21,21,20,20
Texas,Houston,Anesthesiology/Research,Family Medicine/HH/LBJ,2923120C0,12,7,12,9,12,12,12,12,12,9
Texas,Houston,Anesthesiology/Research,Internal Medicine,2923140C0,39,39,40,40,42,42,40,40,40,40
Texas,Int Med/Physician Scientist,,Medicine-Preliminary,2923140P0,12,12,12,12,12,12,14,14,11,11
Texas,Int Med/Physician Scientist,,Med-Prelim/Radiation Onc,2923140P1,2,2,2,2,2,2,2,2,2,2
Texas,Int Med/Physician Scientist,,Neurological Surgery,2923160C0,3,3,3,3,3,3,3,3,3,3
Texas,Int Med/Physician Scientist,,Neurology,2923180C0,12,12,12,12,12,12,12,12,10,10
Texas,Int Med/Physician Scientist,,Child Neurology,2923185C0,4,4,4,4,3,3,3,3,3,1
Texas,Int Med/Physician Scientist,Child Neurology,Obstetrics-Gynecology,2923220C0,14,14,14,14,12,12,12,12,12,12
Texas,Int Med/Physician Scientist,Child Neurology,Orthopaedic Surgery,2923260C0,6,6,6,6,6,6,6,6,6,6
Texas,Int Med/Physician Scientist,Child Neurology,Otolaryngology,2923280C0,3,3,3,3,3,3,3,3,3,3
Texas,Int Med/Physician Scientist,Child Neurology,Pathology,2923300C0,6,6,7,7,5,5,8,8,7,7
Texas,Pediatrics,,Phys Medicine & Rehab,2923340C0,4,4,4,4,4,4,4,4,4,4
Texas,Pediatrics,,Plastic Surgery (Integrated),2923362C0,2,2,2,2,2,2,2,2,,
Texas,Pediatrics,,Occupational & Environmental Med,2923382R0,1,1,1,1,,,,,,
Texas,Pediatrics,,Psychiatry,2923400C0,14,14,14,14,14,14,15,15,13,13
Texas,Pediatrics,,Psychiatry/Child Psych,2923400C1,3,3,3,3,3,3,,,2,2
Texas,Houston,,Psychiatry/Research,2923400C2,3,3,3,3,3,3,2,2,2,2
Texas,Houston,,Interventional Radiology (Integ),2923416A0,3,3,3,3,3,3,3,3,3,3
Texas,Houston,Interventional Rad (Integ)/Funded,Radiology-Diagnostic,2923420A0,10,10,10,10,10,10,10,10,10,10
Texas,Houston,Interventional Rad (Integ)/Funded,Radiology-Diagnostic/Funded,2923420A2,,,2,1,1,1,1,1,,
Texas,Houston,Interventional Rad (Integ)/Funded,General Surgery,2923440C0,7,7,8,8,7,7,6,6,6,6
Texas,Houston,Interventional Rad (Integ)/Funded,Surg-Prelim/Non-designated,2923440P0,9,2,9,4,9,9,9,4,9,5
Texas,Houston,Interventional Rad (Integ)/Funded,Surg-Prelim/OMFS,2923440P2,3,3,3,3,3,3,3,3,3,3
Texas,Surg-Prelim/Intl Sponsored,,Vascular Surgery,2923451C0,2,2,2,2,2,2,2,2,1,1
Texas,Surg-Prelim/Intl Sponsored,,Thoracic Surgery,2923461C0,1,1,1,1,,,,,,
Texas,Surg-Prelim/Intl Sponsored,,Medicine-Pediatrics,2923700C0,8,8,8,8,8,8,8,8,8,8
Texas,Surg-Prelim/Intl Sponsored,,Pediatrics-Medical Genetics,2923765C0,2,2,1,1,1,1,1,1,1,1
Texas,San Antonio,,Anesthesiology,1722040C0,15,15,15,15,15,15,15,15,16,16
Texas,San Antonio,,Anesthesiology,1722040R0,,,,,,,,,1,1
Texas,San Antonio,,Dermatology,1722080A0,3,3,3,3,3,3,3,3,3,3
Texas,San Antonio,Dermatology/Military,Emergency Medicine,1722110C0,11,11,11,11,10,10,10,9,10,9
Texas,San Antonio,Dermatology/Military,Emergency Medicine/Military,1722110C1,,,,,,,2,0,1,0
Texas,San Antonio,Dermatology/Military,Family Medicine,1722120C0,14,14,14,14,14,14,14,14,14,14
Texas,San Antonio,Dermatology/Military,Internal Medicine,1722140C0,30,30,30,30,30,30,30,30,30,30
Texas,San Antonio,Dermatology/Military,Internal Med/POCUS Track,1722140C4,4,4,4,4,4,4,4,4,4,4
Texas,Medicine-Preliminary,,Med-Prelim/Ophthalmology,1722140P4,,,,,3,3,4,4,4,4
Texas,Medicine-Preliminary,,Neurological Surgery,1722160C0,2,2,2,2,1,1,1,1,1,1
Texas,Medicine-Preliminary,,Neurology,1722180C0,12,12,9,9,9,9,8,8,7,7
Texas,Medicine-Preliminary,,Neurology,1722180R1,1,1,1,1,,,,,,
Texas,Medicine-Preliminary,,Obstetrics-Gynecology,1722220C0,9,9,9,9,9,9,8,8,7,7
Texas,Medicine-Preliminary,Orthopaedic Surgery,Otolaryngology,1722280C0,2,2,2,2,2,2,2,2,2,2
Texas,Medicine-Preliminary,Orthopaedic Surgery,Pathology,1722300C0,3,3,5,5,4,4,4,4,5,5
Texas,Medicine-Preliminary,Orthopaedic Surgery,Pediatrics,1722320C0,16,16,15,15,15,15,15,15,15,15
Texas,Medicine-Preliminary,Orthopaedic Surgery,Phys Medicine & Rehab,1722340C0,7,7,8,8,8,8,8,8,8,8
Texas,Psychiatry,,Interventional Radiology (Integ),1722416A0,2,,2,2,2,2,2,2,2,
Texas,Psychiatry,,Radiology-Diagnostic,1722420A0,11,11,11,11,11,11,11,11,11,11
Texas,Psychiatry,,Radiology-Diagnostic,1722420R0,,,,,,,,,2,2
Texas,Psychiatry,,Radiation Oncology,1722430A0,2,2,1,1,1,1,2,2,2,1
Texas,Psychiatry,,Radiation Oncology,1722430R0,,,,,,,,,1,0
Texas,Psychiatry,General Surgery,Surgery-Preliminary,1722440P0,12,11,13,7,10,10,9,9,14,14
Texas,Psychiatry,General Surgery,Thoracic Surgery,1722461C0,1,1,1,1,1,1,1,1,1,1
Texas,Anesthesiology,,Family Medicine,3626120C0,8,7,8,8,8,8,8,8,8,8
Texas,Anesthesiology,,Family Medicine/Rural,3626120C1,4,4,2,2,2,2,2,2,2,2
Texas,Anesthesiology,,Family Medicine/Athens,3626120C2,6,4,6,6,6,6,4,0,4,4
Texas,Anesthesiology,,Internal Medicine/Tyler,3626140C1,20,20,20,20,20,20,20,20,20,11
Texas,Anesthesiology,,Neurology,3626180R0,4,4,4,4,,,,,,
Texas,Tyler,,Public Health & Preventive Med/2yr-MPH,3626380A0,,,2,0,,,,,,
Texas,Tyler,Available,Public Health & Preventive Med/2yr-MPH,3626380R0,3,3,3,1,,,,,,
Texas,Available,,Occupational & Environmental Med,3626382A0,2,0,2,2,,,,,,
Texas,Available,,Occupational & Environmental Med,3626382R0,1,0,2,2,,,,,,
Texas,Available,,Occupational & Environmental Med/1-yr,3626382R1,1,1,1,1,,,,,,
Texas,Available,,Psychiatry,3626400C0,6,6,6,6,6,6,6,6,6,6
Texas,Available,,Psychiatry/Pittsburg,3626400C1,6,6,4,4,4,4,4,4,4,4
Texas,Available,General Surgery,Transitional,3626999P0,8,8,7,7,6,6,12,8,,
Texas,Available,General Surgery,Transitional/Occ Med,3626999P2,,,1,1,,,,,,
Texas,Galveston,,Anesthesiology,1714040C0,16,16,16,16,16,16,16,16,16,16
Texas,Galveston,,Anesthesiology,1714040R0,4,4,4,4,4,4,4,4,4,4
Texas,Galveston,Dermatology,Dermatology/IM,1714080A2,1,1,,,,,,,,
Texas,Galveston,Dermatology,Dermatology/PSTP,1714080R0,1,1,,,,,,,,
Texas,Galveston,Dermatology,Dermatology,1714080R1,,,,,,,,,1,1
Texas,Galveston,Dermatology,Emergency Medicine,1714110C1,7,7,5,5,5,5,6,6,,
Texas,Family Medicine,,Internal Medicine,1714140C0,31,31,29,29,29,29,28,28,27,27
Texas,Family Medicine,,Medicine-Preliminary,1714140P0,2,2,4,4,5,5,6,6,6,5
Texas,Family Medicine,,Med-Prelim/Ophthalmology,1714140P4,,,,,,,4,4,4,4
Texas,Family Medicine,,Med- Prelim/Dermatology,1714140P5,1,1,,,,,,,,
Texas,Family Medicine,,Neurological Surgery,1714160C0,2,2,2,2,1,1,1,1,2,2
Texas,Family Medicine,Neurology,Obstetrics-Gynecology,1714220C0,9,9,9,9,9,9,8,8,8,8
Texas,Family Medicine,Neurology,Orthopaedic Surgery,1714260C0,5,5,5,5,5,5,5,5,5,5
Texas,Family Medicine,Neurology,Otolaryngology,1714280C0,3,3,3,3,3,3,3,3,3,3
Texas,Family Medicine,Neurology,Pathology,1714300C0,6,6,5,5,8,8,5,5,5,5
Texas,Family Medicine,Neurology,Pediatrics,1714320C0,17,17,14,14,14,11,14,14,14,14
Texas,Plastic Surgery (Integrated),,Psychiatry,1714400C0,8,8,7,7,9,9,7,7,7,7
Texas,Plastic Surgery (Integrated),,Psychiatry/Child Psych,1714400C1,3,3,3,3,1,1,2,2,2,2
Texas,Plastic Surgery (Integrated),,Psychiatry/Research,1714400C2,1,1,,,,,,,,
Texas,Plastic Surgery (Integrated),,Interventional Radiology (Integ),1714416A0,,,,,,,,,1,1
Texas,Plastic Surgery (Integrated),,Interventional Radiology (Integ),1714416C0,4,4,1,1,1,1,1,1,,
Texas,Plastic Surgery (Integrated),Radiology-Diagnostic,Radiology-Diagnostic,1714420C0,2,2,,,,,,,,
Texas,Plastic Surgery (Integrated),Radiology-Diagnostic,Radiology-Diagnostic,1714420R0,1,1,,,,,,,,
Texas,Plastic Surgery (Integrated),Radiology-Diagnostic,Radiation Oncology,1714430A0,2,2,2,2,1,0,1,1,1,0
Texas,Plastic Surgery (Integrated),Radiology-Diagnostic,Radiation Oncology,1714430R0,,,,,,,,,1,1
Texas,General Surgery,,Surgery-Preliminary,1714440P2,2,2,1,1,2,2,2,2,3,2
Texas,General Surgery,,Vascular Surgery,1714451C0,2,2,2,2,2,2,1,1,1,1
Texas,General Surgery,,Medicine-Prev Med/Aerospace Med,1714751C0,,,,,,,1,1,2,2
Texas,General Surgery,,Emergency Med/Aerospace Med,1714797C0,1,1,,,,,,,,
Texas,Harlingen,,Family Medicine/McAllen Med Ctr,1825120C0,,,,,,,6,6,6,6
Texas,Harlingen,,Family MedicineDHR-Edinburg,1825120C1,,,,,,,,,8,8
Texas,Harlingen,Family Medicine/Knapp,Internal Med/VBMC-Harlingen,1825140C0,10,10,5,5,10,10,10,10,5,5
Texas,Harlingen,Family Medicine/Knapp,Internal Medicine/DHR-Edinburg,1825140C1,,,,,,,,,16,16
Texas,Harlingen,Family Medicine/Knapp,Internal Medicine/Knapp,1825140C2,,,,,12,12,12,12,12,12
Texas,Harlingen,Family Medicine/Knapp,Internal Medicine UTRGV/HCA,1825140C3,12,12,13,13,,,,,,
Texas,Harlingen,Family Medicine/Knapp,Neurology,1825180C0,2,2,2,2,,,,,,
Texas,Ob-Gyn/DHR-Edinburg,,Obstetrics-Gynecology/BOLD,1825220C1,,,,,,,,,1,1
Texas,Ob-Gyn/DHR-Edinburg,,Psychiatry,1825400C0,6,6,6,6,5,5,6,6,6,6
Texas,Ob-Gyn/DHR-Edinburg,,General Surgery/DHR-Edinburg,1825440C0,,,,,,,,,4,4
Texas,Ob-Gyn/DHR-Edinburg,,General Surgery/Valley Baptist MC,1825440C1,2,2,2,2,2,2,2,2,2,2
Texas,Ob-Gyn/DHR-Edinburg,Surgery-Prelimary/DHR-Edinburg,Transitional,1825999P0,,,,,,,,,4,4
Texas,U Texas Southwestern Med Ctr-Dallas,Dallas,Anesthesiology,2835040C0,20,20,20,20,20,20,17,17,17,17
Texas,Anesthesiology,,Dermatology,2835080A0,7,7,8,8,8,8,8,8,8,8
Texas,Anesthesiology,,Dermatology/Physician Scientist,2835080A2,1,1,,,,,,,,
Texas,Anesthesiology,,Emergency Medicine,2835110C0,27,27,26,26,26,26,26,26,26,26
Texas,Anesthesiology,,Family Medicine,2835120C0,16,16,14,13,14,14,14,14,14,14
Texas,Anesthesiology,,Internal Medicine,2835140C0,47,47,66,66,54,54,53,53,51,51
Texas,Anesthesiology,Internal Medicine/PSTP,Int Med/Comm & Pop Healthcare,2835140C5,15,15,15,15,,,,,,
Texas,Anesthesiology,Internal Medicine/PSTP,Medicine-Preliminary,2835140P0,7,7,6,6,6,6,6,6,6,6
Texas,Anesthesiology,Internal Medicine/PSTP,Neurological Surgery,2835160C0,2,2,3,3,3,3,3,3,3,3
Texas,Anesthesiology,Internal Medicine/PSTP,Neurology,2835180C0,11,11,11,11,11,11,11,11,9,9
Texas,Anesthesiology,Internal Medicine/PSTP,Child Neurology/Neuroscience,2835185C0,1,1,,,,,,,1,1
Texas,Child Neurology,,Child Neurology,2835185R0,1,0,,,,,1,0,1,1
Texas,Child Neurology,,Neurodevelopmental Disabilities,2835186C0,1,1,1,1,,,,,,
Texas,Child Neurology,,Neurodevelopmental Disabilities,2835186R0,1,1,,,,,,,,
Texas,Child Neurology,,Obstetrics-Gynecology,2835220C0,18,18,18,18,18,18,18,18,18,18
Texas,Child Neurology,Orthopaedic Surgery,Otolaryngology,2835280C0,5,,5,5,5,5,4,4,4,
Texas,Child Neurology,Orthopaedic Surgery,Pathology,2835300C0,8,8,9,9,9,9,9,9,9,9
Texas,Child Neurology,Orthopaedic Surgery,Pediatrics,2835320C0,34,34,33,33,32,32,34,34,32,32
Texas,Child Neurology,Orthopaedic Surgery,Pediatrics/PSTP2,2835320C2,,,1,1,2,2,,,1,1
Texas,Child Neurology,Orthopaedic Surgery,Phys Medicine & Rehab,2835340A0,,,3,3,3,3,3,3,3,3
Texas,Phys Medicine & Rehab,,Plastic Surgery (Integrated),2835362C0,5,5,5,5,5,5,5,5,5,5
Texas,Phys Medicine & Rehab,,Psychiatry,2835400C0,11,11,12,12,11,11,11,11,11,11
Texas,Phys Medicine & Rehab,,Psychiatry/Research,2835400C2,2,2,1,1,2,2,2,2,2,2
Texas,Phys Medicine & Rehab,,Psychiatry/ChildPsych,2835400C3,3,3,3,3,3,3,3,3,3,3
Texas,Phys Medicine & Rehab,,Psychiatry/Rural Pub Mental Hlth,2835400C4,2,2,2,2,2,2,2,2,2,2
Texas,Phys Medicine & Rehab,Interventional Radiology (Integ),Radiology-Diagnostic,2835420A0,10,10,13,13,11,11,10,10,10,10
Texas,Phys Medicine & Rehab,Interventional Radiology (Integ),Radiology-Diag/Research,2835420A1,2,1,3,3,,,2,2,3,3
Texas,Phys Medicine & Rehab,Interventional Radiology (Integ),Radiation Oncology,2835430A0,3,3,3,3,4,4,4,4,3,3
Texas,Phys Medicine & Rehab,Interventional Radiology (Integ),General Surgery,2835440C0,13,13,13,13,13,13,13,13,13,13
Texas,Phys Medicine & Rehab,Interventional Radiology (Integ),Surgery-Preliminary,2835440P0,13,13,13,13,13,13,11,6,12,12
Texas,Vascular Surgery,,Medicine-Pediatrics,2835700C0,4,4,4,4,4,4,4,4,4,4
Texas,Dallas,,Medicine-Psychiatry,2835715C0,2,2,2,2,2,2,2,2,2,2
Texas,Dallas,,Peds/Psych/Child Psych,2835730C0,4,4,4,4,4,4,4,0,,
Texas,U Texas Southwestern Med Sch-Dallas,Dallas,Phys Medicine & Rehab,2835340R1,,,,,,,1,1,,
Texas,U Texas Southwestern Med Sch-Dallas,Dallas,Radiology-Diagnostic/Research,2835420C1,,,,,3,0,,,,
Texas,Radiology-Diagnostic R,,Surg-Prelim/Rad Research,2835440P3,,,,,,,1,1,1,1
Texas,Austin,,Dermatology,1793080A0,4,4,4,4,4,4,4,4,4,4
Texas,Austin,Emergency Medicine,Family Medicine,1793120C0,7,7,7,7,7,7,7,7,7,7
Texas,Austin,Emergency Medicine,Internal Medicine,1793140C0,17,17,17,17,17,17,17,17,12,12
Texas,Austin,Emergency Medicine,Medicine-Primary,1793140M0,4,4,4,4,4,4,4,4,4,4
Texas,Austin,Emergency Medicine,Medicine-Preliminary,1793140P0,5,5,5,5,5,5,5,5,5,5
Texas,Austin,Emergency Medicine,Neurological Surgery,1793160C0,1,1,1,1,1,1,1,1,1,1
Texas,Neurology,,Neurology/Ascension,1793180C1,4,4,4,4,4,4,4,4,4,4
Texas,Neurology,,Child Neurology,1793185C0,2,2,2,2,2,2,2,2,1,1
Texas,Neurology,,Obstetrics-Gynecology,1793220C0,5,5,5,5,5,5,5,5,5,5
Texas,Neurology,,Orthopaedic Surgery,1793260C0,4,4,4,4,4,4,4,4,4,4
Texas,Neurology,Pediatrics,Phys Medicine & Rehab,1793340A0,2,2,2,2,2,2,2,2,2,2
Texas,Neurology,Pediatrics,Psychiatry,1793400C0,7,7,12,12,12,12,11,11,9,9
Texas,Neurology,Pediatrics,Radiology-Diagnostic,1793420A0,4,4,4,4,4,4,4,4,4,4
Texas,Neurology,Pediatrics,General Surgery,1793440C0,4,4,4,4,4,4,4,4,4,4
Texas,Neurology,Pediatrics,Surgery-Preliminary,1793440P0,,,,,4,1,4,2,4,3
Texas,Austin,,Dermatology,1793080R0,,,,,,,,,1,1
Texas,Austin,,Internal Med/Distinction,1793140C1,,,,,,,,,5,5
Texas,Austin,Child Neurology,Radiology-Diagnostic,1793420R0,,,,,,,,,4,4
Texas,Waco Family Medicine Institute-TX,Waco,Family Medicine,1735120C0,12,12,12,12,12,12,12,12,12,12
Texas,William Beaumont Army Med Ctr-TX,El Paso,Internal Medicine/El Paso VA,1717140C0,4,1,4,1,4,1,3,1,3,1
Texas,William Beaumont Army Med Ctr-TX,El Paso,Orthopaedic Surgery,1717260C0,,,,,1,1,1,1,1,1
Utah,Community Health Centers Inc-UT,West Valley City,Family Medicine,2434120C0,4,4,4,4,,,,,,
Utah,Intermountain Med Ctr-UT,Murray,General Surgery,1729440C0,2,2,2,2,,,,,,
Utah,Intermountain Med Ctr-UT,Murray,Transitional,1729999P0,8,8,8,8,8,8,8,8,8,8
Utah,McKay-Dee Hospital Ctr-UT,Ogden,Family Medicine,1736120C0,7,7,7,7,7,7,7,7,7,7
Utah,Anesthesiology,,Anesthesiology/Trans,1732040C0,5,5,5,5,5,5,5,5,5,5
Utah,Anesthesiology,,Anesthesiology/IM,1732040C1,5,5,5,5,5,5,5,5,5,5
Utah,Anesthesiology,,Anesthesiology,1732040R0,1,1,2,2,1,1,2,2,1,1
Utah,Anesthesiology,,Dermatology,1732080A0,4,4,3,3,3,3,3,3,3,3
Utah,Anesthesiology,,Dermatology/IM,1732080C0,1,1,1,1,1,1,1,1,1,1
Utah,Anesthesiology,Dermatology,Emergency Medicine,1732110C0,12,12,12,12,12,12,12,12,12,12
Utah,Anesthesiology,Dermatology,Family Medicine,1732120C0,10,10,10,10,9,9,10,10,10,8
Utah,Anesthesiology,Dermatology,Family Med/StARR Research,1732120C1,,,,,1,1,,,,
Utah,Anesthesiology,Dermatology,Internal Medicine,1732140C0,30,30,28,28,29,29,29,29,27,27
Utah,Internal Med/Research,,Internal Med/Intl Partnership,1732140C2,2,2,2,2,4,3,4,2,4,4
Utah,Internal Med/Research,,Internal Med/Med-Geri Pathway,1732140C3,,,,,1,1,1,1,,
Utah,Internal Med/Research,,Internal Medicine/Research-B,1732140C5,,,,,,,,,1,1
Utah,Internal Med/Research,,Internal Med/Primary Care,1732140C6,,,5,4,,,,,,
Utah,Internal Med/Research,,Medicine-Primary,1732140M0,4,4,,,,,,,,
Utah,Internal Med/Research,Medicine-Preliminary,Med-Prelim/Ophthalmology,1732140P1,4,4,4,4,4,4,4,4,4,4
Utah,Internal Med/Research,Medicine-Preliminary,Neurological Surgery,1732160C0,2,2,3,3,3,3,3,3,3,3
Utah,Internal Med/Research,Medicine-Preliminary,Neurology,1732180C0,8,8,8,8,8,8,8,8,8,8
Utah,Internal Med/Research,Medicine-Preliminary,Child Neurology,1732185C0,4,4,4,4,3,3,3,3,3,3
Utah,Internal Med/Research,Medicine-Preliminary,Child Neurology,1732185R0,2,1,1,0,,,,,,
Utah,Obstetrics-Gynecology,,Orthopaedic Surgery,1732260C0,6,6,6,6,6,6,6,6,6,6
Utah,Obstetrics-Gynecology,,Otolaryngology,1732280C0,4,4,4,4,4,4,4,4,3,3
Utah,Obstetrics-Gynecology,,Pathology-AP/CP Comb,1732300C0,5,5,4,4,6,6,3,3,4,4
Utah,Obstetrics-Gynecology,,Pathology-CP only,1732300C1,1,1,1,0,,,,,,
Utah,Obstetrics-Gynecology,,Pathology-AP only,1732300C2,1,1,1,1,,,,,,
Utah,Obstetrics-Gynecology,Pathology-AP/NP Comb,Pathology/Physician Scientist,1732300C4,,,,,,,1,1,1,1
Utah,Obstetrics-Gynecology,Pathology-AP/NP Comb,Pediatrics,1732320C0,23,23,23,23,23,23,23,23,23,23
Utah,Obstetrics-Gynecology,Pathology-AP/NP Comb,Phys Medicine & Rehab,1732340C0,7,7,7,7,7,7,6,6,7,7
Utah,Obstetrics-Gynecology,Pathology-AP/NP Comb,Plastic Surgery (Integrated),1732362C0,4,4,3,3,3,3,3,3,3,3
Utah,Occupational & Environmental Med,,Occupational & Environmental Med/Military,1732382R0,3,2,1,0,,,,,,
Utah,Occupational & Environmental Med,,Occupational & Environmental Med,1732382R1,3,3,3,3,,,,,,
Utah,Occupational & Environmental Med,,Psychiatry,1732400C0,9,9,10,10,9,9,9,9,9,9
Utah,Occupational & Environmental Med,,Psychiatry/Research,1732400C1,2,2,2,2,2,2,2,2,2,2
Utah,Salt Lake City,,Psychiatry/Rural Idaho Track,1732400C2,3,3,3,3,3,3,3,3,3,3
Utah,Salt Lake City,,Psychiatry - ID Combined CAP,1732400C3,1,1,,,,,,,,
Utah,Salt Lake City,Interventional Radiology (Integ),Interventional Radiology (Integ),1732416C0,4,4,,,,,,,,
Utah,Salt Lake City,Interventional Radiology (Integ),Interventional Radiology (Integ),1732416R0,1,1,1,1,,,,,,
Utah,Salt Lake City,Interventional Radiology (Integ),Radiology-Diagnostic,1732420A0,4,4,6,6,6,6,6,6,7,7
Utah,Salt Lake City,Interventional Radiology (Integ),Radiology-Diagnostic,1732420C0,4,4,2,2,2,2,2,2,1,1
Utah,Salt Lake City,Interventional Radiology (Integ),Radiology-Diagnostic,1732420R0,,,,,,,2,2,,
Utah,Radiation Oncology,,Radiation Oncology/Military,1732430R0,,,2,2,,,,,,
Utah,Radiation Oncology,,General Surgery,1732440C0,6,6,6,6,6,6,6,6,6,6
Utah,Radiation Oncology,,Thoracic Surgery,1732461C0,1,1,1,1,1,1,1,1,1,1
Utah,Radiation Oncology,,Medicine-Pediatrics,1732700C0,3,3,3,3,3,3,3,3,3,3
Utah,Radiation Oncology,Peds/Psych/Child Psych,Pediatrics-Medical Genetics,1732765C0,1,1,1,1,1,1,1,1,1,1
Utah,Utah HealthCare Inst/St Marks,Salt Lake City,Family Medicine,1730120C0,4,4,4,4,4,4,4,4,4,4
Utah,Utah Valley Hospital,Provo,Family Medicine,1215120C0,8,8,8,8,8,8,8,8,8,8
Vermont,Univ of Vermont Medical Center,Burlington,Anesthesiology,1734040C0,6,6,6,6,6,6,6,6,6,6
Vermont,Univ of Vermont Medical Center,Burlington,Dermatology,1734080A0,2,2,2,2,2,2,2,2,2,2
Vermont,Univ of Vermont Medical Center,Burlington,Emergency Medicine,1734110C0,6,6,6,6,6,6,6,6,6,6
Vermont,Univ of Vermont Medical Center,Burlington,Family Medicine,1734120C0,7,7,7,7,6,6,6,6,6,6
Vermont,Internal Medicine,,Medicine-Primary,1734140M0,1,1,1,1,3,3,3,3,3,3
Vermont,Internal Medicine,,Medicine-Preliminary,1734140P0,1,1,1,1,1,1,1,1,1,1
Vermont,Internal Medicine,,Medicine-Preliminary/FAP,1734140P2,2,2,2,2,2,2,2,2,2,2
Vermont,Internal Medicine,,Neurological Surgery,1734160C0,1,1,1,1,1,1,1,1,1,1
Vermont,Internal Medicine,,Neurology,1734180C0,5,4,5,5,5,5,5,5,5,5
Vermont,Internal Medicine,Obstetrics-Gynecology,Orthopaedic Surgery,1734260C0,4,4,3,3,3,3,3,3,3,3
Vermont,Internal Medicine,Obstetrics-Gynecology,Otolaryngology,1734280C0,1,1,1,1,1,1,1,1,1,1
Vermont,Internal Medicine,Obstetrics-Gynecology,Pathology,1734300C0,4,4,4,4,4,4,4,4,4,4
Vermont,Internal Medicine,Obstetrics-Gynecology,Pediatrics,1734320C0,7,7,7,5,7,7,7,7,7,7
Vermont,Internal Medicine,Obstetrics-Gynecology,Psychiatry,1734400C0,5,5,4,4,3,3,3,3,3,3
Vermont,Combined Adult/Child Psych,,Interventional Radiology (Integ),1734416A0,2,1,,,,,,,,
Vermont,Combined Adult/Child Psych,,Radiology-Diagnostic,1734420A0,5,5,6,6,6,6,6,6,6,6
Vermont,Combined Adult/Child Psych,,General Surgery,1734440C0,4,4,4,4,4,4,4,4,4,4
Vermont,Combined Adult/Child Psych,,Surgery-Preliminary,1734440P0,4,2,4,3,4,4,1,0,1,1
Virginia,Augusta Health-VA,Fisherville,Internal Medicine,2388140C0,15,15,12,12,10,10,,,,
Virginia,Bon Secours Health System-VA,Midlothian,Family Medicine/St Francis,2530120C0,8,8,8,8,8,8,8,8,8,8
Virginia,Bon Secours Health System-VA,Midlothian,Family Medicine/Blackstone,2530120C1,2,2,2,2,2,2,2,2,2,2
Virginia,Bon Secours Health System-VA,Midlothian,Fam Med/St Francis 3-yr MD Path,2530120C2,,,,,1,1,,,,
Virginia,Roanoke,,Dermatology,1748080A0,2,2,2,2,2,2,2,2,2,2
Virginia,Roanoke,,Dermatology,1748080R1,,,,,,,,,1,1
Virginia,Roanoke,Emergency Medicine,Family Medicine,1748120C0,10,9,10,10,10,9,10,10,10,10
Virginia,Roanoke,Emergency Medicine,Internal Medicine,1748140C0,23,23,23,23,23,23,23,23,21,21
Virginia,Roanoke,Emergency Medicine,Medicine-Preliminary,1748140P0,3,3,3,1,3,3,3,3,3,3
Virginia,Roanoke,Emergency Medicine,Neurological Surgery,1748160C0,2,2,1,1,1,1,1,1,1,1
Virginia,Neurology,,Obstetrics-Gynecology,1748220C0,4,,4,4,4,4,4,4,4,
Virginia,Neurology,,Orthopaedic Surgery,1748260C0,4,4,4,4,4,4,,,,
Virginia,Neurology,,Pediatrics,1748320C0,5,5,6,5,6,4,6,6,6,2
Virginia,Neurology,,Plastic Surgery (Integrated),1748362C0,2,2,2,2,2,2,2,2,2,2
Virginia,Neurology,,Psychiatry,1748400C0,9,9,9,9,8,8,8,8,8,8
Virginia,Neurology,General Surgery,Surgery-Preliminary,1748440P0,4,0,4,0,4,1,4,1,4,4
Virginia,EVMS Old Dominion University-VA,Norfolk,Dermatology,2980080A0,2,2,2,2,2,2,2,2,3,3
Virginia,Emergency Medicine,,Family Medicine,2980120C1,16,15,16,9,16,15,16,13,16,16
Virginia,Emergency Medicine,,Internal Medicine,2980140C0,15,15,14,14,14,14,13,13,13,13
Virginia,Emergency Medicine,,Internal Medicine/Geriatrics,2980140C1,1,1,1,1,1,1,1,1,1,0
Virginia,Emergency Medicine,,Medicine-Preliminary,2980140P0,11,10,11,11,11,11,11,11,11,11
Virginia,Emergency Medicine,,Neurology,2980180C0,4,4,,,,,,,,
Virginia,Emergency Medicine,Obstetrics-Gynecology,Otolaryngology,2980280C0,4,4,4,4,4,4,3,3,3,3
Virginia,Emergency Medicine,Obstetrics-Gynecology,Pediatrics,2980320C0,28,28,28,28,28,24,28,28,28,28
Virginia,Emergency Medicine,Obstetrics-Gynecology,Phys Medicine & Rehab,2980340A0,3,3,3,2,3,3,3,3,3,3
Virginia,Emergency Medicine,Obstetrics-Gynecology,Plastic Surgery (Integrated),2980362C0,2,2,2,2,2,2,1,1,1,1
Virginia,Emergency Medicine,Obstetrics-Gynecology,Psychiatry,2980400C0,8,8,6,6,6,6,6,6,6,6
Virginia,Radiology-Diagnostic,,General Surgery,2980440C0,6,6,6,6,5,5,5,5,5,5
Virginia,Radiology-Diagnostic,,Vascular Surgery,2980451C0,2,2,2,2,1,1,1,1,1,1
Virginia,Norfolk,,Dermatology/Ext Funded,2980080R1,,,,,,,,,1,
Virginia,Norfolk,,Physl Medicine & Rehab,2980340R0,,,,,,,,,3,3
Virginia,Norfolk,,Radiology-Diagnostic,2980420R1,,,,,,,1,1,1,1
Virginia,Richmond,,General Surgery,3045440C0,3,3,3,3,,,,,,
Virginia,Blacksburg,,Dermatology,2192080A0,2,2,2,2,2,2,2,2,2,2
Virginia,Blacksburg,,Family Medicine,2192120C0,6,2,6,0,6,3,6,1,6,6
Virginia,Blacksburg,,Internal Medicine,2192140C0,7,6,7,0,7,1,7,1,7,2
Virginia,Blacksburg,,Transitional/Dermatology,2192999P0,2,2,2,1,2,2,2,1,2,2
Virginia,Inova Fairfax Hospital-VA,Falls Church,Family Medicine,3199120C0,9,9,9,9,9,9,9,9,9,9
Virginia,Inova Fairfax Hospital-VA,Falls Church,Internal Medicine,3199140C0,13,13,13,13,11,11,11,11,11,11
Virginia,Neurological Surgery,,Obstetrics-Gynecology,3199220C0,6,6,6,6,6,6,6,6,6,6
Virginia,Neurological Surgery,,Pediatrics,3199320C0,13,13,13,13,13,12,13,13,13,13
Virginia,Neurological Surgery,,Psychiatry,3199400C0,3,3,,,,,,,,
Virginia,Neurological Surgery,,General Surgery,3199440C0,7,7,7,7,7,7,7,7,7,7
Virginia,Abingdon,,Family Medicine,2178120C0,6,6,6,5,6,6,6,4,5,1
Virginia,Abingdon,,Internal Medicine,2178140C0,6,2,6,1,6,1,6,2,7,3
Virginia,Salem,,Emergency Medicine,2129110C0,6,3,6,3,6,2,8,2,8,4
Virginia,Salem,,Family Medicine,2129120C0,6,5,6,5,8,3,8,4,8,0
Virginia,Salem,,Internal Medicine,2129140C0,15,0,15,5,20,4,20,7,20,5
Virginia,Salem,,Psychiatry,2129400C0,6,3,9,8,8,8,7,7,9,5
Virginia,Liberty Univ COM-VA,Lynchburg,Osteo Neuromusculo Med,2204275C0,3,0,3,1,3,2,2,0,2,0
Virginia,Lynchburg Fam Med Res-VA,Lynchburg,Family Medicine,3065120C0,9,9,9,9,9,7,9,9,9,7
Virginia,Anesthesiology,,Anesthesiology,2347040R0,1,,,,,,,,,
Virginia,Anesthesiology,,Family Medicine,2347120C0,6,2,6,6,6,3,6,5,,
Virginia,Anesthesiology,,Internal Medicine,2347140C0,16,16,15,15,15,15,15,15,,
Virginia,Anesthesiology,,General Surgery,2347440C0,2,2,2,2,2,2,,,,
Virginia,Anesthesiology,,Transitional,2347999P0,12,12,12,9,12,12,,,,
Virginia,Newport News,,Emergency Medicine,1739110C0,9,6,8,8,8,7,8,6,8,8
Virginia,Newport News,,Family Medicine,1739120C0,13,10,13,13,13,12,13,13,13,13
Virginia,Newport News,Internal Medicine,Obstetrics-Gynecology,1739220C0,3,3,3,3,3,3,3,3,3,3
Virginia,Newport News,Internal Medicine,Transitional,1739999P0,12,12,12,12,12,12,12,12,12,12
Virginia,Internal Medicine,,Medicine Preliminary,2497140P0,5,5,,,,,,,,
Virginia,Danville,,Family Medicine,2145120C0,6,1,6,6,6,1,6,5,6,6
Virginia,University of Virginia,Charlottesville,Dermatology,1737080R1,,,,,,,,,1,1
Virginia,University of Virginia,Charlottesville,Child Neurology,1737185R0,,,,,,,1,0,,
Virginia,Charlottesville,,Anesthesiology,1737040A0,2,2,2,2,2,2,2,2,2,2
Virginia,Charlottesville,,Anesthesiology,1737040C0,14,14,14,14,14,14,14,14,12,12
Virginia,Charlottesville,Anesthesiology,Dermatology,1737080A0,4,4,3,3,3,3,3,3,3,3
Virginia,Charlottesville,Anesthesiology,Dermatology,1737080R0,,,1,1,,,,,,
Virginia,Charlottesville,Anesthesiology,Emergency Medicine,1737110C0,12,12,12,12,12,12,12,12,12,12
Virginia,Charlottesville,Anesthesiology,Family Medicine,1737120C0,10,10,10,10,10,10,8,5,8,8
Virginia,Internal Medicine,,Internal Medicine/Research,1737140C2,2,2,,,2,2,1,1,,
Virginia,Internal Medicine,,Medicine-Primary,1737140M0,3,3,3,3,3,3,3,3,3,3
Virginia,Internal Medicine,,Medicine-Preliminary,1737140P0,3,3,3,3,3,3,2,2,3,3
Virginia,Internal Medicine,,Neurological Surgery,1737160C0,3,3,3,3,3,3,3,3,3,3
Virginia,Internal Medicine,,Neurology,1737180C0,7,7,7,7,6,6,6,6,6,6
Virginia,Internal Medicine,Neurology,Child Neurology,1737185C0,2,2,2,1,1,1,1,1,1,1
Virginia,Internal Medicine,Neurology,Obstetrics-Gynecology,1737220C0,5,5,5,5,5,5,5,5,5,5
Virginia,Internal Medicine,Neurology,Orthopaedic Surgery/5 Yr,1737260C0,5,5,5,5,5,5,5,5,5,5
Virginia,Internal Medicine,Neurology,Otolaryngology,1737280C0,3,3,3,3,3,3,3,3,3,3
Virginia,Internal Medicine,Neurology,Pathology-AP/CP,1737300C0,5,5,5,5,5,5,6,6,6,6
Virginia,Pathology-AP/NP,,Pediatrics,1737320C0,13,13,13,13,12,11,11,11,11,11
Virginia,Pathology-AP/NP,,Phys Medicine & Rehab,1737340A0,2,2,2,2,2,2,2,2,2,2
Virginia,Pathology-AP/NP,,Phys Medicine & Rehab,1737340C0,2,2,2,2,2,2,2,2,2,2
Virginia,Pathology-AP/NP,,Plastic Surgery (Integrated),1737362C0,3,3,3,3,2,2,2,2,2,2
Virginia,Pathology-AP/NP,,Psychiatry,1737400C0,11,11,11,11,11,11,10,10,10,10
Virginia,Pathology-AP/NP,Psychiatry/Research,Interventional Radiology (Integ),1737416C0,3,3,3,3,3,3,3,3,2,2
Virginia,Pathology-AP/NP,Psychiatry/Research,Radiology-Diagnostic,1737420A0,10,10,8,8,8,8,8,8,8,8
Virginia,Pathology-AP/NP,Psychiatry/Research,Radiology-Diagnostic/Military,1737420A3,,,1,0,,,,,,
Virginia,University of Virginia Med Ctr,Charlottesville,Radiology-Diagnostic,1737420R0,2,2,,,,,,,,
Virginia,University of Virginia Med Ctr,Charlottesville,Radiation Oncology,1737430A0,,,,,1,1,1,1,2,2
Virginia,General Surgery,,Surgery-Preliminary,1737440P1,6,0,6,3,6,1,5,5,8,2
Virginia,General Surgery,,Surg-Prelim/Rad-Military,1737440P4,,,1,0,,,,,,
Virginia,General Surgery,,Thoracic Surgery,1737461C0,1,1,1,1,1,1,1,1,1,1
Virginia,Winchester,,Family Medicine,1742120C0,6,4,5,5,5,5,5,3,5,4
Virginia,Winchester,,Family Medicine/3-yr MD Path,1742120C1,,,1,1,,,,,,
Virginia,Winchester,,Internal Medicine,1742140C0,6,6,,,,,,,,
Virginia,Richmond,,Anesthesiology,1743040C0,11,11,11,11,9,9,11,11,8,8
Virginia,Richmond,,Anesthesiology/3-yr MD Path,1743040C1,,,,,2,2,,,,
Virginia,Richmond,,Anesthesiology,1743040R0,4,4,4,4,4,4,4,4,4,4
Virginia,Richmond,,Dermatology,1743080A0,2,2,2,2,2,2,2,2,2,2
Virginia,Richmond,,Emergency Medicine,1743110C0,10,10,12,12,12,12,12,9,12,12
Virginia,Richmond,Emergency Medicine/3-yr MD Path,Family Medicine/CMH,1743120C2,4,4,3,1,3,3,,,,
Virginia,Richmond,Emergency Medicine/3-yr MD Path,Internal Medicine,1743140C0,32,32,34,34,32,30,31,31,33,33
Virginia,Richmond,Emergency Medicine/3-yr MD Path,Internal Medicine/Geriatrics,1743140C3,,,,,,,1,1,,
Virginia,Richmond,Emergency Medicine/3-yr MD Path,Internal Medicine/3-yr MD Path,1743140C4,2,2,,,1,1,1,1,,
Virginia,Medicine-Preliminary,,Med-Prelim/Neurology,1743140P1,8,8,7,7,8,8,8,8,8,8
Virginia,Medicine-Preliminary,,Med-Prelim/PM&R,1743140P2,4,4,4,4,2,2,4,4,3,3
Virginia,Medicine-Preliminary,,Med-Prelim/Ophthalmology,1743140P3,4,4,4,4,4,4,4,4,4,4
Virginia,Medicine-Preliminary,,Neurological Surgery,1743160C0,2,2,2,2,2,2,2,2,2,2
Virginia,Medicine-Preliminary,,Neurology,1743180A0,8,8,8,8,8,8,8,8,8,8
Virginia,Medicine-Preliminary,Child Neurology,Obstetrics-Gynecology,1743220C0,7,7,6,6,6,6,6,6,6,6
Virginia,Medicine-Preliminary,Child Neurology,Orthopaedic Surgery,1743260C0,6,6,6,6,5,5,5,5,5,5
Virginia,Medicine-Preliminary,Child Neurology,Otolaryngology,1743280C0,3,3,3,3,3,3,3,3,3,3
Virginia,Medicine-Preliminary,Child Neurology,Pathology/AP-CP,1743300C0,5,5,5,4,5,5,4,4,4,4
Virginia,Medicine-Preliminary,Child Neurology,Pediatrics,1743320C0,17,17,17,17,16,16,17,17,16,16
Virginia,Pediatrics/3-yr MD Path,,Phys Medicine & Rehab,1743340A0,6,6,6,6,6,6,6,6,6,6
Virginia,Pediatrics/3-yr MD Path,,Plastic Surgery (Integrated),1743362C0,2,2,2,2,2,2,2,2,2,2
Virginia,Pediatrics/3-yr MD Path,,Psychiatry,1743400C0,8,8,9,9,10,10,11,11,11,11
Virginia,Pediatrics/3-yr MD Path,,Psychiatry/CAP Fast Trk,1743400C2,2,2,2,2,1,1,,,,
Virginia,Pediatrics/3-yr MD Path,Interventional Radiology (Integ),Radiology-Diagnostic,1743420A0,7,7,6,6,7,7,7,7,7,7
Virginia,Pediatrics/3-yr MD Path,Interventional Radiology (Integ),Radiology-Diagnostic,1743420R0,1,1,,,,,,,,
Virginia,Pediatrics/3-yr MD Path,Interventional Radiology (Integ),Radiation Oncology,1743430A0,1,1,2,1,2,2,2,2,1,1
Virginia,Pediatrics/3-yr MD Path,Interventional Radiology (Integ),Radiation Oncology,1743430R0,1,1,,,,,,,2,2
Virginia,Pediatrics/3-yr MD Path,Interventional Radiology (Integ),Rad Onc/Military Funded,1743430R1,,,,,,,1,0,,
Virginia,General Surgery,,Surgery-Preliminary,1743440P0,7,5,6,0,6,1,6,4,7,7
Virginia,General Surgery,,Vascular Surgery,1743451C0,1,1,1,1,1,1,1,1,,
Virginia,General Surgery,,Medicine-Pediatrics,1743700C0,4,4,4,4,4,4,4,2,4,4
Virginia,General Surgery,,Emergency Med/Internal Med,1743705C0,1,1,2,2,2,2,2,2,2,2
Virginia,General Surgery,,Emer Med/Int Med/3-yr MD Path,1743705C1,1,1,,,,,,,,
Virginia,Big Stone Gap,,Family Medicine,2216120C0,6,1,6,4,6,5,6,4,6,4
Virginia,Big Stone Gap,,Internal Medicine,2216140C0,9,5,9,5,9,4,9,9,9,9
Washington,Central WA Family Med,Yakima,Family Medicine,3059120C0,9,1,9,6,9,9,9,7,9,4
Washington,Central WA Family Med,Yakima,Family Med/Ellensburg Rural,3059120C1,2,0,1,1,1,1,2,2,2,2
Washington,Community Health Care-WA,Tacoma,Family Medicine,1731120C0,6,4,8,1,8,8,8,7,8,3
Washington,Elson S Floyd COM WSU-WA,Spokane,Family Medicine,2276120C0,3,3,3,3,3,3,3,3,,
Washington,Elson S Floyd COM WSU-WA,Spokane,Internal Medicine,2276140C0,14,14,14,14,12,12,12,12,12,12
Washington,Elson S Floyd COM WSU-WA,Spokane,Medicine-Preliminary,2276140P0,4,4,4,4,2,2,2,2,4,4
Washington,Elson S Floyd COM WSU-WA,Spokane,Pediatrics,2276320C0,6,4,6,4,6,4,,,,
Washington,Harrison Med Ctr-WA,Bremerton,Family Medicine,2059120C0,,,,,,,,,8,8
Washington,Richland,,Family Medicine,1721120C0,8,5,8,8,8,6,8,8,8,8
Washington,Seattle,,Family Medicine/Capitol Hill,1811120C0,4,4,4,4,4,4,4,4,4,4
Washington,Seattle,,Family Medicine/Burien,1811120C1,2,2,2,2,2,2,2,2,2,2
Washington,Vancouver,,Internal Medicine,2301140C0,12,11,12,12,12,12,12,12,12,12
Washington,Tacoma,,Family Medicine/Good Samaritan,1574120C0,6,6,6,6,6,4,6,6,6,6
Washington,Tacoma,Family Medicine/Omak Rural,Family Medicine/Tacoma,1574120C2,8,8,8,4,8,8,8,8,,
Washington,PeaceHealth Southwest Med Ctr-WA,Vancouver,Family Medicine,1143120C0,8,5,8,8,8,8,8,8,8,8
Washington,Providence Sacred Heart Med,Spokane,Family Medicine,1758120C0,,,,,10,10,10,6,10,10
Washington,Providence Sacred Heart Med,Spokane,Family Med/Rural,1758120C1,,,,,2,2,2,2,2,2
Washington,Providence Sacred Heart Med,Spokane,Internal Medicine,1758140C0,,,,,10,10,10,10,10,8
Washington,Providence Sacred Heart Med,Spokane,Phys Medicine & Rehab,1758340A0,,,,,6,6,6,6,6,6
Washington,Phys Medicine & Rehab,,Phys Medicine & Rehab,1758340R0,1,1,,,,,,,,
Washington,Phys Medicine & Rehab,,Psychiatry,1758400C0,6,6,4,4,4,4,4,4,4,4
Washington,Phys Medicine & Rehab,,Transitional,1758999P0,,,,,11,11,14,14,18,18
Washington,Olympia,,Family Medicine,3198120C0,7,7,7,7,7,7,7,3,7,7
Washington,Olympia,,Family Medicine/Chehalis,3198120C1,3,1,3,2,3,1,3,3,3,3
Washington,Olympia,,Family Med/Summit Pacific,3198120C2,3,3,3,3,2,1,2,2,2,2
Washington,Tacoma,,Family Medicine,2209120C0,4,2,4,1,4,4,4,4,4,3
Washington,Seattle,,Family Medicine,1912120C0,,,,,12,12,12,12,10,9
Washington,Mount Vernon,,Family Medicine,2159120C0,4,4,4,1,4,3,4,4,4,2
Washington,Mount Vernon,,Internal Medicine,2159140C0,8,8,7,7,7,7,7,7,8,8
Washington,Spokane,,Family Medicine/Somerton,2435120C0,2,2,2,2,,,,,,
Washington,Spokane,,Family Med/Sacred Heart,2435120C1,6,4,6,5,,,,,,
Washington,Spokane,,Family Medicine/Rural,2435120C2,2,0,2,1,,,,,,
Washington,Spokane,,Internal Medicine,2435140C0,10,10,10,10,,,,,,
Washington,St Josephs Hospital-WA,Tacoma,General Surgery,2210440C0,,,,,,,,,2,2
Washington,Swedish Med Ctr-WA,Seattle,Family Med/First Hill,1755120C0,6,6,6,6,6,6,6,6,6,6
Washington,Swedish Med Ctr-WA,Seattle,Family Med/Downtown,1755120C1,3,2,3,3,3,3,3,3,3,3
Washington,Swedish Med Ctr-WA,Seattle,Family Med/Ballard,1755120C2,2,2,2,2,2,2,2,2,2,2
Washington,Swedish Med Ctr-WA (Continued),Seattle,Family Med/Cherry Hill,1755120C3,4,4,4,4,4,4,4,4,4,4
Washington,Swedish Med Ctr-WA (Continued),Seattle,Family Med/SeaMar,1755120C4,2,1,2,2,2,2,2,2,2,0
Washington,Family Med/SIHB,,Family Med/Carolyn Downs,1755120C7,2,0,2,2,2,2,2,2,2,2
Washington,Family Med/SIHB,,Family Med/ID Clinic,1755120C8,2,2,2,2,2,2,2,2,2,2
Washington,Family Med/SIHB,,Family Medicine/Rural,1755120C9,3,3,3,3,3,3,3,3,3,3
Washington,Family Med/SIHB,,Obstetrics-Gynecology,1755220C0,6,6,6,6,6,6,6,6,6,6
Washington,Family Med/SIHB,,General Surgery,1755440C0,5,5,5,5,5,5,5,5,5,5
Washington,Tacoma Family Med-WA,Tacoma,Family Medicine,3086120C0,,,,,,,,,8,8
Washington,Trios Health-WA,Kennewick,Family Medicine,2167120C0,4,2,4,3,4,1,4,4,4,1
Washington,Trios Health-WA,Kennewick,Internal Medicine,2167140C0,5,3,5,5,5,5,5,0,6,3
Washington,U Washington Affil Hosps,Seattle,Anesthesiology,1918040A0,1,1,1,1,1,1,1,1,1,1
Washington,U Washington Affil Hosps,Seattle,Anesthesiology/Clin Base Yr,1918040C0,23,23,25,25,24,24,22,22,24,24
Washington,U Washington Affil Hosps,Seattle,Anesthesiology/Crit Care Comb,1918040C1,1,1,,,,,2,2,1,1
Washington,U Washington Affil Hosps,Seattle,Anesthesiology/Bonica Scholar,1918040C2,2,2,1,1,2,2,2,2,1,1
Washington,Anesthesiology,,Dermatology,1918080A0,5,,4,4,4,4,5,5,4,
Washington,Anesthesiology,,Dermatology,1918080R0,,,1,1,,,,,1,1
Washington,Anesthesiology,,Emergency Medicine,1918110C0,18,18,18,18,18,18,17,17,13,13
Washington,Anesthesiology,,Family Medicine,1918120C0,6,6,6,4,6,6,6,6,6,6
Washington,Anesthesiology,,Family Med/Harborview,1918120C1,2,2,2,2,2,2,2,2,2,2
Washington,Anesthesiology,Family Medicine/Chelan Rural,Internal Medicine,1918140C0,37,37,37,37,38,38,39,39,41,41
Washington,Anesthesiology,Family Medicine/Chelan Rural,Int Med/Phys/Sci Research,1918140C3,2,2,2,2,1,1,,,,
Washington,Anesthesiology,Family Medicine/Chelan Rural,Medicine-Primary,1918140M0,13,13,13,13,13,13,13,13,11,11
Washington,Anesthesiology,Family Medicine/Chelan Rural,Med-Prelim/Ophthalmology,1918140P2,,,,,,,5,5,5,5
Washington,Anesthesiology,Family Medicine/Chelan Rural,Neurological Surgery,1918160C0,4,4,4,4,4,4,3,3,3,3
Washington,Neurology,,Child Neurology,1918185C0,4,4,4,4,4,4,3,3,3,3
Washington,Neurology,,Child Neurology,1918185R0,1,1,,,,,2,0,,
Washington,Neurology,,Obstetrics-Gynecology,1918220C0,6,6,7,7,7,7,7,7,7,7
Washington,Neurology,,Obstetrics-Gynecology/Research,1918220C1,1,1,,,,,,,,
Washington,Neurology,,Orthopaedic Surgery,1918260C0,8,8,8,8,8,8,8,8,8,8
Washington,Neurology,Otolaryngology,Oto + 2 yrs research,1918280C1,,,,,,,1,1,1,1
Washington,Neurology,Otolaryngology,Pathology-AP & CP,1918300C0,5,5,6,6,5,5,5,5,5,5
Washington,Neurology,Otolaryngology,Pathology-AP only,1918300C1,1,1,1,1,1,1,1,1,1,1
Washington,Neurology,Otolaryngology,Pathology-CP only,1918300C2,1,1,,,1,1,1,1,1,0
Washington,Pathology-AP & NP,,Pediatrics,1918320C0,33,33,31,31,34,34,34,34,31,31
Washington,Pathology-AP & NP,,Pediatrics/Alaska,1918320C1,4,4,4,4,4,4,4,4,4,4
Washington,Pathology-AP & NP,,Pediatrics/Research,1918320C2,1,1,2,2,,,,,2,2
Washington,Pathology-AP & NP,,Pediatrics/Health Equity,1918320C3,4,4,4,4,4,4,4,4,4,4
Washington,Pathology-AP & NP,,Phys Medicine & Rehab,1918340A0,8,8,5,5,5,5,8,8,5,5
Washington,Seattle,,Phys Medicine & Rehab,1918340C0,3,3,3,3,3,3,3,3,3,3
Washington,Seattle,,Plastic Surgery (Integrated),1918362C0,5,5,5,5,5,5,5,5,5,5
Washington,Seattle,Occupational & Environmental Med,Occupational & Environmental Med,1918382R0,2,2,,,,,,,,
Washington,Seattle,Occupational & Environmental Med,Psychiatry,1918400C0,17,17,18,18,16,16,12,12,12,12
Washington,Seattle,Occupational & Environmental Med,Psychiatry/Research,1918400C4,2,2,1,1,3,3,4,4,4,4
Washington,Seattle,Occupational & Environmental Med,Psychiatry/UW Montana,1918400C5,,,,,,,3,3,3,3
Washington,Seattle,Occupational & Environmental Med,Interventional Radiology (Integ),1918416A0,4,4,4,4,3,3,3,3,3,3
Washington,Interventional Radiology (Integ),,Radiology-Diagnostic,1918420A0,12,12,12,12,10,10,10,10,10,10
Washington,Interventional Radiology (Integ),,Radiology-Diagnostic,1918420R1,,,2,1,,,1,1,,
Washington,Interventional Radiology (Integ),,Radiation Oncology,1918430A0,2,2,2,2,3,3,3,3,2,2
Washington,Interventional Radiology (Integ),,General Surgery,1918440C0,4,4,4,4,3,3,3,3,3,3
Washington,Interventional Radiology (Integ),General Surgery/Research,Surgery-Preliminary/2 yr,1918440P0,,,3,2,3,2,2,1,3,1
Washington,Interventional Radiology (Integ),General Surgery/Research,Surgery-Preliminary/1 yr,1918440P3,14,4,12,6,12,5,13,12,13,6
Washington,Interventional Radiology (Integ),General Surgery/Research,Vascular Surgery,1918451C0,2,2,2,2,2,2,2,2,2,2
Washington,Interventional Radiology (Integ),General Surgery/Research,Thoracic Surgery,1918461C0,1,1,1,1,1,1,1,1,1,1
Washington,Interventional Radiology (Integ),General Surgery/Research,Pediatrics-Medical Genetics,1918765C0,,,1,1,,,,,1,1
Washington,Valley Med Ctr-WA,Renton,Family Medicine,3132120C0,8,8,8,8,8,6,8,8,8,8
Washington,Virginia Mason Franciscan Health-WA,Seattle,Anesthesiology,1756040A0,3,3,3,3,3,3,3,3,3,3
Washington,Virginia Mason Franciscan Health-WA,Seattle,Anesthesiology,1756040C0,6,6,6,6,6,6,6,6,6,6
Washington,Virginia Mason Franciscan Health-WA,Seattle,Family Medicine,1756120C0,8,8,8,8,8,8,8,8,,
Washington,Virginia Mason Franciscan Health-WA,Seattle,Internal Medicine,1756140C0,6,6,8,8,6,6,6,6,6,6
Washington,Virginia Mason Franciscan Health-WA,Seattle,Internal Medicine/St Josephs,1756140C1,13,13,13,13,13,13,13,13,,
Washington,Medicine-Primary,,Medicine-Preliminary,1756140P0,4,4,4,4,4,4,4,4,3,3
Washington,Medicine-Primary,,Radiology-Diagnostic,1756420A0,1,1,1,1,1,1,1,1,1,1
Washington,Medicine-Primary,,Radiology-Diagnostic,1756420C0,2,2,2,2,2,2,2,2,2,2
Washington,Medicine-Primary,,General Surgery,1756440C0,5,5,5,5,5,5,5,5,5,5
Washington,Medicine-Primary,,General Surgery/St Josephs,1756440C1,2,2,2,2,2,2,2,2,,
Washington,Medicine-Primary,Surgery-Preliminary,Transitional,1756999P0,5,5,5,5,5,5,5,5,5,5
Washington,Yakima Valley Farm Workers Clinic-WA,Toppenish,Family Medicine,2168120C0,4,0,4,1,4,1,4,0,4,1
West Virginia,AccessHealth-WV,Beckley,Family Medicine,2304120C0,4,1,4,4,4,2,4,4,4,2
West Virginia,Charleston Area Med Ctr-WV,Charleston,Emergency Medicine,1902110C0,6,6,6,6,6,3,6,3,6,5
West Virginia,Charleston Area Med Ctr-WV,Charleston,Family Medicine,1902120C0,3,2,4,1,6,4,3,0,2,2
West Virginia,Charleston Area Med Ctr-WV,Charleston,Family Medicine/GVMC,1902120C1,4,3,5,1,5,3,5,5,,
West Virginia,Internal Medicine,,Medicine-Preliminary,1902140P0,,,1,1,2,2,2,2,5,3
West Virginia,Internal Medicine,,Neurology,1902180A0,,,,,1,1,3,2,,
West Virginia,Internal Medicine,,Neurology,1902180C0,4,4,3,3,3,3,2,2,,
West Virginia,Internal Medicine,,Obstetrics-Gynecology,1902220C0,3,3,3,3,3,3,3,3,3,3
West Virginia,Internal Medicine,,Osteo Neuromusculo Med,1902275C0,3,1,3,3,2,2,3,1,,
West Virginia,Internal Medicine,Pediatrics,Psychiatry,1902400C0,6,6,6,6,6,6,6,5,4,4
West Virginia,Internal Medicine,Pediatrics,General Surgery,1902440C0,6,6,6,6,6,6,4,4,4,4
West Virginia,Internal Medicine,Pediatrics,Surgery-Preliminary,1902440P0,1,1,1,0,1,0,2,2,2,0
West Virginia,Internal Medicine,Pediatrics,Vascular Surgery,1902451C0,1,1,1,1,1,1,1,1,1,1
West Virginia,Ronceverte,,Family Medicine,2305120C0,,,,,,,,,4,1
West Virginia,Ronceverte,,Osteo Neuromusculo Med,2305275C0,,,,,,,,,3,3
West Virginia,Huntington,,Family Medicine,2191120C0,4,4,4,4,4,4,4,2,4,3
West Virginia,Huntington,,Internal Medicine/Rural,2191140C0,4,4,4,4,,,,,,
West Virginia,Huntington,,Psychiatry/Rural,2191400C0,4,2,4,4,,,,,,
West Virginia,Marshall University SOM-WV,Huntington,Anesthesiology,3066040C0,4,4,,,,,,,,
West Virginia,Marshall University SOM-WV,Huntington,Family Medicine,3066120C0,8,8,8,4,8,6,8,5,8,8
West Virginia,Internal Medicine,,Medicine-Preliminary,3066140P0,9,4,9,9,9,3,9,9,9,6
West Virginia,Internal Medicine,,Neurology,3066180C0,5,5,5,5,5,5,4,4,4,4
West Virginia,Internal Medicine,,Obstetrics-Gynecology,3066220C0,4,4,4,4,3,2,3,3,3,3
West Virginia,Internal Medicine,,Orthopaedic Surgery,3066260C0,4,4,4,4,4,4,4,4,3,3
West Virginia,Internal Medicine,,Pediatrics,3066320C0,7,7,7,7,7,5,7,7,6,5
West Virginia,Internal Medicine,Psychiatry,General Surgery,3066440C0,4,4,4,4,4,4,4,4,4,4
West Virginia,Internal Medicine,Psychiatry,Surgery-Preliminary,3066440P0,3,3,3,3,3,1,3,2,3,0
West Virginia,Internal Medicine,Psychiatry,Medicine-Pediatrics,3066700C0,4,4,2,2,2,2,2,2,2,2
West Virginia,United Hospital Ctr-WV,Bridgeport,Family Medicine,2985120C0,6,2,8,6,6,6,6,4,7,7
West Virginia,West Virginia University SOM,Morgantown,Anesthesiology,1837040C0,9,9,9,9,9,9,9,9,9,9
West Virginia,West Virginia University SOM,Morgantown,Anesthesiology,1837040R0,2,2,,,1,1,,,,
West Virginia,Dermatology,,Dermatology,1837080R1,,,,,2,2,,,,
West Virginia,Dermatology,,Emergency Medicine,1837110C0,8,8,7,7,7,7,10,10,10,10
West Virginia,Dermatology,,Family Medicine,1837120C0,,,,,2,2,2,1,1,1
West Virginia,Dermatology,,Family Med/Harpers Ferry,1837120C1,3,2,4,2,,,5,2,5,2
West Virginia,Dermatology,,Internal Medicine,1837140C0,25,25,22,22,25,25,22,22,22,22
West Virginia,Dermatology,Internal Med/Funded Intl,Internal Med/Camden Clark,1837140C2,6,6,5,5,6,6,6,6,6,6
West Virginia,Dermatology,Internal Med/Funded Intl,Internal Med/Berkeley Med Ctr,1837140C3,6,6,6,6,,,,,,
West Virginia,Dermatology,Internal Med/Funded Intl,Neurological Surgery,1837160C0,2,2,2,2,2,2,1,1,1,1
West Virginia,Dermatology,Internal Med/Funded Intl,Neurology,1837180C0,6,6,6,2,7,7,8,8,8,8
West Virginia,Neurology - Neurology R,,Obstetrics-Gynecology,1837220C0,3,3,3,3,2,2,3,3,3,3
West Virginia,Neurology - Neurology R,,Orthopaedic Surgery,1837260C0,4,4,3,3,3,3,3,3,3,3
West Virginia,Neurology - Neurology R,,Ortho Surgery/Research,1837260C1,1,1,1,1,1,1,1,1,1,1
West Virginia,Neurology - Neurology R,,Otolaryngology,1837280C0,4,4,3,3,3,3,3,3,3,3
West Virginia,Neurology - Neurology R,,Pathology,1837300C0,1,1,5,5,1,1,4,4,3,3
West Virginia,Neurology - Neurology R,Pediatrics,Phys Medicine & Rehab,1837340C0,2,2,2,2,,,,,,
West Virginia,Neurology - Neurology R,Pediatrics,Plastic Surgery (Integrated),1837362C0,1,1,1,1,1,1,1,1,1,1
West Virginia,Neurology - Neurology R,Pediatrics,Psychiatry,1837400C0,7,7,7,7,8,8,9,9,9,9
West Virginia,Neurology - Neurology R,Pediatrics,Psychiatry/Funded Intl,1837400C1,1,1,,,1,1,1,1,1,1
West Virginia,Neurology - Neurology R,Pediatrics,Psychiatry/Rural,1837400C2,2,2,1,1,1,1,,,,
West Virginia,Radiology-Diagnostic,,Radiology-Diagnostic,1837420R0,1,1,,,1,1,,,,
West Virginia,Radiology-Diagnostic,,Radiation Oncology,1837430A0,1,1,1,1,1,1,1,0,1,0
West Virginia,Radiology-Diagnostic,,General Surgery,1837440C0,5,5,5,5,5,5,5,5,5,5
West Virginia,Radiology-Diagnostic,,Surgery-Preliminary,1837440P1,4,4,3,1,3,3,4,1,3,0
West Virginia,Radiology-Diagnostic,,Surg-Prelim/Everest,1837440P2,1,1,1,1,,,,,,
West Virginia,Radiology-Diagnostic,Surg-Prelim/Radiology,Medicine-Pediatrics,1837700C0,3,3,4,4,3,3,4,3,3,3
West Virginia,Radiology-Diagnostic,Surg-Prelim/Radiology,Transitional,1837999P0,4,4,4,4,5,5,13,13,12,12
West Virginia,Radiology-Diagnostic,Surg-Prelim/Radiology,Trans/Radiology,1837999P1,3,3,3,3,3,3,,,,
West Virginia,Radiology-Diagnostic,Surg-Prelim/Radiology,Trans/Dermatology,1837999P2,2,2,2,2,1,1,,,1,1
West Virginia,Wheeling,,Family Medicine,1770120C0,5,5,5,3,6,5,8,8,8,8
Wisconsin,Aurora Health Care/ASMC-WI,Milwaukee,Family Med/Lakeland,1787120C1,4,3,4,1,4,3,4,3,4,3
Wisconsin,Aurora Health Care/ASMC-WI,Milwaukee,Internal Medicine,1787140C0,13,13,13,13,13,13,15,15,13,13
Wisconsin,Aurora Health Care/ASMC-WI,Milwaukee,Medicine-Primary,1787140M0,2,2,2,2,2,2,,,,
Wisconsin,Millwaukee,,Family Medicine,1789120C0,12,12,12,12,12,9,12,8,12,12
Wisconsin,Millwaukee,,Interventional Radiology (Integ),1789416C0,1,1,1,1,1,1,1,1,1,1
Wisconsin,Millwaukee,,Radiology-Diagnostic,1789420C0,4,4,4,4,4,4,4,4,4,4
Wisconsin,Gundersen Lutheran Med Fdn-WI,La Crosse,Family Medicine,1774120C0,6,6,6,6,6,6,6,6,6,6
Wisconsin,Gundersen Lutheran Med Fdn-WI,La Crosse,Internal Medicine,1774140C0,8,8,8,8,8,6,8,8,8,8
Wisconsin,General Surgery,,Transitional,1774999P0,12,12,12,12,12,12,12,12,12,12
Wisconsin,Marshfield,,Dermatology,1780080A1,,,,,2,2,2,2,2,2
Wisconsin,Marshfield,Dermatology,Internal Medicine,1780140C0,12,12,12,12,9,9,10,10,10,10
Wisconsin,Marshfield,Dermatology,Pediatrics,1780320C0,6,6,6,6,6,6,6,6,6,6
Wisconsin,Marshfield,Dermatology,General Surgery,1780440C0,3,3,3,3,3,3,3,3,3,3
Wisconsin,Marshfield,Dermatology,Medicine-Pediatrics,1780700C0,2,2,2,2,2,2,2,2,2,2
Wisconsin,Med Coll Wisconsin Affil Hosps,Milwaukee,Anesthesiology,1784040C0,19,19,19,19,19,19,19,19,19,19
Wisconsin,Med Coll Wisconsin Affil Hosps,Milwaukee,Anesthesiology,1784040R0,2,2,2,2,2,2,2,2,2,2
Wisconsin,Med Coll Wisconsin Affil Hosps,Milwaukee,Dermatology,1784080A0,5,5,5,5,5,5,5,5,5,5
Wisconsin,Emergency Medicine,,Family Med/All Saints,1784120C1,,,,,,,,,6,
Wisconsin,Emergency Medicine,,Fam Med/Columbia-St Marys,1784120C2,,,,,,,,,8,8
Wisconsin,Emergency Medicine,,Family Med/Fox Valley,1784120C4,,,,,,,,,7,7
Wisconsin,Emergency Medicine,,Family Medicine/Menomee Falls,1784120C5,6,5,6,6,6,4,6,2,6,6
Wisconsin,Emergency Medicine,,Fam Med/South Side,1784120C6,6,3,6,4,6,6,6,6,,
Wisconsin,Emergency Medicine,Milwaukee/Osteopathic,Fam Med/North Side Milwaukee,1784120C7,10,10,10,4,14,14,14,14,,
Wisconsin,Emergency Medicine,Milwaukee/Osteopathic,Internal Medicine,1784140C0,25,25,25,25,25,25,27,27,26,26
Wisconsin,Emergency Medicine,Milwaukee/Osteopathic,Internal Medicine/Geriatrics,1784140C1,1,1,1,1,2,2,2,2,1,1
Wisconsin,Int Med/Research Path,,Internal Medicine/ThedaCare,1784140C3,15,15,,,,,,,,
Wisconsin,Int Med/Research Path,,Medicine-Primary,1784140M0,3,3,1,1,1,1,1,1,1,1
Wisconsin,Int Med/Research Path,,Medicine-Preliminary,1784140P0,12,12,10,10,14,14,11,11,10,10
Wisconsin,Int Med/Research Path,,Neurological Surgery,1784160C0,3,3,2,2,2,2,3,3,2,2
Wisconsin,Int Med/Research Path,Neurology,Child Neurology,1784185C0,2,2,2,2,2,2,2,1,2,2
Wisconsin,Int Med/Research Path,Neurology,Obstetrics-Gynecology,1784220C0,6,6,5,5,5,5,5,5,9,9
Wisconsin,Int Med/Research Path,Neurology,Orthopaedic Surgery,1784260C0,5,5,5,5,5,5,5,5,5,5
Wisconsin,Int Med/Research Path,Neurology,Otolaryngology,1784280C0,4,4,4,4,3,3,4,4,3,3
Wisconsin,Int Med/Research Path,Neurology,Pathology,1784300C0,4,4,4,4,5,5,4,4,4,4
Wisconsin,Pediatrics,,Pediatrics-Preliminary,1784320P0,1,1,1,1,1,1,1,1,1,1
Wisconsin,Pediatrics,,Phys Medicine & Rehab,1784340A0,6,6,6,6,6,6,6,6,6,6
Wisconsin,Pediatrics,,Plastic Surgery (Integrated),1784362C0,2,2,3,3,2,2,3,3,2,2
Wisconsin,Pediatrics,,Psychiatry/Milwaukee,1784400C0,8,8,8,8,8,8,8,8,8,8
Wisconsin,Pediatrics,,Psychiatry/Northeastern WI,1784400C1,4,4,4,4,4,4,4,4,4,4
Wisconsin,Pediatrics,Psychiatry/Central WI,Interventional Radiology (Integ),1784416C0,2,2,2,2,2,2,2,2,2,2
Wisconsin,Med Coll Wisconsin Affil Hosps,Milwaukee,Radiology-Diagnostic,1784420A0,7,7,7,7,7,7,7,7,7,7
Wisconsin,Med Coll Wisconsin Affil Hosps,Milwaukee,Radiology-Diagnostic,1784420R0,,,,,,,1,1,,
Wisconsin,Radiology-Diagnostic/Military,,Radiation Oncology,1784430A0,2,2,2,2,2,2,2,2,2,2
Wisconsin,Radiology-Diagnostic/Military,,General Surgery,1784440C0,7,7,8,8,7,7,7,7,7,7
Wisconsin,Radiology-Diagnostic/Military,,General Surgery/Rural,1784440C1,1,1,1,1,1,1,1,1,1,1
Wisconsin,Radiology-Diagnostic/Military,,General Surgery/Military,1784440C2,1,1,,,,,,,,
Wisconsin,Radiology-Diagnostic/Military,,Surgery-Preliminary,1784440P0,1,1,1,0,,,3,1,3,1
Wisconsin,Radiology-Diagnostic/Military,Medicine-Pediatrics,Medicine-Psychiatry,1784715C0,2,2,2,0,2,2,2,2,,
Wisconsin,Radiology-Diagnostic/Military,Medicine-Pediatrics,Pediatrics-Anesthesiology,1784726C0,1,1,1,1,1,1,1,1,1,1
Wisconsin,Radiology-Diagnostic/Military,Medicine-Pediatrics,Transitional/St Joseph,1784999P0,14,14,14,14,14,14,14,14,14,14
Wisconsin,Mercy Health System-WI,Janesville,Family Medicine,3722120C0,7,7,7,2,7,7,7,5,7,6
Wisconsin,Mercy Health System-WI,Janesville,Family Medicine/Rural,3722120C1,2,2,2,2,2,2,2,2,,
Wisconsin,Madison,,Anesthesiology,1779040A0,,,,,,,1,1,1,1
Wisconsin,Madison,Anesthesiology,Anesthesiology,1779040R0,,,,,1,1,,,1,
Wisconsin,Madison,Anesthesiology,Dermatology,1779080A0,5,5,5,5,5,5,5,5,5,5
Wisconsin,Madison,Anesthesiology,Dermatology,1779080R0,,,,,,,,,1,1
Wisconsin,Madison,Anesthesiology,Emergency Medicine,1779110C0,13,13,13,13,13,13,13,13,13,13
Wisconsin,Madison,Anesthesiology,Internal Medicine,1779140C0,32,32,28,28,29,29,30,30,29,29
Wisconsin,Internal Medicine/PSTP-HemOnc,,Medicine-Primary,1779140M0,4,4,4,4,4,4,4,4,3,3
Wisconsin,Internal Medicine/PSTP-HemOnc,,Med-Prelim/Radiation Onc,1779140P1,1,1,1,1,1,1,1,1,1,1
Wisconsin,Internal Medicine/PSTP-HemOnc,,Med-Prelim/Radiology,1779140P2,2,2,2,2,2,2,2,2,2,2
Wisconsin,Internal Medicine/PSTP-HemOnc,,Med-Prelim/Ophthalmology,1779140P3,,,,,,,3,3,3,3
Wisconsin,Internal Medicine/PSTP-HemOnc,,Neurological Surgery,1779160C0,3,3,2,2,3,3,2,2,2,2
Wisconsin,Internal Medicine/PSTP-HemOnc,Neurology,Child Neurology,1779185C0,1,1,1,0,1,1,1,1,1,0
Wisconsin,Internal Medicine/PSTP-HemOnc,Neurology,Obstetrics-Gynecology,1779220C0,7,7,7,7,6,6,6,6,6,6
Wisconsin,Internal Medicine/PSTP-HemOnc,Neurology,Obstetrics-Gynecology/Rural,1779220C1,1,1,1,1,1,1,1,1,1,1
Wisconsin,Internal Medicine/PSTP-HemOnc,Neurology,Orthopaedic Surgery,1779260C0,7,7,6,6,6,6,6,6,6,6
Wisconsin,Internal Medicine/PSTP-HemOnc,Neurology,Otolaryngology,1779280C0,4,4,4,4,4,4,3,3,3,3
Wisconsin,Pathology/AP and CP,,Pathology/AP-only or CP-only,1779300C1,1,1,1,0,1,1,1,1,1,0
Wisconsin,Pathology/AP and CP,,Pediatrics,1779320C0,15,15,15,15,16,15,15,15,15,15
Wisconsin,Pathology/AP and CP,,Pediatrics-Preliminary,1779320P1,,,1,1,,,,,,
Wisconsin,Pathology/AP and CP,,Phys Medicine & Rehab,1779340A0,4,4,4,4,4,4,3,3,3,3
Wisconsin,Pathology/AP and CP,Plastic Surgery (Integrated),Public Health & Preventive Med/2yr-MPH,1779380R0,,,2,2,,,,,,
Wisconsin,Available,,Psychiatry,1779400C0,10,7,10,10,10,10,10,10,10,10
Wisconsin,Available,Interventional Radiology (Integ),Radiology-Diagnostic,1779420A0,11,11,11,11,8,8,8,8,8,8
Wisconsin,U Wisconsin Hospital and Clinics,Madison,Radiation Oncology,1779430A0,3,3,2,2,2,2,2,1,1,1
Wisconsin,U Wisconsin Hospital and Clinics,Madison,General Surgery/Academic,1779440C0,6,6,6,6,6,6,6,6,6,6
Wisconsin,General Surgery/Community,,Surgery-Preliminary,1779440P3,7,0,6,1,7,0,7,1,6,0
Wisconsin,General Surgery/Community,,Surg-Prelim/Radiology,1779440P4,,,2,2,,,1,1,1,1
Wisconsin,General Surgery/Community,,Surg-Prelim/Int Radiology,1779440P5,1,1,,,1,1,,,1,1
Wisconsin,General Surgery/Community,,Vascular Surgery,1779451C0,1,1,1,1,1,1,1,1,1,1
Wisconsin,Madison,,Family Med/Madison,3001120C0,16,16,16,16,16,16,16,16,16,16
Wisconsin,Madison,,Family Med/Baraboo,3001120C1,2,0,2,0,2,1,2,2,2,0
Wisconsin,Madison,,Family Med/Monroe,3001120C8,4,2,3,2,3,3,,,,
Wisconsin,Wausau,,Family Medicine/Prevea-Eau Claire,2262120C0,,,,,,,5,5,5,5
Wisconsin,Wausau,,Family Medicine/Prevea-EC-Augusta,2262120C1,,,,,,,,,1,1
Wisconsin,Wausau,,Family Medicine/Aspirus-Wausau,2262120C2,4,3,5,5,4,4,4,4,4,3
Wisconsin,Wausau,,Fam Med/MCW-Prevea-Green Bay,2262120C3,6,6,6,6,6,5,6,6,4,4
Wisconsin,Wausau,Fam Med/MCW-Fox Vly-Appleton,Psychiatry/MCW-Wausau,2262400C0,2,1,3,3,3,3,3,3,,
Wyoming,Univ of Wyoming-Casper,Casper,Family Medicine,3089120C0,8,7,8,4,8,8,8,4,8,8
Wyoming,Univ of Wyoming-Casper,Casper,Family Medicine/Rural,3089120C1,1,1,1,1,1,1,1,1,1,1
